municipalidad,anio_semestre,tipo_compra,TamanoProveedor,monto_neto_clp,n_items,n_ordenes,n_proveedores
Cerrillos,2015-1,convenio_marco,Grande,69025841,547,85,17
Cerrillos,2015-1,convenio_marco,Mediana,74459396,751,101,26
Cerrillos,2015-1,convenio_marco,Micro,51246976,201,97,38
Cerrillos,2015-1,convenio_marco,Pequeña,30618380,110,64,39
Cerrillos,2015-1,licitacion,Grande,126190411,202,73,22
Cerrillos,2015-1,licitacion,Mediana,14698921,59,24,14
Cerrillos,2015-1,licitacion,Micro,152350589,325,146,88
Cerrillos,2015-1,licitacion,Pequeña,118048354,541,118,55
Cerrillos,2015-1,trato_directo,Grande,7409555,18,13,8
Cerrillos,2015-1,trato_directo,Mediana,9663213,4,4,4
Cerrillos,2015-1,trato_directo,Micro,121555019,63,35,27
Cerrillos,2015-1,trato_directo,Pequeña,72245526,14,12,12
Cerrillos,2015-2,convenio_marco,Grande,301015064,1573,280,28
Cerrillos,2015-2,convenio_marco,Mediana,53051275,375,95,29
Cerrillos,2015-2,convenio_marco,Micro,105053829,348,146,54
Cerrillos,2015-2,convenio_marco,Pequeña,63487631,292,96,45
Cerrillos,2015-2,licitacion,Grande,96735377,81,35,15
Cerrillos,2015-2,licitacion,Mediana,9609114,62,29,11
Cerrillos,2015-2,licitacion,Micro,232562687,410,154,100
Cerrillos,2015-2,licitacion,Pequeña,109549881,273,111,42
Cerrillos,2015-2,trato_directo,Grande,20650363,14,10,7
Cerrillos,2015-2,trato_directo,Mediana,6750566,13,2,2
Cerrillos,2015-2,trato_directo,Micro,117168829,44,32,18
Cerrillos,2015-2,trato_directo,NoClasificado,831000,1,1,1
Cerrillos,2015-2,trato_directo,Pequeña,17161799,55,15,13
Cerrillos,2016-1,convenio_marco,Grande,258474271,1119,153,21
Cerrillos,2016-1,convenio_marco,Mediana,108677668,207,66,19
Cerrillos,2016-1,convenio_marco,Micro,91718302,245,123,36
Cerrillos,2016-1,convenio_marco,Pequeña,146441303,197,94,42
Cerrillos,2016-1,licitacion,Grande,118388608,65,38,14
Cerrillos,2016-1,licitacion,Mediana,19420899,39,22,9
Cerrillos,2016-1,licitacion,Micro,311635114,223,98,60
Cerrillos,2016-1,licitacion,NoClasificado,210084,1,1,1
Cerrillos,2016-1,licitacion,Pequeña,73917203,233,89,32
Cerrillos,2016-1,trato_directo,Grande,10978725,9,9,3
Cerrillos,2016-1,trato_directo,Mediana,135520,1,1,1
Cerrillos,2016-1,trato_directo,Micro,30258785,19,13,12
Cerrillos,2016-1,trato_directo,Pequeña,19335449,8,7,5
Cerrillos,2016-2,convenio_marco,Grande,291808321,942,167,28
Cerrillos,2016-2,convenio_marco,Mediana,52398525,388,68,19
Cerrillos,2016-2,convenio_marco,Micro,147789707,311,154,66
Cerrillos,2016-2,convenio_marco,Pequeña,82644282,254,88,49
Cerrillos,2016-2,licitacion,Grande,82298343,34,15,6
Cerrillos,2016-2,licitacion,Mediana,166781880,14,5,3
Cerrillos,2016-2,licitacion,Micro,490996139,138,71,42
Cerrillos,2016-2,licitacion,NoClasificado,1092437,6,6,1
Cerrillos,2016-2,licitacion,Pequeña,196445293,361,76,39
Cerrillos,2016-2,trato_directo,Grande,4882016,8,8,5
Cerrillos,2016-2,trato_directo,Mediana,21551835,13,9,5
Cerrillos,2016-2,trato_directo,Micro,18227653,14,11,9
Cerrillos,2016-2,trato_directo,Pequeña,8613685,4,4,4
Cerrillos,2017-1,convenio_marco,Grande,162385584,844,146,24
Cerrillos,2017-1,convenio_marco,Mediana,19321614,130,50,20
Cerrillos,2017-1,convenio_marco,Micro,104570985,139,75,39
Cerrillos,2017-1,convenio_marco,Pequeña,48892117,37,30,26
Cerrillos,2017-1,licitacion,Grande,98633318,212,61,24
Cerrillos,2017-1,licitacion,Mediana,2292570319,77,25,11
Cerrillos,2017-1,licitacion,Micro,241458404,173,92,49
Cerrillos,2017-1,licitacion,NoClasificado,630252,3,3,1
Cerrillos,2017-1,licitacion,Pequeña,343199535,298,111,45
Cerrillos,2017-1,trato_directo,Grande,46374787,21,10,10
Cerrillos,2017-1,trato_directo,Mediana,4296638,46,8,6
Cerrillos,2017-1,trato_directo,Micro,35397159,20,20,13
Cerrillos,2017-1,trato_directo,Pequeña,4891008,4,3,2
Cerrillos,2017-2,convenio_marco,Grande,61994489,836,148,21
Cerrillos,2017-2,convenio_marco,Mediana,67043652,200,41,10
Cerrillos,2017-2,convenio_marco,Micro,128075093,220,107,40
Cerrillos,2017-2,convenio_marco,Pequeña,27177346,76,40,25
Cerrillos,2017-2,licitacion,Grande,140600401,214,43,21
Cerrillos,2017-2,licitacion,Mediana,58383488,31,16,10
Cerrillos,2017-2,licitacion,Micro,122601412,148,84,51
Cerrillos,2017-2,licitacion,NoClasificado,764706,4,4,1
Cerrillos,2017-2,licitacion,Pequeña,134903043,120,71,35
Cerrillos,2017-2,trato_directo,Grande,18170919,14,6,6
Cerrillos,2017-2,trato_directo,Mediana,23520786,11,5,4
Cerrillos,2017-2,trato_directo,Micro,18517878,23,18,17
Cerrillos,2017-2,trato_directo,Pequeña,12068631,24,9,5
Cerrillos,2018-1,convenio_marco,Grande,163588358,525,100,26
Cerrillos,2018-1,convenio_marco,Mediana,32413763,58,29,13
Cerrillos,2018-1,convenio_marco,Micro,70817571,147,75,36
Cerrillos,2018-1,convenio_marco,Pequeña,87148682,97,56,26
Cerrillos,2018-1,licitacion,Grande,75225274,108,35,17
Cerrillos,2018-1,licitacion,Mediana,8731532,40,18,8
Cerrillos,2018-1,licitacion,Micro,199731532,159,91,49
Cerrillos,2018-1,licitacion,NoClasificado,11667297,27,27,2
Cerrillos,2018-1,licitacion,Pequeña,177794611,105,78,33
Cerrillos,2018-1,trato_directo,Grande,6096214,17,8,4
Cerrillos,2018-1,trato_directo,Mediana,403361,1,1,1
Cerrillos,2018-1,trato_directo,Micro,41627047,29,22,16
Cerrillos,2018-1,trato_directo,Pequeña,96197003,55,11,9
Cerrillos,2018-2,convenio_marco,Grande,302429302,496,133,28
Cerrillos,2018-2,convenio_marco,Mediana,193110562,133,51,21
Cerrillos,2018-2,convenio_marco,Micro,393830816,312,173,64
Cerrillos,2018-2,convenio_marco,Pequeña,406881399,280,128,46
Cerrillos,2018-2,licitacion,Grande,221276435,51,25,15
Cerrillos,2018-2,licitacion,Mediana,76492931,38,18,11
Cerrillos,2018-2,licitacion,Micro,944386799,223,149,70
Cerrillos,2018-2,licitacion,NoClasificado,16577571,41,36,2
Cerrillos,2018-2,licitacion,Pequeña,236618179,202,108,48
Cerrillos,2018-2,trato_directo,Grande,4587315,37,14,7
Cerrillos,2018-2,trato_directo,Mediana,4400000,1,1,1
Cerrillos,2018-2,trato_directo,Micro,204599908,37,33,21
Cerrillos,2018-2,trato_directo,Pequeña,107986233,42,18,15
Cerrillos,2019-1,convenio_marco,Grande,192133873,455,102,24
Cerrillos,2019-1,convenio_marco,Mediana,178200041,472,97,18
Cerrillos,2019-1,convenio_marco,Micro,152027729,274,142,46
Cerrillos,2019-1,convenio_marco,Pequeña,121783615,168,71,44
Cerrillos,2019-1,licitacion,Grande,352391051,85,22,16
Cerrillos,2019-1,licitacion,Mediana,4028110495,56,31,19
Cerrillos,2019-1,licitacion,Micro,206365806,215,107,67
Cerrillos,2019-1,licitacion,NoClasificado,2941275,14,13,2
Cerrillos,2019-1,licitacion,Pequeña,185460797,122,77,38
Cerrillos,2019-1,trato_directo,Grande,1534756,9,8,6
Cerrillos,2019-1,trato_directo,Mediana,410333,20,2,2
Cerrillos,2019-1,trato_directo,Micro,62778414,31,22,19
Cerrillos,2019-1,trato_directo,NoClasificado,7563025,1,1,1
Cerrillos,2019-1,trato_directo,Pequeña,63852380,25,13,9
Cerrillos,2019-2,convenio_marco,Grande,69209142,115,54,15
Cerrillos,2019-2,convenio_marco,Mediana,78813203,114,47,20
Cerrillos,2019-2,convenio_marco,Micro,254356251,294,201,73
Cerrillos,2019-2,convenio_marco,Pequeña,174546077,215,82,40
Cerrillos,2019-2,licitacion,Grande,790907611,49,28,17
Cerrillos,2019-2,licitacion,Mediana,411899356,31,18,14
Cerrillos,2019-2,licitacion,Micro,312152792,251,164,80
Cerrillos,2019-2,licitacion,NoClasificado,13823623,57,25,2
Cerrillos,2019-2,licitacion,Pequeña,667314926,100,67,41
Cerrillos,2019-2,trato_directo,Grande,8336030,17,9,4
Cerrillos,2019-2,trato_directo,Mediana,12920960,2,2,2
Cerrillos,2019-2,trato_directo,Micro,188114558,27,27,20
Cerrillos,2019-2,trato_directo,Pequeña,41585628,7,7,7
Cerrillos,2020-1,convenio_marco,Grande,80628407,34,20,11
Cerrillos,2020-1,convenio_marco,Mediana,227722491,155,32,13
Cerrillos,2020-1,convenio_marco,Micro,92345919,111,90,46
Cerrillos,2020-1,convenio_marco,Pequeña,68248722,56,36,21
Cerrillos,2020-1,licitacion,Grande,5603629,17,11,5
Cerrillos,2020-1,licitacion,Mediana,338287171,12,7,4
Cerrillos,2020-1,licitacion,Micro,2774681243,92,71,38
Cerrillos,2020-1,licitacion,NoClasificado,7469919,22,20,3
Cerrillos,2020-1,licitacion,Pequeña,116436141,43,35,23
Cerrillos,2020-1,trato_directo,Grande,10095923,18,7,4
Cerrillos,2020-1,trato_directo,Mediana,5551782,4,4,2
Cerrillos,2020-1,trato_directo,Micro,123502866,52,33,23
Cerrillos,2020-1,trato_directo,NoClasificado,6552941,3,3,2
Cerrillos,2020-1,trato_directo,Pequeña,79467437,16,15,11
Cerrillos,2020-2,compra_agil,Grande,1534161,47,5,5
Cerrillos,2020-2,compra_agil,Mediana,2854841,45,12,7
Cerrillos,2020-2,compra_agil,Micro,23968010,302,69,51
Cerrillos,2020-2,compra_agil,NoClasificado,6136516,45,14,11
Cerrillos,2020-2,compra_agil,Pequeña,11039756,45,24,13
Cerrillos,2020-2,convenio_marco,Grande,179039605,134,38,21
Cerrillos,2020-2,convenio_marco,Mediana,847861395,148,31,18
Cerrillos,2020-2,convenio_marco,Micro,120715820,186,113,39
Cerrillos,2020-2,convenio_marco,Pequeña,43496133,51,27,18
Cerrillos,2020-2,licitacion,Grande,67159482,36,27,18
Cerrillos,2020-2,licitacion,Mediana,893551803,26,21,13
Cerrillos,2020-2,licitacion,Micro,1419556467,117,69,42
Cerrillos,2020-2,licitacion,NoClasificado,186493266,34,29,12
Cerrillos,2020-2,licitacion,Pequeña,1044353528,95,57,42
Cerrillos,2020-2,trato_directo,Grande,143438868,13,11,6
Cerrillos,2020-2,trato_directo,Mediana,3704229,1,1,1
Cerrillos,2020-2,trato_directo,Micro,204588495,17,15,11
Cerrillos,2020-2,trato_directo,Pequeña,822254220,13,11,9
Cerrillos,2021-1,compra_agil,Grande,9995290,107,29,11
Cerrillos,2021-1,compra_agil,Mediana,8874916,114,10,9
Cerrillos,2021-1,compra_agil,Micro,25178332,208,56,39
Cerrillos,2021-1,compra_agil,NoClasificado,358800,1,1,1
Cerrillos,2021-1,compra_agil,Pequeña,7576029,34,20,17
Cerrillos,2021-1,convenio_marco,Grande,170474517,34,10,6
Cerrillos,2021-1,convenio_marco,Mediana,5175000,2,1,1
Cerrillos,2021-1,convenio_marco,Micro,490750468,95,18,10
Cerrillos,2021-1,convenio_marco,NoClasificado,5062600,2,2,1
Cerrillos,2021-1,convenio_marco,Pequeña,64602639,10,7,5
Cerrillos,2021-1,licitacion,Grande,212555362,66,31,23
Cerrillos,2021-1,licitacion,Mediana,154429438,27,12,9
Cerrillos,2021-1,licitacion,Micro,451986908,93,52,36
Cerrillos,2021-1,licitacion,Pequeña,264520726,80,31,24
Cerrillos,2021-1,trato_directo,Grande,23692260,21,17,9
Cerrillos,2021-1,trato_directo,Mediana,1834500,2,2,2
Cerrillos,2021-1,trato_directo,Micro,9788250,15,12,11
Cerrillos,2021-1,trato_directo,Pequeña,79346760,6,6,5
Cerrillos,2021-2,compra_agil,Grande,15017066,103,29,9
Cerrillos,2021-2,compra_agil,Mediana,20471567,185,45,17
Cerrillos,2021-2,compra_agil,Micro,59179028,289,121,83
Cerrillos,2021-2,compra_agil,NoClasificado,20533973,76,31,25
Cerrillos,2021-2,compra_agil,Pequeña,15458369,145,27,20
Cerrillos,2021-2,convenio_marco,Grande,76992140,13,9,6
Cerrillos,2021-2,convenio_marco,Mediana,34777342,19,6,5
Cerrillos,2021-2,convenio_marco,Micro,110999777,67,25,20
Cerrillos,2021-2,convenio_marco,Pequeña,81780085,44,9,9
Cerrillos,2021-2,licitacion,Grande,23082970,59,17,14
Cerrillos,2021-2,licitacion,Mediana,27780688,45,10,10
Cerrillos,2021-2,licitacion,Micro,158005625,105,50,32
Cerrillos,2021-2,licitacion,NoClasificado,43158763,13,10,7
Cerrillos,2021-2,licitacion,Pequeña,127142666,32,24,21
Cerrillos,2021-2,trato_directo,Grande,6444805,10,8,5
Cerrillos,2021-2,trato_directo,Mediana,2342329,10,5,5
Cerrillos,2021-2,trato_directo,Micro,79934850,25,16,13
Cerrillos,2021-2,trato_directo,Pequeña,4891452,17,12,7
Cerrillos,2022-1,compra_agil,Grande,14102456,113,24,7
Cerrillos,2022-1,compra_agil,Mediana,3433447,10,8,7
Cerrillos,2022-1,compra_agil,Micro,32737003,201,53,44
Cerrillos,2022-1,compra_agil,NoClasificado,10512538,48,29,24
Cerrillos,2022-1,compra_agil,Pequeña,16940401,92,26,19
Cerrillos,2022-1,convenio_marco,Grande,82568409,24,7,5
Cerrillos,2022-1,convenio_marco,Mediana,12176220,3,3,2
Cerrillos,2022-1,convenio_marco,Pequeña,4847352,13,3,3
Cerrillos,2022-1,licitacion,Grande,90966331,35,17,15
Cerrillos,2022-1,licitacion,Mediana,1142626955,8,6,6
Cerrillos,2022-1,licitacion,Micro,104095522,40,22,21
Cerrillos,2022-1,licitacion,NoClasificado,7968200,9,3,3
Cerrillos,2022-1,licitacion,Pequeña,756004736,50,26,24
Cerrillos,2022-1,trato_directo,Grande,24187557,8,7,6
Cerrillos,2022-1,trato_directo,Mediana,42172869,5,5,4
Cerrillos,2022-1,trato_directo,Micro,389791911,10,9,9
Cerrillos,2022-1,trato_directo,Pequeña,142578599,32,10,9
Cerrillos,2022-2,convenio_marco,Grande,118598748,21,14,10
Cerrillos,2022-2,convenio_marco,Mediana,41920357,7,6,5
Cerrillos,2022-2,convenio_marco,Pequeña,1496000,1,1,1
Cerrillos,2022-2,licitacion,Grande,145440354,113,31,22
Cerrillos,2022-2,licitacion,Mediana,455766445,43,22,20
Cerrillos,2022-2,licitacion,Micro,170658673,62,27,21
Cerrillos,2022-2,licitacion,NoClasificado,36656613,27,19,16
Cerrillos,2022-2,licitacion,Pequeña,465367451,66,34,24
Cerrillos,2022-2,trato_directo,Grande,119652053,25,19,14
Cerrillos,2022-2,trato_directo,Mediana,702787717,12,10,9
Cerrillos,2022-2,trato_directo,Micro,146648366,19,19,12
Cerrillos,2022-2,trato_directo,NoClasificado,22826723,7,4,4
Cerrillos,2022-2,trato_directo,Pequeña,44326910,15,14,13
Cerrillos,2023-1,compra_agil,Grande,23097546,120,52,30
Cerrillos,2023-1,compra_agil,Mediana,14109863,39,31,25
Cerrillos,2023-1,compra_agil,Micro,26964258,106,51,37
Cerrillos,2023-1,compra_agil,NoClasificado,25719849,87,50,38
Cerrillos,2023-1,compra_agil,Pequeña,22320440,70,39,29
Cerrillos,2023-1,convenio_marco,Grande,269562013,37,18,12
Cerrillos,2023-1,convenio_marco,Mediana,23529927,17,5,5
Cerrillos,2023-1,convenio_marco,Micro,1867710,8,1,1
Cerrillos,2023-1,convenio_marco,NoClasificado,8438874,12,2,1
Cerrillos,2023-1,convenio_marco,Pequeña,45792760,29,7,5
Cerrillos,2023-1,licitacion,Grande,2321344188,31,20,15
Cerrillos,2023-1,licitacion,Mediana,243012459,12,12,12
Cerrillos,2023-1,licitacion,Micro,46050386,10,10,8
Cerrillos,2023-1,licitacion,NoClasificado,25969858,11,11,11
Cerrillos,2023-1,licitacion,Pequeña,424433260,32,20,14
Cerrillos,2023-1,trato_directo,Grande,390572738,26,24,12
Cerrillos,2023-1,trato_directo,Mediana,60377394,15,8,7
Cerrillos,2023-1,trato_directo,Micro,18762874,6,6,5
Cerrillos,2023-1,trato_directo,NoClasificado,846219361,2,2,2
Cerrillos,2023-1,trato_directo,Pequeña,26645655,13,12,8
Cerrillos,2023-2,compra_agil,Grande,31701204,150,73,32
Cerrillos,2023-2,compra_agil,Mediana,34871474,155,61,37
Cerrillos,2023-2,compra_agil,Micro,46754990,139,85,67
Cerrillos,2023-2,compra_agil,NoClasificado,23528287,77,37,30
Cerrillos,2023-2,compra_agil,Pequeña,90092139,232,165,121
Cerrillos,2023-2,convenio_marco,Grande,160879240,24,16,8
Cerrillos,2023-2,convenio_marco,Mediana,21556196,16,10,8
Cerrillos,2023-2,convenio_marco,Pequeña,8174828,9,9,2
Cerrillos,2023-2,licitacion,Grande,174090550,19,15,10
Cerrillos,2023-2,licitacion,Mediana,41796195,8,8,5
Cerrillos,2023-2,licitacion,Micro,252567635,30,29,24
Cerrillos,2023-2,licitacion,NoClasificado,6547900,3,3,3
Cerrillos,2023-2,licitacion,Pequeña,880578247,92,57,42
Cerrillos,2023-2,trato_directo,Grande,175243020,17,14,10
Cerrillos,2023-2,trato_directo,Mediana,210465435,3,3,3
Cerrillos,2023-2,trato_directo,NoClasificado,26890840,1,1,1
Cerrillos,2023-2,trato_directo,Pequeña,730910,4,3,3
Cerrillos,2024-1,compra_agil,Grande,30266536,84,60,29
Cerrillos,2024-1,compra_agil,Mediana,20778039,74,47,29
Cerrillos,2024-1,compra_agil,Micro,33388021,81,60,48
Cerrillos,2024-1,compra_agil,NoClasificado,29221330,70,40,32
Cerrillos,2024-1,compra_agil,Pequeña,84815859,243,130,94
Cerrillos,2024-1,convenio_marco,Grande,231752865,154,21,9
Cerrillos,2024-1,convenio_marco,Mediana,51487607,55,15,9
Cerrillos,2024-1,convenio_marco,Micro,7830900,5,2,2
Cerrillos,2024-1,convenio_marco,Pequeña,4800364,8,3,3
Cerrillos,2024-1,licitacion,Grande,2534395226,44,28,19
Cerrillos,2024-1,licitacion,Mediana,1167330526,37,22,21
Cerrillos,2024-1,licitacion,Micro,1027215496,13,11,10
Cerrillos,2024-1,licitacion,NoClasificado,100199568,11,8,8
Cerrillos,2024-1,licitacion,Pequeña,492472466,36,34,25
Cerrillos,2024-1,trato_directo,Grande,275841580,13,7,6
Cerrillos,2024-1,trato_directo,Mediana,393528908,3,3,2
Cerrillos,2024-1,trato_directo,Micro,1800000,1,1,1
Cerrillos,2024-1,trato_directo,Pequeña,195350438,6,6,6
Cerrillos,2024-2,compra_agil,1.0,31298710,114,66,31
Cerrillos,2024-2,compra_agil,2.0,39909576,78,62,38
Cerrillos,2024-2,compra_agil,3.0,68640210,130,104,67
Cerrillos,2024-2,compra_agil,4.0,141005798,235,185,109
Cerrillos,2024-2,compra_agil,NoClasificado,60357663,122,101,55
Cerrillos,2024-2,convenio_marco,1.0,275772622,31,9,6
Cerrillos,2024-2,convenio_marco,2.0,37121442,18,6,5
Cerrillos,2024-2,convenio_marco,3.0,9713600,1,1,1
Cerrillos,2024-2,convenio_marco,4.0,22329209,4,2,2
Cerrillos,2024-2,licitacion,1.0,1175971042,54,25,19
Cerrillos,2024-2,licitacion,2.0,1126182133,27,18,16
Cerrillos,2024-2,licitacion,3.0,279082547,25,23,20
Cerrillos,2024-2,licitacion,4.0,2078517355,97,73,49
Cerrillos,2024-2,licitacion,NoClasificado,3494361378,30,24,21
Cerrillos,2024-2,trato_directo,1.0,2511860,3,3,2
Cerrillos,2024-2,trato_directo,2.0,4876303,4,4,3
Cerrillos,2024-2,trato_directo,3.0,12175000,2,2,2
Cerrillos,2024-2,trato_directo,4.0,40535488,4,4,4
Cerrillos,2024-2,trato_directo,NoClasificado,158252857,6,4,3
Cerrillos,2025-1,compra_agil,Mediana,58395112,211,47,33
Cerrillos,2025-1,compra_agil,Micro,65271004,200,51,45
Cerrillos,2025-1,compra_agil,NoClasificado,102513000,294,57,49
Cerrillos,2025-1,compra_agil,Pequeña,215511836,845,108,81
Cerrillos,2025-1,convenio_marco,Grande,192647203,15,11,7
Cerrillos,2025-1,convenio_marco,Mediana,21836980,3,3,3
Cerrillos,2025-1,convenio_marco,Micro,27493570,46,2,2
Cerrillos,2025-1,licitacion,Grande,2716131204,25,24,10
Cerrillos,2025-1,licitacion,Mediana,252721410,30,8,8
Cerrillos,2025-1,licitacion,Micro,198152381,8,6,5
Cerrillos,2025-1,licitacion,NoClasificado,488042017,4,4,4
Cerrillos,2025-1,licitacion,Pequeña,96462078,8,8,8
Cerrillos,2025-1,trato_directo,Grande,35353488,8,7,5
Cerrillos,2025-1,trato_directo,Pequeña,889360,1,1,1
Cerrillos,2025-2,compra_agil,Grande,3435204,6,3,2
Cerrillos,2025-2,compra_agil,Mediana,49202219,103,35,25
Cerrillos,2025-2,compra_agil,Micro,41285065,63,42,37
Cerrillos,2025-2,compra_agil,NoClasificado,210431250,732,73,64
Cerrillos,2025-2,compra_agil,Pequeña,101749090,242,79,72
Cerrillos,2025-2,convenio_marco,Grande,25270619,37,5,5
Cerrillos,2025-2,convenio_marco,Mediana,3646620,6,2,2
Cerrillos,2025-2,licitacion,Grande,271386318,7,7,7
Cerrillos,2025-2,licitacion,Mediana,370625459,10,6,6
Cerrillos,2025-2,licitacion,Micro,34024071,3,3,3
Cerrillos,2025-2,licitacion,NoClasificado,76130252,2,2,2
Cerrillos,2025-2,licitacion,Pequeña,34359212,8,6,6
Cerrillos,2025-2,trato_directo,Grande,2020368,3,3,2
Cerrillos,2025-2,trato_directo,Mediana,70856000,1,1,1
Cerro Navia,2015-1,convenio_marco,Grande,42703140,91,36,10
Cerro Navia,2015-1,convenio_marco,Mediana,5538991,17,12,4
Cerro Navia,2015-1,convenio_marco,Micro,16524017,17,13,4
Cerro Navia,2015-1,convenio_marco,Pequeña,23564388,33,13,7
Cerro Navia,2015-1,licitacion,Grande,5738582,65,11,6
Cerro Navia,2015-1,licitacion,Mediana,11571596,20,5,4
Cerro Navia,2015-1,licitacion,Micro,213692863,264,56,38
Cerro Navia,2015-1,licitacion,Pequeña,31105631,252,43,31
Cerro Navia,2015-1,trato_directo,Grande,27954273,53,28,12
Cerro Navia,2015-1,trato_directo,Mediana,105042,1,1,1
Cerro Navia,2015-1,trato_directo,Micro,15910394,125,52,17
Cerro Navia,2015-1,trato_directo,Pequeña,1263775,33,7,6
Cerro Navia,2015-2,convenio_marco,Grande,78147530,459,84,17
Cerro Navia,2015-2,convenio_marco,Mediana,10148794,44,18,8
Cerro Navia,2015-2,convenio_marco,Micro,11847473,12,9,5
Cerro Navia,2015-2,convenio_marco,Pequeña,29177232,63,38,14
Cerro Navia,2015-2,licitacion,Grande,20413789,51,13,9
Cerro Navia,2015-2,licitacion,Mediana,19832658,58,13,11
Cerro Navia,2015-2,licitacion,Micro,140775949,570,96,50
Cerro Navia,2015-2,licitacion,Pequeña,44309514,645,72,32
Cerro Navia,2015-2,trato_directo,Grande,27591309,89,34,11
Cerro Navia,2015-2,trato_directo,Mediana,4537881,4,4,2
Cerro Navia,2015-2,trato_directo,Micro,30328853,243,58,18
Cerro Navia,2015-2,trato_directo,Pequeña,7522639,50,22,14
Cerro Navia,2016-1,convenio_marco,Grande,81541286,465,83,13
Cerro Navia,2016-1,convenio_marco,Mediana,55878726,145,31,13
Cerro Navia,2016-1,convenio_marco,Micro,40228790,27,22,14
Cerro Navia,2016-1,convenio_marco,Pequeña,68190126,51,37,16
Cerro Navia,2016-1,licitacion,Grande,4823395,13,2,1
Cerro Navia,2016-1,licitacion,Mediana,3668598,36,7,6
Cerro Navia,2016-1,licitacion,Micro,89940141,246,52,39
Cerro Navia,2016-1,licitacion,Pequeña,43710211,207,31,19
Cerro Navia,2016-1,trato_directo,Grande,26078657,89,31,10
Cerro Navia,2016-1,trato_directo,Mediana,10512605,2,2,2
Cerro Navia,2016-1,trato_directo,Micro,56166945,270,77,15
Cerro Navia,2016-1,trato_directo,Pequeña,4528454,26,9,8
Cerro Navia,2016-2,convenio_marco,Grande,96120918,672,106,11
Cerro Navia,2016-2,convenio_marco,Mediana,14606387,100,36,13
Cerro Navia,2016-2,convenio_marco,Micro,56105768,73,49,25
Cerro Navia,2016-2,convenio_marco,Pequeña,248688448,102,58,23
Cerro Navia,2016-2,licitacion,Grande,40436063,15,8,7
Cerro Navia,2016-2,licitacion,Mediana,23207181,33,9,6
Cerro Navia,2016-2,licitacion,Micro,719833503,450,85,53
Cerro Navia,2016-2,licitacion,NoClasificado,75133,15,1,1
Cerro Navia,2016-2,licitacion,Pequeña,197611961,594,76,30
Cerro Navia,2016-2,trato_directo,Grande,6281361,31,13,8
Cerro Navia,2016-2,trato_directo,Mediana,2958257,16,12,3
Cerro Navia,2016-2,trato_directo,Micro,33571421,304,153,15
Cerro Navia,2016-2,trato_directo,Pequeña,10009870,47,32,13
Cerro Navia,2017-1,convenio_marco,Grande,140104080,511,98,19
Cerro Navia,2017-1,convenio_marco,Mediana,54951631,500,77,11
Cerro Navia,2017-1,convenio_marco,Micro,87670917,105,61,34
Cerro Navia,2017-1,convenio_marco,Pequeña,36163982,101,34,21
Cerro Navia,2017-1,licitacion,Grande,3882142,19,5,4
Cerro Navia,2017-1,licitacion,Mediana,9235830,83,11,8
Cerro Navia,2017-1,licitacion,Micro,39280527,185,48,38
Cerro Navia,2017-1,licitacion,Pequeña,22183802,140,24,15
Cerro Navia,2017-1,trato_directo,Grande,23348895,23,11,6
Cerro Navia,2017-1,trato_directo,Mediana,5002069,27,7,5
Cerro Navia,2017-1,trato_directo,Micro,7454924,118,33,13
Cerro Navia,2017-1,trato_directo,Pequeña,6323569,24,5,3
Cerro Navia,2017-2,convenio_marco,Grande,49665548,302,56,16
Cerro Navia,2017-2,convenio_marco,Mediana,97916837,343,48,16
Cerro Navia,2017-2,convenio_marco,Micro,168637889,191,90,40
Cerro Navia,2017-2,convenio_marco,Pequeña,33826193,66,37,25
Cerro Navia,2017-2,licitacion,Grande,27242211,19,7,6
Cerro Navia,2017-2,licitacion,Mediana,139548015,140,15,7
Cerro Navia,2017-2,licitacion,Micro,166652477,248,41,31
Cerro Navia,2017-2,licitacion,NoClasificado,537718,42,2,1
Cerro Navia,2017-2,licitacion,Pequeña,112750138,308,29,18
Cerro Navia,2017-2,trato_directo,Grande,460571182,13,10,8
Cerro Navia,2017-2,trato_directo,Mediana,782400,32,6,2
Cerro Navia,2017-2,trato_directo,Micro,16576919,212,46,16
Cerro Navia,2017-2,trato_directo,Pequeña,3722780,27,10,8
Cerro Navia,2018-1,convenio_marco,Grande,110392394,262,66,16
Cerro Navia,2018-1,convenio_marco,Mediana,58321008,510,57,13
Cerro Navia,2018-1,convenio_marco,Micro,78147481,160,80,42
Cerro Navia,2018-1,convenio_marco,NoClasificado,906040,1,1,1
Cerro Navia,2018-1,convenio_marco,Pequeña,78356925,98,35,18
Cerro Navia,2018-1,licitacion,Grande,7169101,71,5,4
Cerro Navia,2018-1,licitacion,Mediana,3295180,6,3,3
Cerro Navia,2018-1,licitacion,Micro,42784443,377,44,31
Cerro Navia,2018-1,licitacion,NoClasificado,734900,4,1,1
Cerro Navia,2018-1,licitacion,Pequeña,57793236,213,22,18
Cerro Navia,2018-1,trato_directo,Grande,34598314,25,18,12
Cerro Navia,2018-1,trato_directo,Mediana,11892768,51,16,7
Cerro Navia,2018-1,trato_directo,Micro,56645721,87,44,20
Cerro Navia,2018-1,trato_directo,Pequeña,15450900,16,9,8
Cerro Navia,2018-2,convenio_marco,Grande,143248623,91,45,19
Cerro Navia,2018-2,convenio_marco,Mediana,59410097,208,35,10
Cerro Navia,2018-2,convenio_marco,Micro,128497789,151,81,35
Cerro Navia,2018-2,convenio_marco,Pequeña,91140575,52,35,19
Cerro Navia,2018-2,licitacion,Grande,9942830,7,3,1
Cerro Navia,2018-2,licitacion,Mediana,216199296,53,12,5
Cerro Navia,2018-2,licitacion,Micro,540546396,258,42,32
Cerro Navia,2018-2,licitacion,Pequeña,211543693,101,21,16
Cerro Navia,2018-2,trato_directo,Grande,25538156,23,13,9
Cerro Navia,2018-2,trato_directo,Mediana,12915144,2,2,2
Cerro Navia,2018-2,trato_directo,Micro,151885928,163,59,24
Cerro Navia,2018-2,trato_directo,Pequeña,7796876,58,9,7
Cerro Navia,2019-1,convenio_marco,Grande,94392058,76,34,14
Cerro Navia,2019-1,convenio_marco,Mediana,58865866,113,34,14
Cerro Navia,2019-1,convenio_marco,Micro,102891488,78,37,25
Cerro Navia,2019-1,convenio_marco,Pequeña,86448800,40,28,18
Cerro Navia,2019-1,licitacion,Grande,24621897,6,3,3
Cerro Navia,2019-1,licitacion,Mediana,56918524,101,4,4
Cerro Navia,2019-1,licitacion,Micro,232204458,218,36,28
Cerro Navia,2019-1,licitacion,Pequeña,350925791,154,24,18
Cerro Navia,2019-1,trato_directo,Grande,27180655,23,17,11
Cerro Navia,2019-1,trato_directo,Mediana,2264840,48,8,6
Cerro Navia,2019-1,trato_directo,Micro,11365834,55,23,15
Cerro Navia,2019-1,trato_directo,Pequeña,40887651,11,9,7
Cerro Navia,2019-2,convenio_marco,Grande,94347428,39,16,13
Cerro Navia,2019-2,convenio_marco,Mediana,25490544,32,12,8
Cerro Navia,2019-2,convenio_marco,Micro,156612788,123,61,29
Cerro Navia,2019-2,convenio_marco,Pequeña,120055608,52,28,19
Cerro Navia,2019-2,licitacion,Grande,110585336,39,9,8
Cerro Navia,2019-2,licitacion,Mediana,157139941,30,11,6
Cerro Navia,2019-2,licitacion,Micro,206777027,537,70,59
Cerro Navia,2019-2,licitacion,Pequeña,312630875,333,26,18
Cerro Navia,2019-2,trato_directo,Grande,32560843,4,4,4
Cerro Navia,2019-2,trato_directo,Mediana,920081,33,4,2
Cerro Navia,2019-2,trato_directo,Micro,39476681,28,13,12
Cerro Navia,2019-2,trato_directo,Pequeña,58165235,16,11,10
Cerro Navia,2020-1,compra_agil,Grande,468000,2,1,1
Cerro Navia,2020-1,compra_agil,Mediana,884000,2,2,2
Cerro Navia,2020-1,compra_agil,Micro,5324567,19,12,6
Cerro Navia,2020-1,compra_agil,NoClasificado,1536000,3,3,3
Cerro Navia,2020-1,compra_agil,Pequeña,2268980,3,3,3
Cerro Navia,2020-1,convenio_marco,Grande,79514701,21,16,12
Cerro Navia,2020-1,convenio_marco,Mediana,45743257,91,15,6
Cerro Navia,2020-1,convenio_marco,Micro,88061108,36,25,17
Cerro Navia,2020-1,convenio_marco,Pequeña,98612533,13,11,7
Cerro Navia,2020-1,licitacion,Grande,357437648,6,5,5
Cerro Navia,2020-1,licitacion,Mediana,7016514415,26,12,9
Cerro Navia,2020-1,licitacion,Micro,291877926,97,19,19
Cerro Navia,2020-1,licitacion,Pequeña,288812665,63,13,13
Cerro Navia,2020-1,trato_directo,Grande,43150711,6,5,4
Cerro Navia,2020-1,trato_directo,Mediana,464555,1,1,1
Cerro Navia,2020-1,trato_directo,Micro,268928093,77,15,15
Cerro Navia,2020-1,trato_directo,NoClasificado,1314159,1,1,1
Cerro Navia,2020-1,trato_directo,Pequeña,35417918,18,10,7
Cerro Navia,2020-2,compra_agil,Micro,13387470,509,8,8
Cerro Navia,2020-2,compra_agil,NoClasificado,216797,1,1,1
Cerro Navia,2020-2,compra_agil,Pequeña,2132450,18,2,2
Cerro Navia,2020-2,convenio_marco,Grande,166391817,17,12,7
Cerro Navia,2020-2,convenio_marco,Mediana,16267520,18,7,7
Cerro Navia,2020-2,convenio_marco,Micro,32643053,15,10,7
Cerro Navia,2020-2,convenio_marco,Pequeña,31040583,37,18,10
Cerro Navia,2020-2,licitacion,Grande,323754078,42,9,7
Cerro Navia,2020-2,licitacion,Mediana,120689476,82,12,7
Cerro Navia,2020-2,licitacion,Micro,145523240,185,35,28
Cerro Navia,2020-2,licitacion,NoClasificado,4540532,39,7,7
Cerro Navia,2020-2,licitacion,Pequeña,141944565,164,23,17
Cerro Navia,2020-2,trato_directo,Grande,83042725,109,14,11
Cerro Navia,2020-2,trato_directo,Mediana,77655890,15,11,9
Cerro Navia,2020-2,trato_directo,Micro,116584200,86,26,13
Cerro Navia,2020-2,trato_directo,NoClasificado,40242800,1,1,1
Cerro Navia,2020-2,trato_directo,Pequeña,878976499,29,14,13
Cerro Navia,2021-1,compra_agil,Grande,8453188,175,14,10
Cerro Navia,2021-1,compra_agil,Mediana,1627057,248,5,5
Cerro Navia,2021-1,compra_agil,Micro,20491239,202,37,35
Cerro Navia,2021-1,compra_agil,NoClasificado,688189,3,1,1
Cerro Navia,2021-1,compra_agil,Pequeña,1868950,10,7,7
Cerro Navia,2021-1,convenio_marco,Grande,50914377,11,8,7
Cerro Navia,2021-1,convenio_marco,Mediana,49122014,26,7,6
Cerro Navia,2021-1,convenio_marco,Micro,90929690,25,14,13
Cerro Navia,2021-1,convenio_marco,NoClasificado,3703000,4,2,1
Cerro Navia,2021-1,convenio_marco,Pequeña,12878301,4,3,3
Cerro Navia,2021-1,licitacion,Grande,380478159,30,12,10
Cerro Navia,2021-1,licitacion,Mediana,1375175918,8,6,6
Cerro Navia,2021-1,licitacion,Micro,89108773,132,21,19
Cerro Navia,2021-1,licitacion,Pequeña,124406651,41,12,12
Cerro Navia,2021-1,trato_directo,Grande,31546834,109,16,11
Cerro Navia,2021-1,trato_directo,Mediana,2954212,34,5,2
Cerro Navia,2021-1,trato_directo,Micro,58217343,90,36,18
Cerro Navia,2021-1,trato_directo,NoClasificado,231680,4,1,1
Cerro Navia,2021-1,trato_directo,Pequeña,9665003,9,5,5
Cerro Navia,2021-2,compra_agil,Grande,7629616,207,13,4
Cerro Navia,2021-2,compra_agil,Mediana,7628383,84,10,7
Cerro Navia,2021-2,compra_agil,Micro,51206593,785,67,40
Cerro Navia,2021-2,compra_agil,NoClasificado,8471222,46,9,9
Cerro Navia,2021-2,compra_agil,Pequeña,14186659,295,19,14
Cerro Navia,2021-2,convenio_marco,Grande,21703847,5,4,3
Cerro Navia,2021-2,convenio_marco,Micro,52129137,15,14,7
Cerro Navia,2021-2,convenio_marco,Pequeña,17949958,9,5,3
Cerro Navia,2021-2,licitacion,Grande,571498112,17,9,9
Cerro Navia,2021-2,licitacion,Mediana,144073509,11,7,5
Cerro Navia,2021-2,licitacion,Micro,840480283,418,62,43
Cerro Navia,2021-2,licitacion,NoClasificado,12611169,6,5,4
Cerro Navia,2021-2,licitacion,Pequeña,208228016,11,8,8
Cerro Navia,2021-2,trato_directo,Grande,38543434,89,9,5
Cerro Navia,2021-2,trato_directo,Mediana,22352496,3,3,2
Cerro Navia,2021-2,trato_directo,Micro,108463903,28,19,18
Cerro Navia,2021-2,trato_directo,NoClasificado,420000,6,1,1
Cerro Navia,2021-2,trato_directo,Pequeña,5191935,7,6,5
Cerro Navia,2022-1,compra_agil,Grande,30490804,694,19,11
Cerro Navia,2022-1,compra_agil,Mediana,5460550,54,9,8
Cerro Navia,2022-1,compra_agil,Micro,21443705,191,24,19
Cerro Navia,2022-1,compra_agil,NoClasificado,13942000,146,2,2
Cerro Navia,2022-1,compra_agil,Pequeña,7025466,63,15,15
Cerro Navia,2022-1,convenio_marco,Grande,137508769,17,14,7
Cerro Navia,2022-1,convenio_marco,Mediana,4480203,1,1,1
Cerro Navia,2022-1,licitacion,Grande,2017344885,34,15,14
Cerro Navia,2022-1,licitacion,Mediana,196526409,7,4,4
Cerro Navia,2022-1,licitacion,Micro,215882373,88,21,20
Cerro Navia,2022-1,licitacion,NoClasificado,9527815,3,3,3
Cerro Navia,2022-1,licitacion,Pequeña,199356856,61,15,13
Cerro Navia,2022-1,trato_directo,Grande,8544136,10,9,8
Cerro Navia,2022-1,trato_directo,Mediana,3930208,3,3,1
Cerro Navia,2022-1,trato_directo,Micro,10373962,6,4,4
Cerro Navia,2022-1,trato_directo,Pequeña,276171821,4,4,4
Cerro Navia,2022-2,convenio_marco,Grande,38850679,9,6,5
Cerro Navia,2022-2,convenio_marco,Mediana,20608436,7,5,3
Cerro Navia,2022-2,convenio_marco,Pequeña,521300,1,1,1
Cerro Navia,2022-2,licitacion,Grande,270979682,122,21,17
Cerro Navia,2022-2,licitacion,Mediana,1264701186,135,15,10
Cerro Navia,2022-2,licitacion,Micro,138590837,197,34,23
Cerro Navia,2022-2,licitacion,NoClasificado,17783109,44,10,6
Cerro Navia,2022-2,licitacion,Pequeña,243919388,29,18,17
Cerro Navia,2022-2,trato_directo,Grande,70481217,7,7,7
Cerro Navia,2022-2,trato_directo,Mediana,5882353,1,1,1
Cerro Navia,2022-2,trato_directo,Micro,61874043,9,9,7
Cerro Navia,2022-2,trato_directo,NoClasificado,4643580,2,2,2
Cerro Navia,2022-2,trato_directo,Pequeña,24229496,3,3,3
Cerro Navia,2023-1,compra_agil,Grande,9451795,95,20,14
Cerro Navia,2023-1,compra_agil,Mediana,8490099,87,9,8
Cerro Navia,2023-1,compra_agil,Micro,24255045,298,33,26
Cerro Navia,2023-1,compra_agil,NoClasificado,76979806,1086,30,22
Cerro Navia,2023-1,compra_agil,Pequeña,35267809,945,26,23
Cerro Navia,2023-1,convenio_marco,Grande,66166280,29,13,5
Cerro Navia,2023-1,convenio_marco,Mediana,57969422,3,2,2
Cerro Navia,2023-1,convenio_marco,NoClasificado,7717170,2,2,1
Cerro Navia,2023-1,convenio_marco,Pequeña,34068632,4,4,3
Cerro Navia,2023-1,licitacion,Grande,2178909419,51,18,15
Cerro Navia,2023-1,licitacion,Mediana,323104125,14,11,10
Cerro Navia,2023-1,licitacion,Micro,304321296,120,21,18
Cerro Navia,2023-1,licitacion,NoClasificado,59740286,142,18,13
Cerro Navia,2023-1,licitacion,Pequeña,924915265,38,27,20
Cerro Navia,2023-1,trato_directo,Grande,88477569,10,10,9
Cerro Navia,2023-1,trato_directo,Mediana,36764847,10,9,8
Cerro Navia,2023-1,trato_directo,Micro,13680000,7,7,5
Cerro Navia,2023-1,trato_directo,NoClasificado,360980,10,1,1
Cerro Navia,2023-1,trato_directo,Pequeña,86273072,4,4,4
Cerro Navia,2023-2,compra_agil,Grande,129357753,322,115,43
Cerro Navia,2023-2,compra_agil,Mediana,74344278,295,85,36
Cerro Navia,2023-2,compra_agil,Micro,81770880,998,85,65
Cerro Navia,2023-2,compra_agil,NoClasificado,26715827,225,24,22
Cerro Navia,2023-2,compra_agil,Pequeña,183703024,3479,154,103
Cerro Navia,2023-2,convenio_marco,Grande,88285272,31,18,10
Cerro Navia,2023-2,convenio_marco,Mediana,118062580,11,8,6
Cerro Navia,2023-2,convenio_marco,Micro,8406160,1,1,1
Cerro Navia,2023-2,convenio_marco,Pequeña,5880410,1,1,1
Cerro Navia,2023-2,licitacion,Grande,3701556097,55,22,19
Cerro Navia,2023-2,licitacion,Mediana,346454583,64,28,20
Cerro Navia,2023-2,licitacion,Micro,135528524,121,20,17
Cerro Navia,2023-2,licitacion,NoClasificado,52088673,124,10,10
Cerro Navia,2023-2,licitacion,Pequeña,569894820,345,56,43
Cerro Navia,2023-2,trato_directo,Grande,356029991,47,29,22
Cerro Navia,2023-2,trato_directo,Mediana,353839287,14,10,9
Cerro Navia,2023-2,trato_directo,Micro,179036444,28,28,28
Cerro Navia,2023-2,trato_directo,NoClasificado,90229500,18,18,16
Cerro Navia,2023-2,trato_directo,Pequeña,317138939,16,16,15
Cerro Navia,2024-1,compra_agil,Grande,152854703,614,108,59
Cerro Navia,2024-1,compra_agil,Mediana,78524691,423,74,44
Cerro Navia,2024-1,compra_agil,Micro,74488588,311,75,55
Cerro Navia,2024-1,compra_agil,NoClasificado,41459395,432,39,27
Cerro Navia,2024-1,compra_agil,Pequeña,162435530,2472,143,110
Cerro Navia,2024-1,convenio_marco,Grande,463135839,129,40,23
Cerro Navia,2024-1,convenio_marco,Mediana,200230757,53,18,13
Cerro Navia,2024-1,convenio_marco,Micro,72714706,8,4,4
Cerro Navia,2024-1,convenio_marco,Pequeña,8555724,10,3,2
Cerro Navia,2024-1,licitacion,Grande,3558002419,222,66,48
Cerro Navia,2024-1,licitacion,Mediana,945267799,70,28,27
Cerro Navia,2024-1,licitacion,Micro,275349694,73,18,15
Cerro Navia,2024-1,licitacion,NoClasificado,30250152,32,9,7
Cerro Navia,2024-1,licitacion,Pequeña,1595668410,257,63,51
Cerro Navia,2024-1,trato_directo,Grande,573408369,20,20,13
Cerro Navia,2024-1,trato_directo,Mediana,80257471,20,18,10
Cerro Navia,2024-1,trato_directo,Micro,311597973,58,56,32
Cerro Navia,2024-1,trato_directo,NoClasificado,136228598,33,33,17
Cerro Navia,2024-1,trato_directo,Pequeña,145245859,21,16,13
Cerro Navia,2024-2,compra_agil,1.0,184111139,1390,99,52
Cerro Navia,2024-2,compra_agil,2.0,74589886,773,73,31
Cerro Navia,2024-2,compra_agil,3.0,151847078,3261,73,48
Cerro Navia,2024-2,compra_agil,4.0,123888692,1258,99,79
Cerro Navia,2024-2,compra_agil,Micro,1678990,1,1,1
Cerro Navia,2024-2,compra_agil,NoClasificado,90188433,914,68,53
Cerro Navia,2024-2,convenio_marco,1.0,158539900,116,44,18
Cerro Navia,2024-2,convenio_marco,2.0,150549431,31,15,10
Cerro Navia,2024-2,convenio_marco,3.0,17732718,27,7,6
Cerro Navia,2024-2,convenio_marco,4.0,31025517,6,6,6
Cerro Navia,2024-2,convenio_marco,NoClasificado,3912412,6,2,2
Cerro Navia,2024-2,licitacion,1.0,1330511031,73,24,24
Cerro Navia,2024-2,licitacion,2.0,323072566,92,21,17
Cerro Navia,2024-2,licitacion,3.0,368132462,89,22,19
Cerro Navia,2024-2,licitacion,4.0,1023325072,184,40,33
Cerro Navia,2024-2,licitacion,NoClasificado,150584907,8,8,8
Cerro Navia,2024-2,trato_directo,1.0,6673944638,26,11,10
Cerro Navia,2024-2,trato_directo,2.0,36256810,2,2,2
Cerro Navia,2024-2,trato_directo,3.0,61047214,30,26,24
Cerro Navia,2024-2,trato_directo,4.0,45327695,10,10,9
Cerro Navia,2024-2,trato_directo,NoClasificado,50146525,17,17,14
Cerro Navia,2025-1,compra_agil,Grande,46546156,98,10,7
Cerro Navia,2025-1,compra_agil,Mediana,212300019,906,74,51
Cerro Navia,2025-1,compra_agil,Micro,144376380,1856,72,57
Cerro Navia,2025-1,compra_agil,NoClasificado,131201805,385,53,46
Cerro Navia,2025-1,compra_agil,Pequeña,358355406,3447,136,109
Cerro Navia,2025-1,convenio_marco,Grande,357160180,106,32,22
Cerro Navia,2025-1,convenio_marco,Mediana,170819112,214,20,15
Cerro Navia,2025-1,convenio_marco,Micro,52112164,29,3,2
Cerro Navia,2025-1,convenio_marco,NoClasificado,36308305,15,3,3
Cerro Navia,2025-1,convenio_marco,Pequeña,112365445,55,16,11
Cerro Navia,2025-1,licitacion,Grande,5108711218,163,61,50
Cerro Navia,2025-1,licitacion,Mediana,735898504,55,37,28
Cerro Navia,2025-1,licitacion,Micro,29389834,8,7,5
Cerro Navia,2025-1,licitacion,NoClasificado,41972785,17,6,4
Cerro Navia,2025-1,licitacion,Pequeña,1499323179,73,43,27
Cerro Navia,2025-1,trato_directo,Grande,419379891,10,9,9
Cerro Navia,2025-1,trato_directo,Mediana,3352913,6,3,3
Cerro Navia,2025-1,trato_directo,Micro,94467012,33,33,18
Cerro Navia,2025-1,trato_directo,NoClasificado,111703160,36,36,22
Cerro Navia,2025-1,trato_directo,Pequeña,5711602,4,3,3
Cerro Navia,2025-2,compra_agil,Grande,27803665,84,10,8
Cerro Navia,2025-2,compra_agil,Mediana,239967733,1252,99,56
Cerro Navia,2025-2,compra_agil,Micro,160987442,2136,106,72
Cerro Navia,2025-2,compra_agil,NoClasificado,424628098,6156,133,93
Cerro Navia,2025-2,compra_agil,Pequeña,372594397,3285,207,132
Cerro Navia,2025-2,convenio_marco,Grande,131625870,40,23,16
Cerro Navia,2025-2,convenio_marco,Mediana,83403230,43,13,10
Cerro Navia,2025-2,convenio_marco,Micro,260926484,9,5,4
Cerro Navia,2025-2,convenio_marco,NoClasificado,10963208,2,2,2
Cerro Navia,2025-2,convenio_marco,Pequeña,39362610,50,10,8
Cerro Navia,2025-2,licitacion,Grande,1796248243,388,80,51
Cerro Navia,2025-2,licitacion,Mediana,682930030,70,27,23
Cerro Navia,2025-2,licitacion,Micro,176053008,18,10,10
Cerro Navia,2025-2,licitacion,NoClasificado,100728949,10,9,9
Cerro Navia,2025-2,licitacion,Pequeña,382308940,52,28,23
Cerro Navia,2025-2,trato_directo,Grande,18876891,5,3,2
Cerro Navia,2025-2,trato_directo,Mediana,12605042,1,1,1
Cerro Navia,2025-2,trato_directo,Micro,31227900,18,18,14
Cerro Navia,2025-2,trato_directo,NoClasificado,55748998,25,25,16
Cerro Navia,2025-2,trato_directo,Pequeña,140500,1,1,1
Conchalí,2015-1,convenio_marco,Grande,134433297,758,189,21
Conchalí,2015-1,convenio_marco,Mediana,42504867,86,52,20
Conchalí,2015-1,convenio_marco,Micro,26427904,54,41,20
Conchalí,2015-1,convenio_marco,Pequeña,105942707,73,65,21
Conchalí,2015-1,licitacion,Grande,8609915,69,12,7
Conchalí,2015-1,licitacion,Mediana,10697768,57,11,11
Conchalí,2015-1,licitacion,Micro,41243031,209,51,40
Conchalí,2015-1,licitacion,Pequeña,35542231,110,37,26
Conchalí,2015-1,trato_directo,Grande,25437692,125,42,10
Conchalí,2015-1,trato_directo,Mediana,858449,9,6,4
Conchalí,2015-1,trato_directo,Micro,12312611,182,87,20
Conchalí,2015-1,trato_directo,Pequeña,10841685,143,60,21
Conchalí,2015-2,convenio_marco,Grande,173157043,935,232,23
Conchalí,2015-2,convenio_marco,Mediana,32884029,138,86,22
Conchalí,2015-2,convenio_marco,Micro,118726409,163,65,28
Conchalí,2015-2,convenio_marco,Pequeña,81705997,140,100,18
Conchalí,2015-2,licitacion,Grande,5226924,10,5,5
Conchalí,2015-2,licitacion,Mediana,9522225,14,7,6
Conchalí,2015-2,licitacion,Micro,68966752,178,57,41
Conchalí,2015-2,licitacion,Pequeña,59199586,66,34,28
Conchalí,2015-2,trato_directo,Grande,10336735,50,22,10
Conchalí,2015-2,trato_directo,Mediana,1877206,26,14,5
Conchalí,2015-2,trato_directo,Micro,16555115,262,106,28
Conchalí,2015-2,trato_directo,NoClasificado,400000,1,1,1
Conchalí,2015-2,trato_directo,Pequeña,16951016,154,72,18
Conchalí,2016-1,convenio_marco,Grande,187160171,1064,225,20
Conchalí,2016-1,convenio_marco,Mediana,103223724,391,134,23
Conchalí,2016-1,convenio_marco,Micro,54076708,104,57,30
Conchalí,2016-1,convenio_marco,Pequeña,145502969,126,79,25
Conchalí,2016-1,licitacion,Grande,1565000,13,5,5
Conchalí,2016-1,licitacion,Mediana,8696455,42,10,7
Conchalí,2016-1,licitacion,Micro,55089931,286,69,55
Conchalí,2016-1,licitacion,NoClasificado,299000,1,1,1
Conchalí,2016-1,licitacion,Pequeña,80660956,162,39,29
Conchalí,2016-1,trato_directo,Grande,8348631,40,17,5
Conchalí,2016-1,trato_directo,Mediana,6689899,47,18,6
Conchalí,2016-1,trato_directo,Micro,14400017,209,81,26
Conchalí,2016-1,trato_directo,Pequeña,55656456,200,80,23
Conchalí,2016-2,convenio_marco,Grande,100694453,1318,277,24
Conchalí,2016-2,convenio_marco,Mediana,47824087,172,103,19
Conchalí,2016-2,convenio_marco,Micro,45240906,205,97,41
Conchalí,2016-2,convenio_marco,Pequeña,144549895,324,118,41
Conchalí,2016-2,licitacion,Grande,1405042,1,1,1
Conchalí,2016-2,licitacion,Mediana,13350135,4,3,2
Conchalí,2016-2,licitacion,Micro,61180063,81,22,20
Conchalí,2016-2,licitacion,Pequeña,61172162,36,19,13
Conchalí,2016-2,trato_directo,Grande,3655350,9,7,5
Conchalí,2016-2,trato_directo,Mediana,345697,11,6,2
Conchalí,2016-2,trato_directo,Micro,28054208,244,90,20
Conchalí,2016-2,trato_directo,Pequeña,6951640,141,51,17
Conchalí,2017-1,convenio_marco,Grande,129037889,1414,268,23
Conchalí,2017-1,convenio_marco,Mediana,68371640,118,67,14
Conchalí,2017-1,convenio_marco,Micro,37791411,154,85,44
Conchalí,2017-1,convenio_marco,Pequeña,55286662,104,54,33
Conchalí,2017-1,licitacion,Mediana,29957279,7,7,7
Conchalí,2017-1,licitacion,Micro,84504844,34,22,18
Conchalí,2017-1,licitacion,Pequeña,32202343,13,13,9
Conchalí,2017-1,trato_directo,Grande,26219308,58,40,14
Conchalí,2017-1,trato_directo,Mediana,4542092,102,48,14
Conchalí,2017-1,trato_directo,Micro,30265240,189,89,30
Conchalí,2017-1,trato_directo,Pequeña,12276008,56,29,15
Conchalí,2017-2,convenio_marco,Grande,174751715,1251,361,26
Conchalí,2017-2,convenio_marco,Mediana,23116132,55,22,13
Conchalí,2017-2,convenio_marco,Micro,55949461,297,117,48
Conchalí,2017-2,convenio_marco,Pequeña,78225013,171,94,40
Conchalí,2017-2,licitacion,Grande,30952271,9,9,1
Conchalí,2017-2,licitacion,Mediana,13394944,4,3,3
Conchalí,2017-2,licitacion,Micro,37930725,93,22,19
Conchalí,2017-2,licitacion,Pequeña,20709660,36,10,9
Conchalí,2017-2,trato_directo,Grande,3484495,162,39,10
Conchalí,2017-2,trato_directo,Mediana,5394987,144,38,7
Conchalí,2017-2,trato_directo,Micro,69344596,183,86,32
Conchalí,2017-2,trato_directo,Pequeña,7912038,50,27,16
Conchalí,2018-1,convenio_marco,Grande,187878182,855,261,29
Conchalí,2018-1,convenio_marco,Mediana,29178120,75,27,17
Conchalí,2018-1,convenio_marco,Micro,46956403,260,151,47
Conchalí,2018-1,convenio_marco,Pequeña,13768880,84,25,21
Conchalí,2018-1,licitacion,Grande,28078097,5,5,5
Conchalí,2018-1,licitacion,Mediana,6098556,9,6,6
Conchalí,2018-1,licitacion,Micro,117005629,62,37,29
Conchalí,2018-1,licitacion,NoClasificado,1999000,1,1,1
Conchalí,2018-1,licitacion,Pequeña,64653965,49,20,18
Conchalí,2018-1,trato_directo,Grande,4390827,77,28,10
Conchalí,2018-1,trato_directo,Mediana,2262417,46,15,5
Conchalí,2018-1,trato_directo,Micro,25759396,167,73,28
Conchalí,2018-1,trato_directo,Pequeña,3422025,21,12,10
Conchalí,2018-2,convenio_marco,Grande,97869142,512,207,20
Conchalí,2018-2,convenio_marco,Mediana,30885408,84,34,16
Conchalí,2018-2,convenio_marco,Micro,111334357,256,145,42
Conchalí,2018-2,convenio_marco,Pequeña,63887493,79,48,28
Conchalí,2018-2,licitacion,Grande,4150672,3,3,2
Conchalí,2018-2,licitacion,Mediana,15954280,11,9,7
Conchalí,2018-2,licitacion,Micro,113904641,134,44,34
Conchalí,2018-2,licitacion,NoClasificado,855740,29,1,1
Conchalí,2018-2,licitacion,Pequeña,67879171,95,23,20
Conchalí,2018-2,trato_directo,Grande,2530310,132,21,8
Conchalí,2018-2,trato_directo,Mediana,2598249,14,9,7
Conchalí,2018-2,trato_directo,Micro,39024261,279,80,24
Conchalí,2018-2,trato_directo,NoClasificado,359996,1,1,1
Conchalí,2018-2,trato_directo,Pequeña,8895111,73,29,19
Conchalí,2019-1,convenio_marco,Grande,209070405,508,170,22
Conchalí,2019-1,convenio_marco,Mediana,11231467,78,28,12
Conchalí,2019-1,convenio_marco,Micro,77370540,178,97,33
Conchalí,2019-1,convenio_marco,Pequeña,43990510,62,41,25
Conchalí,2019-1,licitacion,Grande,12793916,2,2,2
Conchalí,2019-1,licitacion,Mediana,21821880,22,9,7
Conchalí,2019-1,licitacion,Micro,81977301,153,41,38
Conchalí,2019-1,licitacion,Pequeña,69640031,71,24,20
Conchalí,2019-1,trato_directo,Grande,5467882,204,32,8
Conchalí,2019-1,trato_directo,Mediana,20457034,89,26,6
Conchalí,2019-1,trato_directo,Micro,37767434,186,75,21
Conchalí,2019-1,trato_directo,Pequeña,2392583,11,11,9
Conchalí,2019-2,convenio_marco,Grande,182138866,466,144,23
Conchalí,2019-2,convenio_marco,Mediana,40687316,107,37,15
Conchalí,2019-2,convenio_marco,Micro,58433492,202,133,46
Conchalí,2019-2,convenio_marco,Pequeña,191135904,90,48,28
Conchalí,2019-2,licitacion,Grande,419400,1,1,1
Conchalí,2019-2,licitacion,Mediana,59890248,5,5,4
Conchalí,2019-2,licitacion,Micro,131166145,93,40,35
Conchalí,2019-2,licitacion,Pequeña,148583349,30,18,17
Conchalí,2019-2,trato_directo,Grande,6367774,156,26,9
Conchalí,2019-2,trato_directo,Mediana,21542826,90,28,6
Conchalí,2019-2,trato_directo,Micro,28142684,278,99,29
Conchalí,2019-2,trato_directo,Pequeña,6591634,62,17,13
Conchalí,2020-1,compra_agil,Grande,1248740,4,1,1
Conchalí,2020-1,compra_agil,Mediana,1402088,7,6,5
Conchalí,2020-1,compra_agil,Micro,1588306,16,11,6
Conchalí,2020-1,compra_agil,Pequeña,1307876,15,4,4
Conchalí,2020-1,convenio_marco,Grande,169257924,273,75,13
Conchalí,2020-1,convenio_marco,Mediana,1041361,21,6,4
Conchalí,2020-1,convenio_marco,Micro,23604227,89,33,22
Conchalí,2020-1,convenio_marco,Pequeña,46973602,24,11,9
Conchalí,2020-1,licitacion,Grande,32300565,7,6,5
Conchalí,2020-1,licitacion,Mediana,58601376,11,8,7
Conchalí,2020-1,licitacion,Micro,93286195,49,26,22
Conchalí,2020-1,licitacion,Pequeña,46431112,32,16,15
Conchalí,2020-1,trato_directo,Grande,3390643,91,21,10
Conchalí,2020-1,trato_directo,Mediana,14558019,79,26,10
Conchalí,2020-1,trato_directo,Micro,61415234,151,77,28
Conchalí,2020-1,trato_directo,NoClasificado,17063584,37,8,4
Conchalí,2020-1,trato_directo,Pequeña,24382329,54,28,17
Conchalí,2020-2,compra_agil,Grande,7794267,133,26,13
Conchalí,2020-2,compra_agil,Mediana,1649857,28,7,7
Conchalí,2020-2,compra_agil,Micro,48426629,538,93,57
Conchalí,2020-2,compra_agil,NoClasificado,4044710,25,12,11
Conchalí,2020-2,compra_agil,Pequeña,16537518,134,41,28
Conchalí,2020-2,convenio_marco,Grande,333907338,170,56,15
Conchalí,2020-2,convenio_marco,Mediana,8075179,7,5,4
Conchalí,2020-2,convenio_marco,Micro,736390877,124,39,27
Conchalí,2020-2,convenio_marco,Pequeña,1965169,10,10,9
Conchalí,2020-2,licitacion,Grande,3491428,3,2,2
Conchalí,2020-2,licitacion,Mediana,156690879,92,6,6
Conchalí,2020-2,licitacion,Micro,79257209,33,15,13
Conchalí,2020-2,licitacion,NoClasificado,91467472,2,2,2
Conchalí,2020-2,licitacion,Pequeña,264120528,21,9,8
Conchalí,2020-2,trato_directo,Grande,163872223,31,16,8
Conchalí,2020-2,trato_directo,Mediana,56067226,17,8,6
Conchalí,2020-2,trato_directo,Micro,99907645,35,21,15
Conchalí,2020-2,trato_directo,NoClasificado,28663314,23,10,4
Conchalí,2020-2,trato_directo,Pequeña,25137205,30,17,12
Conchalí,2021-1,compra_agil,Grande,7090852,95,32,16
Conchalí,2021-1,compra_agil,Mediana,6601339,54,18,16
Conchalí,2021-1,compra_agil,Micro,30011879,317,71,56
Conchalí,2021-1,compra_agil,NoClasificado,39600,1,1,1
Conchalí,2021-1,compra_agil,Pequeña,21140524,260,42,30
Conchalí,2021-1,convenio_marco,Grande,122933304,112,24,10
Conchalí,2021-1,convenio_marco,Mediana,697000,1,1,1
Conchalí,2021-1,convenio_marco,Micro,20869733,31,24,7
Conchalí,2021-1,convenio_marco,Pequeña,16919816,8,4,3
Conchalí,2021-1,licitacion,Grande,30165922,9,5,5
Conchalí,2021-1,licitacion,Micro,64818799,22,19,16
Conchalí,2021-1,licitacion,Pequeña,37172696,24,11,9
Conchalí,2021-1,trato_directo,Grande,778859,4,3,3
Conchalí,2021-1,trato_directo,Mediana,22937752,3,3,2
Conchalí,2021-1,trato_directo,Micro,850000,5,5,2
Conchalí,2021-2,compra_agil,Grande,6803232,95,29,18
Conchalí,2021-2,compra_agil,Mediana,10402662,159,28,17
Conchalí,2021-2,compra_agil,Micro,59714284,449,130,89
Conchalí,2021-2,compra_agil,NoClasificado,8037010,108,24,21
Conchalí,2021-2,compra_agil,Pequeña,14242199,85,33,29
Conchalí,2021-2,convenio_marco,Grande,639588613,47,14,8
Conchalí,2021-2,convenio_marco,Micro,56932088,36,12,8
Conchalí,2021-2,convenio_marco,Pequeña,19348392,6,4,4
Conchalí,2021-2,licitacion,Grande,40829647,11,4,4
Conchalí,2021-2,licitacion,Mediana,51573728,7,7,5
Conchalí,2021-2,licitacion,Micro,313660147,56,22,22
Conchalí,2021-2,licitacion,NoClasificado,60141382,5,5,5
Conchalí,2021-2,licitacion,Pequeña,94293714,14,13,13
Conchalí,2021-2,trato_directo,Mediana,21030400,1,1,1
Conchalí,2021-2,trato_directo,Micro,53111745,2,2,2
Conchalí,2022-1,compra_agil,Grande,14563485,112,31,17
Conchalí,2022-1,compra_agil,Mediana,9420207,60,19,14
Conchalí,2022-1,compra_agil,Micro,39827832,225,90,59
Conchalí,2022-1,compra_agil,NoClasificado,8234570,43,20,17
Conchalí,2022-1,compra_agil,Pequeña,19130478,161,47,38
Conchalí,2022-1,convenio_marco,Grande,168936289,42,18,9
Conchalí,2022-1,convenio_marco,Mediana,4882845,14,5,4
Conchalí,2022-1,convenio_marco,Micro,18338417,3,2,2
Conchalí,2022-1,licitacion,Grande,325639352,14,11,10
Conchalí,2022-1,licitacion,Mediana,25705978,18,7,6
Conchalí,2022-1,licitacion,Micro,532650942,23,22,20
Conchalí,2022-1,licitacion,NoClasificado,16315601,5,3,3
Conchalí,2022-1,licitacion,Pequeña,46464116,15,12,12
Conchalí,2022-1,trato_directo,Grande,435635856,7,7,5
Conchalí,2022-1,trato_directo,Micro,900000,1,1,1
Conchalí,2022-1,trato_directo,NoClasificado,200000,1,1,1
Conchalí,2022-2,convenio_marco,Grande,130043179,16,7,6
Conchalí,2022-2,convenio_marco,Mediana,5735020,5,3,3
Conchalí,2022-2,convenio_marco,Micro,1367080,2,1,1
Conchalí,2022-2,convenio_marco,Pequeña,2607050,1,1,1
Conchalí,2022-2,licitacion,Grande,40552096,19,10,8
Conchalí,2022-2,licitacion,Mediana,53611746,6,6,6
Conchalí,2022-2,licitacion,Micro,35368580,33,11,11
Conchalí,2022-2,licitacion,NoClasificado,30576555,8,6,5
Conchalí,2022-2,licitacion,Pequeña,52403902,28,15,13
Conchalí,2022-2,trato_directo,Grande,437997575,3,3,3
Conchalí,2022-2,trato_directo,Micro,12213981,8,8,4
Conchalí,2022-2,trato_directo,NoClasificado,57063489,4,4,4
Conchalí,2022-2,trato_directo,Pequeña,18617647,3,3,3
Conchalí,2023-1,compra_agil,Grande,9673264,74,30,19
Conchalí,2023-1,compra_agil,Mediana,9566229,58,19,15
Conchalí,2023-1,compra_agil,Micro,31910114,241,64,48
Conchalí,2023-1,compra_agil,NoClasificado,31389565,308,49,41
Conchalí,2023-1,compra_agil,Pequeña,28284575,348,51,41
Conchalí,2023-1,convenio_marco,Grande,150892405,42,9,8
Conchalí,2023-1,convenio_marco,Mediana,36881354,18,6,6
Conchalí,2023-1,licitacion,Grande,7375199195,24,19,16
Conchalí,2023-1,licitacion,Mediana,45285484,8,8,8
Conchalí,2023-1,licitacion,Micro,132488193,17,15,15
Conchalí,2023-1,licitacion,NoClasificado,73986884,24,12,12
Conchalí,2023-1,licitacion,Pequeña,424186694,24,24,20
Conchalí,2023-1,trato_directo,Grande,535016696,9,8,5
Conchalí,2023-1,trato_directo,Mediana,610000,2,2,2
Conchalí,2023-1,trato_directo,Micro,61750000,5,5,4
Conchalí,2023-1,trato_directo,NoClasificado,39150000,2,2,2
Conchalí,2023-2,compra_agil,Grande,24517451,180,39,29
Conchalí,2023-2,compra_agil,Mediana,27451864,207,36,25
Conchalí,2023-2,compra_agil,Micro,66192131,484,49,36
Conchalí,2023-2,compra_agil,NoClasificado,17614083,109,27,24
Conchalí,2023-2,compra_agil,Pequeña,105940403,982,152,101
Conchalí,2023-2,convenio_marco,Grande,231427919,75,14,9
Conchalí,2023-2,convenio_marco,Mediana,19543747,27,10,8
Conchalí,2023-2,convenio_marco,Pequeña,16156456,9,5,2
Conchalí,2023-2,licitacion,Grande,415794962,36,22,18
Conchalí,2023-2,licitacion,Mediana,429587869,44,21,17
Conchalí,2023-2,licitacion,Micro,46763685,10,10,10
Conchalí,2023-2,licitacion,NoClasificado,103707296,10,8,8
Conchalí,2023-2,licitacion,Pequeña,361812957,89,44,38
Conchalí,2023-2,trato_directo,Grande,38708580,6,6,3
Conchalí,2023-2,trato_directo,Pequeña,2614407,2,2,2
Conchalí,2024-1,compra_agil,Grande,10653381,63,24,17
Conchalí,2024-1,compra_agil,Mediana,15235733,136,28,20
Conchalí,2024-1,compra_agil,Micro,17738306,111,50,41
Conchalí,2024-1,compra_agil,NoClasificado,19909952,91,39,37
Conchalí,2024-1,compra_agil,Pequeña,64785592,325,98,78
Conchalí,2024-1,convenio_marco,Grande,79637587,46,11,9
Conchalí,2024-1,convenio_marco,Mediana,36110847,4,3,3
Conchalí,2024-1,convenio_marco,Micro,1787760,1,1,1
Conchalí,2024-1,convenio_marco,NoClasificado,22037660,2,1,1
Conchalí,2024-1,convenio_marco,Pequeña,9468341,2,2,2
Conchalí,2024-1,licitacion,Grande,11334553843,27,17,15
Conchalí,2024-1,licitacion,Mediana,120912703,78,24,21
Conchalí,2024-1,licitacion,Micro,71531288,22,11,11
Conchalí,2024-1,licitacion,NoClasificado,64553319,12,10,10
Conchalí,2024-1,licitacion,Pequeña,679560204,92,39,33
Conchalí,2024-1,trato_directo,Grande,2497476379,9,5,5
Conchalí,2024-1,trato_directo,Mediana,139450000,3,3,3
Conchalí,2024-1,trato_directo,Micro,10982500,5,5,5
Conchalí,2024-1,trato_directo,NoClasificado,67533750,3,3,2
Conchalí,2024-1,trato_directo,Pequeña,24799368,8,6,5
Conchalí,2024-2,compra_agil,1.0,14053113,66,34,22
Conchalí,2024-2,compra_agil,2.0,18720978,113,24,18
Conchalí,2024-2,compra_agil,3.0,27785768,142,52,43
Conchalí,2024-2,compra_agil,4.0,64207819,659,96,70
Conchalí,2024-2,compra_agil,Micro,1415000,1,1,1
Conchalí,2024-2,compra_agil,NoClasificado,41815951,263,55,49
Conchalí,2024-2,convenio_marco,1.0,227534797,29,10,8
Conchalí,2024-2,convenio_marco,2.0,30864813,22,5,4
Conchalí,2024-2,convenio_marco,3.0,5941800,3,1,1
Conchalí,2024-2,convenio_marco,4.0,21279247,24,5,5
Conchalí,2024-2,licitacion,1.0,472891170,25,17,14
Conchalí,2024-2,licitacion,2.0,1242590768,60,15,13
Conchalí,2024-2,licitacion,3.0,613858045,19,17,13
Conchalí,2024-2,licitacion,4.0,735271755,70,34,31
Conchalí,2024-2,licitacion,NoClasificado,104938520,44,12,12
Conchalí,2024-2,trato_directo,1.0,47901985,3,2,2
Conchalí,2024-2,trato_directo,3.0,23079034,6,6,5
Conchalí,2024-2,trato_directo,4.0,8460000,3,3,2
Conchalí,2024-2,trato_directo,NoClasificado,23373750,2,2,2
Conchalí,2025-1,compra_agil,Grande,18055197,21,9,8
Conchalí,2025-1,compra_agil,Mediana,73262164,236,41,32
Conchalí,2025-1,compra_agil,Micro,75240498,207,54,49
Conchalí,2025-1,compra_agil,NoClasificado,95908323,241,49,45
Conchalí,2025-1,compra_agil,Pequeña,242660294,753,107,94
Conchalí,2025-1,convenio_marco,Grande,5839695,4,1,1
Conchalí,2025-1,convenio_marco,Mediana,35072127,4,3,3
Conchalí,2025-1,convenio_marco,NoClasificado,12238470,1,1,1
Conchalí,2025-1,convenio_marco,Pequeña,48600599,5,4,4
Conchalí,2025-1,licitacion,Grande,14201573337,21,17,12
Conchalí,2025-1,licitacion,Mediana,807603751,6,6,6
Conchalí,2025-1,licitacion,Micro,45310534,13,5,5
Conchalí,2025-1,licitacion,NoClasificado,508278055,4,4,4
Conchalí,2025-1,licitacion,Pequeña,622387659,17,14,13
Conchalí,2025-1,trato_directo,Grande,311230,1,1,1
Conchalí,2025-1,trato_directo,NoClasificado,327731,1,1,1
Conchalí,2025-1,trato_directo,Pequeña,15791176,2,2,2
Conchalí,2025-2,compra_agil,Grande,7794490,12,7,7
Conchalí,2025-2,compra_agil,Mediana,34873102,210,33,22
Conchalí,2025-2,compra_agil,Micro,84366401,372,55,52
Conchalí,2025-2,compra_agil,NoClasificado,125869456,641,76,59
Conchalí,2025-2,compra_agil,Pequeña,361070347,3010,111,88
Conchalí,2025-2,convenio_marco,Grande,152706483,10,4,4
Conchalí,2025-2,licitacion,Grande,150663960,13,11,9
Conchalí,2025-2,licitacion,Mediana,425093732,5,5,5
Conchalí,2025-2,licitacion,Micro,53373708,4,4,4
Conchalí,2025-2,licitacion,NoClasificado,22837850,2,2,2
Conchalí,2025-2,licitacion,Pequeña,164127800,55,10,10
El Bosque,2015-1,convenio_marco,Grande,115767246,376,114,30
El Bosque,2015-1,convenio_marco,Mediana,76614761,178,76,28
El Bosque,2015-1,convenio_marco,Micro,28442967,126,79,42
El Bosque,2015-1,convenio_marco,Pequeña,90900328,186,73,33
El Bosque,2015-1,licitacion,Grande,1122648561,342,220,60
El Bosque,2015-1,licitacion,Mediana,425943886,487,125,38
El Bosque,2015-1,licitacion,Micro,1452142854,2405,672,176
El Bosque,2015-1,licitacion,NoClasificado,1182784,4,4,1
El Bosque,2015-1,licitacion,Pequeña,974288522,738,262,108
El Bosque,2015-1,trato_directo,Grande,147096731,68,62,34
El Bosque,2015-1,trato_directo,Mediana,19333321,46,23,19
El Bosque,2015-1,trato_directo,Micro,37245140,83,72,37
El Bosque,2015-1,trato_directo,Pequeña,83025292,62,45,24
El Bosque,2015-2,convenio_marco,Grande,139483411,284,101,27
El Bosque,2015-2,convenio_marco,Mediana,143350983,613,121,25
El Bosque,2015-2,convenio_marco,Micro,115634555,234,133,50
El Bosque,2015-2,convenio_marco,Pequeña,210657945,394,181,45
El Bosque,2015-2,licitacion,Grande,1662908491,351,221,51
El Bosque,2015-2,licitacion,Mediana,783412141,581,133,42
El Bosque,2015-2,licitacion,Micro,1455773502,2543,751,199
El Bosque,2015-2,licitacion,NoClasificado,4664667,51,3,2
El Bosque,2015-2,licitacion,Pequeña,1630259807,1218,307,123
El Bosque,2015-2,trato_directo,Grande,143175886,143,140,31
El Bosque,2015-2,trato_directo,Mediana,19517768,38,35,12
El Bosque,2015-2,trato_directo,Micro,188547988,461,114,49
El Bosque,2015-2,trato_directo,NoClasificado,1914377,4,4,1
El Bosque,2015-2,trato_directo,Pequeña,105834936,938,72,26
El Bosque,2016-1,convenio_marco,Grande,162518205,305,102,36
El Bosque,2016-1,convenio_marco,Mediana,116709216,562,108,30
El Bosque,2016-1,convenio_marco,Micro,123639935,260,186,64
El Bosque,2016-1,convenio_marco,Pequeña,127800937,180,107,51
El Bosque,2016-1,licitacion,Grande,1106264089,316,175,54
El Bosque,2016-1,licitacion,Mediana,836122515,494,120,31
El Bosque,2016-1,licitacion,Micro,1135557282,1711,514,168
El Bosque,2016-1,licitacion,Pequeña,1442660796,743,199,84
El Bosque,2016-1,trato_directo,Grande,160755501,178,171,40
El Bosque,2016-1,trato_directo,Mediana,33676890,37,37,12
El Bosque,2016-1,trato_directo,Micro,198564168,120,108,38
El Bosque,2016-1,trato_directo,NoClasificado,3546265,3,3,1
El Bosque,2016-1,trato_directo,Pequeña,224571034,82,82,22
El Bosque,2016-2,convenio_marco,Grande,346787031,1001,236,46
El Bosque,2016-2,convenio_marco,Mediana,136302886,917,157,38
El Bosque,2016-2,convenio_marco,Micro,241315746,609,331,104
El Bosque,2016-2,convenio_marco,NoClasificado,815400,1,1,1
El Bosque,2016-2,convenio_marco,Pequeña,324691147,713,316,84
El Bosque,2016-2,licitacion,Grande,1507679488,422,227,49
El Bosque,2016-2,licitacion,Mediana,751604090,597,124,45
El Bosque,2016-2,licitacion,Micro,1431444730,1707,554,169
El Bosque,2016-2,licitacion,NoClasificado,4594007,36,2,1
El Bosque,2016-2,licitacion,Pequeña,806217917,809,235,92
El Bosque,2016-2,trato_directo,Grande,148418581,158,155,43
El Bosque,2016-2,trato_directo,Mediana,34331369,45,40,15
El Bosque,2016-2,trato_directo,Micro,99641900,59,54,33
El Bosque,2016-2,trato_directo,NoClasificado,6732210,3,3,1
El Bosque,2016-2,trato_directo,Pequeña,262510320,75,73,26
El Bosque,2017-1,convenio_marco,Grande,354476677,1119,271,47
El Bosque,2017-1,convenio_marco,Mediana,106895267,549,148,44
El Bosque,2017-1,convenio_marco,Micro,316812085,794,383,125
El Bosque,2017-1,convenio_marco,Pequeña,429227548,458,203,78
El Bosque,2017-1,licitacion,Grande,934394998,328,203,47
El Bosque,2017-1,licitacion,Mediana,620402352,322,122,36
El Bosque,2017-1,licitacion,Micro,1254347153,952,426,175
El Bosque,2017-1,licitacion,Pequeña,1543573752,578,246,96
El Bosque,2017-1,trato_directo,Grande,353350440,215,205,40
El Bosque,2017-1,trato_directo,Mediana,18049323,48,44,14
El Bosque,2017-1,trato_directo,Micro,33473942,53,52,24
El Bosque,2017-1,trato_directo,NoClasificado,13319779,4,4,2
El Bosque,2017-1,trato_directo,Pequeña,52786254,100,74,23
El Bosque,2017-2,convenio_marco,Grande,589473256,1446,330,50
El Bosque,2017-2,convenio_marco,Mediana,266704883,1314,243,52
El Bosque,2017-2,convenio_marco,Micro,585767391,1290,704,173
El Bosque,2017-2,convenio_marco,Pequeña,450801729,1025,342,110
El Bosque,2017-2,licitacion,Grande,1068409362,350,242,45
El Bosque,2017-2,licitacion,Mediana,543541487,118,102,35
El Bosque,2017-2,licitacion,Micro,1255119455,295,259,108
El Bosque,2017-2,licitacion,NoClasificado,2089790,1,1,1
El Bosque,2017-2,licitacion,Pequeña,1389609219,278,225,73
El Bosque,2017-2,trato_directo,Grande,632052913,235,216,47
El Bosque,2017-2,trato_directo,Mediana,83410336,84,78,20
El Bosque,2017-2,trato_directo,Micro,720447387,90,71,37
El Bosque,2017-2,trato_directo,NoClasificado,5749079,4,4,1
El Bosque,2017-2,trato_directo,Pequeña,118275782,128,108,24
El Bosque,2018-1,convenio_marco,Grande,372812147,1459,327,56
El Bosque,2018-1,convenio_marco,Mediana,214747267,736,145,40
El Bosque,2018-1,convenio_marco,Micro,434777879,1060,526,160
El Bosque,2018-1,convenio_marco,Pequeña,204836560,504,204,92
El Bosque,2018-1,licitacion,Grande,1251903009,646,287,48
El Bosque,2018-1,licitacion,Mediana,490547999,159,72,21
El Bosque,2018-1,licitacion,Micro,1955228486,413,329,116
El Bosque,2018-1,licitacion,NoClasificado,2572518,4,4,1
El Bosque,2018-1,licitacion,Pequeña,1017093540,395,221,69
El Bosque,2018-1,trato_directo,Grande,316115518,276,268,48
El Bosque,2018-1,trato_directo,Mediana,33947623,91,83,24
El Bosque,2018-1,trato_directo,Micro,73023829,105,103,52
El Bosque,2018-1,trato_directo,Pequeña,214474632,85,83,34
El Bosque,2018-2,convenio_marco,Grande,592376901,1708,446,63
El Bosque,2018-2,convenio_marco,Mediana,207660221,567,197,50
El Bosque,2018-2,convenio_marco,Micro,981554291,1958,974,194
El Bosque,2018-2,convenio_marco,Pequeña,516999928,887,343,111
El Bosque,2018-2,licitacion,Grande,825412806,562,234,39
El Bosque,2018-2,licitacion,Mediana,677080018,146,92,35
El Bosque,2018-2,licitacion,Micro,2127986976,439,333,133
El Bosque,2018-2,licitacion,NoClasificado,892000,1,1,1
El Bosque,2018-2,licitacion,Pequeña,1061742371,423,266,73
El Bosque,2018-2,trato_directo,Grande,902764394,730,369,51
El Bosque,2018-2,trato_directo,Mediana,80571777,146,107,24
El Bosque,2018-2,trato_directo,Micro,462440547,138,128,60
El Bosque,2018-2,trato_directo,NoClasificado,12436202,8,7,2
El Bosque,2018-2,trato_directo,Pequeña,172219357,147,106,37
El Bosque,2019-1,convenio_marco,Grande,459032010,844,262,56
El Bosque,2019-1,convenio_marco,Mediana,186240871,678,148,36
El Bosque,2019-1,convenio_marco,Micro,554545708,987,453,118
El Bosque,2019-1,convenio_marco,NoClasificado,16579726,7,1,1
El Bosque,2019-1,convenio_marco,Pequeña,351180145,412,186,77
El Bosque,2019-1,licitacion,Grande,388942812,106,90,35
El Bosque,2019-1,licitacion,Mediana,489898538,91,74,22
El Bosque,2019-1,licitacion,Micro,2448826460,386,319,107
El Bosque,2019-1,licitacion,NoClasificado,953095,1,1,1
El Bosque,2019-1,licitacion,Pequeña,931311127,274,189,62
El Bosque,2019-1,trato_directo,Grande,860550117,878,419,59
El Bosque,2019-1,trato_directo,Mediana,56101197,91,79,26
El Bosque,2019-1,trato_directo,Micro,237126367,160,154,64
El Bosque,2019-1,trato_directo,NoClasificado,8400799,7,7,1
El Bosque,2019-1,trato_directo,Pequeña,596381580,153,127,48
El Bosque,2019-2,convenio_marco,Grande,401435680,910,286,58
El Bosque,2019-2,convenio_marco,Mediana,165189120,990,257,53
El Bosque,2019-2,convenio_marco,Micro,945858241,1715,798,177
El Bosque,2019-2,convenio_marco,Pequeña,449582052,989,359,100
El Bosque,2019-2,licitacion,Grande,888890332,152,147,34
El Bosque,2019-2,licitacion,Mediana,1071171669,86,71,20
El Bosque,2019-2,licitacion,Micro,2340939542,405,354,112
El Bosque,2019-2,licitacion,Pequeña,1489763716,320,252,64
El Bosque,2019-2,trato_directo,Grande,667391454,905,197,27
El Bosque,2019-2,trato_directo,Mediana,30816927,58,22,13
El Bosque,2019-2,trato_directo,Micro,248675825,119,111,53
El Bosque,2019-2,trato_directo,NoClasificado,8980596,5,5,1
El Bosque,2019-2,trato_directo,Pequeña,72733212,66,45,22
El Bosque,2020-1,compra_agil,Micro,422050,3,3,3
El Bosque,2020-1,compra_agil,NoClasificado,669500,4,1,1
El Bosque,2020-1,convenio_marco,Grande,332760719,286,105,35
El Bosque,2020-1,convenio_marco,Mediana,124579864,271,70,24
El Bosque,2020-1,convenio_marco,Micro,334162879,353,238,113
El Bosque,2020-1,convenio_marco,Pequeña,253736227,271,108,60
El Bosque,2020-1,licitacion,Grande,664011126,151,137,30
El Bosque,2020-1,licitacion,Mediana,324959828,63,57,17
El Bosque,2020-1,licitacion,Micro,1828076923,276,262,60
El Bosque,2020-1,licitacion,Pequeña,994431800,179,162,53
El Bosque,2020-1,trato_directo,Grande,689763227,314,108,32
El Bosque,2020-1,trato_directo,Mediana,124161183,55,47,22
El Bosque,2020-1,trato_directo,Micro,564100741,246,177,81
El Bosque,2020-1,trato_directo,NoClasificado,633307370,36,26,15
El Bosque,2020-1,trato_directo,Pequeña,378194623,158,120,46
El Bosque,2020-2,compra_agil,Grande,12856611,41,24,13
El Bosque,2020-2,compra_agil,Mediana,10642828,16,16,14
El Bosque,2020-2,compra_agil,Micro,37279324,288,60,47
El Bosque,2020-2,compra_agil,NoClasificado,7971305,57,15,14
El Bosque,2020-2,compra_agil,Pequeña,25426352,86,46,34
El Bosque,2020-2,convenio_marco,Grande,653904751,413,157,41
El Bosque,2020-2,convenio_marco,Mediana,184929332,168,66,35
El Bosque,2020-2,convenio_marco,Micro,350056356,411,234,105
El Bosque,2020-2,convenio_marco,NoClasificado,2067833,4,2,1
El Bosque,2020-2,convenio_marco,Pequeña,217050259,340,144,72
El Bosque,2020-2,licitacion,Grande,672126314,148,127,25
El Bosque,2020-2,licitacion,Mediana,2475631014,81,75,18
El Bosque,2020-2,licitacion,Micro,2350279854,351,310,56
El Bosque,2020-2,licitacion,NoClasificado,10957167,7,3,3
El Bosque,2020-2,licitacion,Pequeña,466666886,137,123,42
El Bosque,2020-2,trato_directo,Grande,790241424,84,79,28
El Bosque,2020-2,trato_directo,Mediana,57575108,39,28,15
El Bosque,2020-2,trato_directo,Micro,208467717,115,100,55
El Bosque,2020-2,trato_directo,NoClasificado,187692446,42,29,12
El Bosque,2020-2,trato_directo,Pequeña,295596883,88,59,32
El Bosque,2021-1,compra_agil,Grande,69088912,286,113,44
El Bosque,2021-1,compra_agil,Mediana,12586956,50,21,15
El Bosque,2021-1,compra_agil,Micro,102567638,457,146,111
El Bosque,2021-1,compra_agil,NoClasificado,467562,3,3,1
El Bosque,2021-1,compra_agil,Pequeña,34812580,118,67,46
El Bosque,2021-1,convenio_marco,Grande,473793663,288,109,46
El Bosque,2021-1,convenio_marco,Mediana,89977633,70,32,18
El Bosque,2021-1,convenio_marco,Micro,243068970,212,114,47
El Bosque,2021-1,convenio_marco,Pequeña,56676099,49,38,23
El Bosque,2021-1,licitacion,Grande,1584661015,195,158,32
El Bosque,2021-1,licitacion,Mediana,593532891,38,36,17
El Bosque,2021-1,licitacion,Micro,1087341115,251,247,56
El Bosque,2021-1,licitacion,NoClasificado,5674998,10,10,1
El Bosque,2021-1,licitacion,Pequeña,636473093,116,96,30
El Bosque,2021-1,trato_directo,Grande,969965920,73,66,12
El Bosque,2021-1,trato_directo,Mediana,52205192,3,3,2
El Bosque,2021-1,trato_directo,Micro,319168150,66,65,41
El Bosque,2021-1,trato_directo,Pequeña,377286223,35,32,16
El Bosque,2021-2,compra_agil,Grande,100553307,488,127,41
El Bosque,2021-2,compra_agil,Mediana,60124079,363,73,33
El Bosque,2021-2,compra_agil,Micro,275033431,1732,333,193
El Bosque,2021-2,compra_agil,NoClasificado,36430670,221,50,39
El Bosque,2021-2,compra_agil,Pequeña,110969218,452,128,79
El Bosque,2021-2,convenio_marco,Grande,325812032,138,63,27
El Bosque,2021-2,convenio_marco,Mediana,119500112,109,33,16
El Bosque,2021-2,convenio_marco,Micro,619792363,381,151,76
El Bosque,2021-2,convenio_marco,NoClasificado,4228846,8,4,3
El Bosque,2021-2,convenio_marco,Pequeña,143202750,195,56,30
El Bosque,2021-2,licitacion,Grande,1066184740,90,80,31
El Bosque,2021-2,licitacion,Mediana,687781040,65,57,23
El Bosque,2021-2,licitacion,Micro,2791051204,396,359,103
El Bosque,2021-2,licitacion,NoClasificado,23163806,12,10,8
El Bosque,2021-2,licitacion,Pequeña,873074088,170,134,45
El Bosque,2021-2,trato_directo,Grande,639837578,33,31,12
El Bosque,2021-2,trato_directo,Mediana,28269223,2,2,2
El Bosque,2021-2,trato_directo,Micro,224769023,60,56,32
El Bosque,2021-2,trato_directo,NoClasificado,155958441,50,49,18
El Bosque,2021-2,trato_directo,Pequeña,81914002,14,13,12
El Bosque,2022-1,compra_agil,Grande,191174899,1094,188,66
El Bosque,2022-1,compra_agil,Mediana,59565657,317,62,42
El Bosque,2022-1,compra_agil,Micro,183052261,1269,211,137
El Bosque,2022-1,compra_agil,NoClasificado,97641341,640,81,56
El Bosque,2022-1,compra_agil,Pequeña,97477342,653,111,73
El Bosque,2022-1,convenio_marco,Grande,333761899,156,73,33
El Bosque,2022-1,convenio_marco,Mediana,41905831,18,12,8
El Bosque,2022-1,convenio_marco,Micro,16548369,11,8,8
El Bosque,2022-1,convenio_marco,NoClasificado,3326370,16,2,2
El Bosque,2022-1,convenio_marco,Pequeña,25594495,29,15,11
El Bosque,2022-1,licitacion,Grande,2105521583,205,175,48
El Bosque,2022-1,licitacion,Mediana,384153534,78,64,32
El Bosque,2022-1,licitacion,Micro,1213767924,277,226,64
El Bosque,2022-1,licitacion,NoClasificado,97415697,54,37,13
El Bosque,2022-1,licitacion,Pequeña,1075184561,156,122,45
El Bosque,2022-1,trato_directo,Grande,926421645,58,55,12
El Bosque,2022-1,trato_directo,Mediana,4035140,5,5,5
El Bosque,2022-1,trato_directo,Micro,114343892,36,36,17
El Bosque,2022-1,trato_directo,NoClasificado,20422880,9,8,7
El Bosque,2022-1,trato_directo,Pequeña,92450509,15,15,12
El Bosque,2022-2,convenio_marco,Grande,363998509,129,72,28
El Bosque,2022-2,convenio_marco,Mediana,31671566,13,7,7
El Bosque,2022-2,convenio_marco,Micro,19168501,10,6,6
El Bosque,2022-2,convenio_marco,Pequeña,83771903,59,14,8
El Bosque,2022-2,licitacion,Grande,4119313638,199,162,53
El Bosque,2022-2,licitacion,Mediana,852388052,99,88,36
El Bosque,2022-2,licitacion,Micro,1816443537,175,143,62
El Bosque,2022-2,licitacion,NoClasificado,379268756,95,65,41
El Bosque,2022-2,licitacion,Pequeña,1268471720,149,136,59
El Bosque,2022-2,trato_directo,Grande,1621892386,48,44,15
El Bosque,2022-2,trato_directo,Mediana,24879625,20,11,7
El Bosque,2022-2,trato_directo,Micro,61164587,35,32,13
El Bosque,2022-2,trato_directo,NoClasificado,25408814,13,11,9
El Bosque,2022-2,trato_directo,Pequeña,132233130,26,25,12
El Bosque,2023-1,compra_agil,Grande,167611039,681,169,75
El Bosque,2023-1,compra_agil,Mediana,72895820,262,77,51
El Bosque,2023-1,compra_agil,Micro,181747582,1341,211,126
El Bosque,2023-1,compra_agil,NoClasificado,153510157,1497,189,95
El Bosque,2023-1,compra_agil,Pequeña,187334819,2199,152,98
El Bosque,2023-1,convenio_marco,Grande,458049796,101,54,25
El Bosque,2023-1,convenio_marco,Mediana,26035247,12,7,5
El Bosque,2023-1,convenio_marco,Micro,46468682,24,8,8
El Bosque,2023-1,convenio_marco,NoClasificado,7197375,5,2,2
El Bosque,2023-1,convenio_marco,Pequeña,27389102,19,9,3
El Bosque,2023-1,licitacion,Grande,1295099838,225,153,46
El Bosque,2023-1,licitacion,Mediana,433311213,74,62,34
El Bosque,2023-1,licitacion,Micro,790339520,142,93,52
El Bosque,2023-1,licitacion,NoClasificado,299514149,110,70,40
El Bosque,2023-1,licitacion,Pequeña,5108385050,114,109,56
El Bosque,2023-1,trato_directo,Grande,2168080617,52,49,16
El Bosque,2023-1,trato_directo,Mediana,31600467,6,6,5
El Bosque,2023-1,trato_directo,Micro,158193817,34,30,16
El Bosque,2023-1,trato_directo,NoClasificado,65125652,26,17,16
El Bosque,2023-1,trato_directo,Pequeña,338280465,11,11,10
El Bosque,2023-2,compra_agil,Grande,133721418,682,146,77
El Bosque,2023-2,compra_agil,Mediana,209206909,2115,177,82
El Bosque,2023-2,compra_agil,Micro,215140365,997,267,156
El Bosque,2023-2,compra_agil,NoClasificado,60316051,370,87,55
El Bosque,2023-2,compra_agil,Pequeña,501393490,2468,582,269
El Bosque,2023-2,convenio_marco,Grande,359040483,291,73,24
El Bosque,2023-2,convenio_marco,Mediana,83137353,72,19,14
El Bosque,2023-2,convenio_marco,Micro,13998520,28,3,2
El Bosque,2023-2,convenio_marco,Pequeña,180586778,91,29,10
El Bosque,2023-2,licitacion,Grande,2749277746,258,179,66
El Bosque,2023-2,licitacion,Mediana,2268808785,112,111,50
El Bosque,2023-2,licitacion,Micro,558330558,115,106,46
El Bosque,2023-2,licitacion,NoClasificado,19631350,14,10,9
El Bosque,2023-2,licitacion,Pequeña,1368245476,181,150,100
El Bosque,2023-2,trato_directo,Grande,2903285814,87,74,21
El Bosque,2023-2,trato_directo,Mediana,250790193,11,10,7
El Bosque,2023-2,trato_directo,Micro,128867768,59,39,18
El Bosque,2023-2,trato_directo,NoClasificado,35058907,19,10,6
El Bosque,2023-2,trato_directo,Pequeña,68984836,35,29,18
El Bosque,2024-1,compra_agil,Grande,128972114,398,124,66
El Bosque,2024-1,compra_agil,Mediana,75810553,210,92,55
El Bosque,2024-1,compra_agil,Micro,128187282,483,168,103
El Bosque,2024-1,compra_agil,NoClasificado,84305950,566,83,59
El Bosque,2024-1,compra_agil,Pequeña,284954248,2011,322,165
El Bosque,2024-1,convenio_marco,Grande,330609073,144,48,23
El Bosque,2024-1,convenio_marco,Mediana,69267553,113,21,15
El Bosque,2024-1,convenio_marco,Micro,10566785,5,3,3
El Bosque,2024-1,convenio_marco,NoClasificado,1541000,2,1,1
El Bosque,2024-1,convenio_marco,Pequeña,61955895,38,12,11
El Bosque,2024-1,licitacion,Grande,1542637206,245,157,65
El Bosque,2024-1,licitacion,Mediana,18573232759,95,90,48
El Bosque,2024-1,licitacion,Micro,1188962894,149,101,59
El Bosque,2024-1,licitacion,NoClasificado,379473518,38,28,22
El Bosque,2024-1,licitacion,Pequeña,2629216601,166,131,86
El Bosque,2024-1,trato_directo,Grande,946727261,58,57,9
El Bosque,2024-1,trato_directo,Mediana,41974942,13,7,6
El Bosque,2024-1,trato_directo,Micro,45049390,31,16,10
El Bosque,2024-1,trato_directo,NoClasificado,45100622,11,6,6
El Bosque,2024-1,trato_directo,Pequeña,69602509,111,30,15
El Bosque,2024-2,compra_agil,1.0,90626933,364,101,54
El Bosque,2024-2,compra_agil,2.0,185710854,807,176,83
El Bosque,2024-2,compra_agil,3.0,160240350,530,195,127
El Bosque,2024-2,compra_agil,4.0,357796601,2999,414,180
El Bosque,2024-2,compra_agil,Micro,14389202,130,10,6
El Bosque,2024-2,compra_agil,NoClasificado,176160201,1058,191,110
El Bosque,2024-2,convenio_marco,1.0,249658575,189,61,24
El Bosque,2024-2,convenio_marco,2.0,136978075,104,26,13
El Bosque,2024-2,convenio_marco,3.0,11785900,6,2,2
El Bosque,2024-2,convenio_marco,4.0,44191209,20,10,9
El Bosque,2024-2,convenio_marco,NoClasificado,619960,1,1,1
El Bosque,2024-2,licitacion,1.0,8095292744,300,185,71
El Bosque,2024-2,licitacion,2.0,4743179394,87,78,44
El Bosque,2024-2,licitacion,3.0,517991313,92,71,46
El Bosque,2024-2,licitacion,4.0,1476765266,175,116,66
El Bosque,2024-2,licitacion,Micro,14078784,3,2,2
El Bosque,2024-2,licitacion,NoClasificado,576320200,58,37,30
El Bosque,2024-2,trato_directo,1.0,776953978,55,55,16
El Bosque,2024-2,trato_directo,2.0,413909768,21,19,10
El Bosque,2024-2,trato_directo,3.0,67150414,8,6,5
El Bosque,2024-2,trato_directo,4.0,27384003,15,13,7
El Bosque,2024-2,trato_directo,Micro,2874000,4,4,2
El Bosque,2024-2,trato_directo,NoClasificado,40631266,10,6,6
El Bosque,2025-1,compra_agil,Grande,39112913,38,20,15
El Bosque,2025-1,compra_agil,Mediana,216010914,1006,76,45
El Bosque,2025-1,compra_agil,Micro,167346708,2239,76,64
El Bosque,2025-1,compra_agil,NoClasificado,234099391,1210,92,69
El Bosque,2025-1,compra_agil,Pequeña,665327213,5086,210,129
El Bosque,2025-1,convenio_marco,Grande,278321084,102,47,28
El Bosque,2025-1,convenio_marco,Mediana,99650003,96,21,14
El Bosque,2025-1,convenio_marco,Micro,4179126,5,3,2
El Bosque,2025-1,convenio_marco,NoClasificado,11374990,4,3,3
El Bosque,2025-1,convenio_marco,Pequeña,77962827,30,12,10
El Bosque,2025-1,licitacion,Grande,3582783152,241,132,40
El Bosque,2025-1,licitacion,Mediana,833033708,28,26,16
El Bosque,2025-1,licitacion,Micro,599396851,66,36,18
El Bosque,2025-1,licitacion,NoClasificado,290035620,80,44,24
El Bosque,2025-1,licitacion,Pequeña,2231347600,110,68,38
El Bosque,2025-1,trato_directo,Grande,11740469,12,9,7
El Bosque,2025-1,trato_directo,Mediana,63404112,6,5,3
El Bosque,2025-1,trato_directo,Micro,36145421,13,7,4
El Bosque,2025-1,trato_directo,NoClasificado,62735678,21,11,6
El Bosque,2025-1,trato_directo,Pequeña,24433188,6,3,3
El Bosque,2025-2,compra_agil,Grande,24238524,48,10,8
El Bosque,2025-2,compra_agil,Mediana,210773871,1323,87,59
El Bosque,2025-2,compra_agil,Micro,334929830,1781,125,97
El Bosque,2025-2,compra_agil,NoClasificado,642138698,3300,157,119
El Bosque,2025-2,compra_agil,Pequeña,641180020,4006,238,139
El Bosque,2025-2,convenio_marco,Grande,146921514,125,38,22
El Bosque,2025-2,convenio_marco,Mediana,43223410,37,20,12
El Bosque,2025-2,convenio_marco,Micro,10078750,26,2,2
El Bosque,2025-2,convenio_marco,NoClasificado,9223510,20,3,3
El Bosque,2025-2,convenio_marco,Pequeña,54261910,38,11,11
El Bosque,2025-2,licitacion,Grande,3972198403,217,98,46
El Bosque,2025-2,licitacion,Mediana,1308215390,58,47,30
El Bosque,2025-2,licitacion,Micro,418280035,130,34,23
El Bosque,2025-2,licitacion,NoClasificado,345070960,32,24,19
El Bosque,2025-2,licitacion,Pequeña,1577984560,111,71,45
El Bosque,2025-2,trato_directo,Grande,12085460,4,4,4
El Bosque,2025-2,trato_directo,Mediana,9161660,10,4,4
El Bosque,2025-2,trato_directo,Micro,4180000,1,1,1
El Bosque,2025-2,trato_directo,NoClasificado,1113000,1,1,1
El Bosque,2025-2,trato_directo,Pequeña,46697428,6,5,5
Estación Central,2015-1,convenio_marco,Grande,94330653,437,107,24
Estación Central,2015-1,convenio_marco,Mediana,47317990,457,98,20
Estación Central,2015-1,convenio_marco,Micro,64104907,250,79,39
Estación Central,2015-1,convenio_marco,Pequeña,127718450,223,93,32
Estación Central,2015-1,licitacion,Grande,11679584,38,10,6
Estación Central,2015-1,licitacion,Mediana,22035970,86,40,4
Estación Central,2015-1,licitacion,Micro,37110960,203,43,30
Estación Central,2015-1,licitacion,Pequeña,43900784,221,33,22
Estación Central,2015-1,trato_directo,Grande,32925387,10,10,5
Estación Central,2015-1,trato_directo,Mediana,5066000,4,4,4
Estación Central,2015-1,trato_directo,Micro,30813464,25,25,17
Estación Central,2015-1,trato_directo,Pequeña,67262668,19,17,11
Estación Central,2015-2,convenio_marco,Grande,100382273,403,116,29
Estación Central,2015-2,convenio_marco,Mediana,147013944,1707,178,31
Estación Central,2015-2,convenio_marco,Micro,151098705,398,150,55
Estación Central,2015-2,convenio_marco,Pequeña,155961477,360,136,47
Estación Central,2015-2,licitacion,Grande,2180173518,37,16,12
Estación Central,2015-2,licitacion,Mediana,94717084,40,22,8
Estación Central,2015-2,licitacion,Micro,108613668,284,67,38
Estación Central,2015-2,licitacion,Pequeña,53550385,91,33,27
Estación Central,2015-2,trato_directo,Grande,34573027,9,9,5
Estación Central,2015-2,trato_directo,Mediana,22498899,9,8,7
Estación Central,2015-2,trato_directo,Micro,97770930,70,64,30
Estación Central,2015-2,trato_directo,Pequeña,45014826,37,26,15
Estación Central,2016-1,convenio_marco,Grande,89034363,361,98,20
Estación Central,2016-1,convenio_marco,Mediana,143659398,767,143,22
Estación Central,2016-1,convenio_marco,Micro,159261463,429,147,52
Estación Central,2016-1,convenio_marco,Pequeña,82414193,326,98,47
Estación Central,2016-1,licitacion,Grande,27151193,22,16,8
Estación Central,2016-1,licitacion,Mediana,15132361,170,19,9
Estación Central,2016-1,licitacion,Micro,127869700,181,37,28
Estación Central,2016-1,licitacion,Pequeña,231832815,293,32,16
Estación Central,2016-1,trato_directo,Grande,14893719,11,11,8
Estación Central,2016-1,trato_directo,Mediana,9769545,14,14,6
Estación Central,2016-1,trato_directo,Micro,147470233,53,51,34
Estación Central,2016-1,trato_directo,Pequeña,66829436,23,23,10
Estación Central,2016-2,convenio_marco,Grande,95042743,603,145,37
Estación Central,2016-2,convenio_marco,Mediana,165392924,595,176,47
Estación Central,2016-2,convenio_marco,Micro,278661374,1680,397,122
Estación Central,2016-2,convenio_marco,Pequeña,176524387,909,247,93
Estación Central,2016-2,licitacion,Grande,2552790,14,8,6
Estación Central,2016-2,licitacion,Mediana,50743131,56,38,6
Estación Central,2016-2,licitacion,Micro,444370218,48,24,12
Estación Central,2016-2,licitacion,Pequeña,53369320,6,6,3
Estación Central,2016-2,trato_directo,Grande,126647141,52,52,22
Estación Central,2016-2,trato_directo,Mediana,41115827,11,11,7
Estación Central,2016-2,trato_directo,Micro,124079641,48,48,35
Estación Central,2016-2,trato_directo,Pequeña,72338547,38,37,14
Estación Central,2017-1,convenio_marco,Grande,73463466,444,87,17
Estación Central,2017-1,convenio_marco,Mediana,65280386,353,66,19
Estación Central,2017-1,convenio_marco,Micro,74385703,312,131,66
Estación Central,2017-1,convenio_marco,Pequeña,77615401,125,81,42
Estación Central,2017-1,licitacion,Grande,13580225,21,6,6
Estación Central,2017-1,licitacion,Mediana,2327568,17,16,1
Estación Central,2017-1,licitacion,Micro,37875366,7,6,5
Estación Central,2017-1,licitacion,Pequeña,83981974,27,8,7
Estación Central,2017-1,trato_directo,Grande,152342339,52,52,22
Estación Central,2017-1,trato_directo,Mediana,33577388,9,9,8
Estación Central,2017-1,trato_directo,Micro,95270182,50,49,33
Estación Central,2017-1,trato_directo,Pequeña,1593160723,27,22,14
Estación Central,2017-2,convenio_marco,Grande,184362354,945,242,38
Estación Central,2017-2,convenio_marco,Mediana,150914706,726,132,33
Estación Central,2017-2,convenio_marco,Micro,223676974,1020,322,110
Estación Central,2017-2,convenio_marco,Pequeña,118482972,695,186,66
Estación Central,2017-2,licitacion,Grande,8238870,14,11,7
Estación Central,2017-2,licitacion,Mediana,8492373,43,20,7
Estación Central,2017-2,licitacion,Micro,8441120,48,9,9
Estación Central,2017-2,licitacion,Pequeña,17235367,8,6,4
Estación Central,2017-2,trato_directo,Grande,110879705,40,40,17
Estación Central,2017-2,trato_directo,Mediana,15340940,10,9,6
Estación Central,2017-2,trato_directo,Micro,95091789,54,49,33
Estación Central,2017-2,trato_directo,NoClasificado,8393277,1,1,1
Estación Central,2017-2,trato_directo,Pequeña,152998831,41,41,24
Estación Central,2018-1,convenio_marco,Grande,75074333,654,117,30
Estación Central,2018-1,convenio_marco,Mediana,84119261,671,140,31
Estación Central,2018-1,convenio_marco,Micro,161651907,886,273,93
Estación Central,2018-1,convenio_marco,Pequeña,198187404,546,185,62
Estación Central,2018-1,licitacion,Grande,12029217,15,15,9
Estación Central,2018-1,licitacion,Mediana,3846748,24,18,3
Estación Central,2018-1,licitacion,Micro,206969915,11,11,8
Estación Central,2018-1,licitacion,Pequeña,12956036,18,11,4
Estación Central,2018-1,trato_directo,Grande,174431303,46,45,16
Estación Central,2018-1,trato_directo,Mediana,11285201,7,7,6
Estación Central,2018-1,trato_directo,Micro,109740115,46,46,33
Estación Central,2018-1,trato_directo,NoClasificado,1174790,1,1,1
Estación Central,2018-1,trato_directo,Pequeña,111250642,24,24,14
Estación Central,2018-2,convenio_marco,Grande,167157221,1076,245,38
Estación Central,2018-2,convenio_marco,Mediana,83311913,225,102,39
Estación Central,2018-2,convenio_marco,Micro,353864142,1132,435,118
Estación Central,2018-2,convenio_marco,Pequeña,159165918,649,206,72
Estación Central,2018-2,licitacion,Grande,30500778,24,19,12
Estación Central,2018-2,licitacion,Mediana,45056579,11,6,4
Estación Central,2018-2,licitacion,Micro,3899854,17,17,1
Estación Central,2018-2,licitacion,Pequeña,465600,4,3,1
Estación Central,2018-2,trato_directo,Grande,155114191,78,49,20
Estación Central,2018-2,trato_directo,Mediana,31089326,10,10,8
Estación Central,2018-2,trato_directo,Micro,240189774,55,54,35
Estación Central,2018-2,trato_directo,Pequeña,169888614,38,38,18
Estación Central,2019-1,convenio_marco,Grande,150789193,750,115,27
Estación Central,2019-1,convenio_marco,Mediana,91633729,358,82,24
Estación Central,2019-1,convenio_marco,Micro,109114988,370,159,58
Estación Central,2019-1,convenio_marco,Pequeña,129063702,240,93,35
Estación Central,2019-1,licitacion,Grande,281534579,8,4,4
Estación Central,2019-1,licitacion,Mediana,466000,2,1,1
Estación Central,2019-1,licitacion,Micro,101171183,12,11,4
Estación Central,2019-1,licitacion,Pequeña,205842382,9,9,8
Estación Central,2019-1,trato_directo,Grande,149435674,167,47,16
Estación Central,2019-1,trato_directo,Mediana,12047060,6,6,5
Estación Central,2019-1,trato_directo,Micro,68348422,30,30,24
Estación Central,2019-1,trato_directo,Pequeña,326369120,30,27,16
Estación Central,2019-2,convenio_marco,Grande,134272567,998,177,32
Estación Central,2019-2,convenio_marco,Mediana,85504232,978,160,31
Estación Central,2019-2,convenio_marco,Micro,215545761,1294,388,125
Estación Central,2019-2,convenio_marco,Pequeña,126179740,838,242,69
Estación Central,2019-2,licitacion,Grande,10811008,10,9,5
Estación Central,2019-2,licitacion,Mediana,19497731,2,2,2
Estación Central,2019-2,licitacion,Micro,296297985,14,14,3
Estación Central,2019-2,licitacion,Pequeña,199459310,2,2,2
Estación Central,2019-2,trato_directo,Grande,158656623,102,47,20
Estación Central,2019-2,trato_directo,Mediana,20240100,14,8,7
Estación Central,2019-2,trato_directo,Micro,112321154,51,51,32
Estación Central,2019-2,trato_directo,Pequeña,82393501,32,31,19
Estación Central,2020-1,compra_agil,Mediana,395000,2,2,1
Estación Central,2020-1,convenio_marco,Grande,99788104,193,27,14
Estación Central,2020-1,convenio_marco,Mediana,41831591,114,27,15
Estación Central,2020-1,convenio_marco,Micro,176624126,288,106,58
Estación Central,2020-1,convenio_marco,Pequeña,105518286,223,71,32
Estación Central,2020-1,licitacion,Grande,435289013,14,11,8
Estación Central,2020-1,licitacion,Mediana,203004975,9,7,4
Estación Central,2020-1,licitacion,Micro,757690561,16,16,5
Estación Central,2020-1,trato_directo,Grande,157164032,60,32,16
Estación Central,2020-1,trato_directo,Mediana,53337238,17,17,9
Estación Central,2020-1,trato_directo,Micro,197663352,33,33,20
Estación Central,2020-1,trato_directo,NoClasificado,24440050,6,6,5
Estación Central,2020-1,trato_directo,Pequeña,103771129,36,36,11
Estación Central,2020-2,compra_agil,Grande,985000,3,3,2
Estación Central,2020-2,compra_agil,Mediana,1833600,8,2,2
Estación Central,2020-2,compra_agil,Micro,3193414,44,3,3
Estación Central,2020-2,compra_agil,Pequeña,593940,15,2,2
Estación Central,2020-2,convenio_marco,Grande,61227078,58,38,17
Estación Central,2020-2,convenio_marco,Mediana,51126506,246,49,20
Estación Central,2020-2,convenio_marco,Micro,213290198,502,156,74
Estación Central,2020-2,convenio_marco,Pequeña,61407431,434,122,43
Estación Central,2020-2,licitacion,Grande,1138603785,2,2,2
Estación Central,2020-2,licitacion,Micro,260836100,19,19,4
Estación Central,2020-2,licitacion,Pequeña,175997898,1,1,1
Estación Central,2020-2,trato_directo,Grande,209377952,32,31,18
Estación Central,2020-2,trato_directo,Mediana,199604573,33,32,17
Estación Central,2020-2,trato_directo,Micro,305402011,77,72,38
Estación Central,2020-2,trato_directo,NoClasificado,276567211,59,43,16
Estación Central,2020-2,trato_directo,Pequeña,534634467,65,60,21
Estación Central,2021-1,compra_agil,Grande,920000,3,3,3
Estación Central,2021-1,compra_agil,Mediana,481115,1,1,1
Estación Central,2021-1,compra_agil,Micro,6532036,19,9,9
Estación Central,2021-1,compra_agil,NoClasificado,2450760,19,1,1
Estación Central,2021-1,compra_agil,Pequeña,4786261,16,10,10
Estación Central,2021-1,convenio_marco,Grande,67631798,46,24,16
Estación Central,2021-1,convenio_marco,Mediana,27835255,31,13,12
Estación Central,2021-1,convenio_marco,Micro,106057364,128,45,21
Estación Central,2021-1,convenio_marco,Pequeña,14487523,47,22,14
Estación Central,2021-1,licitacion,Grande,587239021,3,3,3
Estación Central,2021-1,licitacion,Micro,143821133,5,5,2
Estación Central,2021-1,licitacion,Pequeña,12976783,2,2,2
Estación Central,2021-1,trato_directo,Grande,260532894,50,50,21
Estación Central,2021-1,trato_directo,Mediana,82904515,31,26,16
Estación Central,2021-1,trato_directo,Micro,192694648,126,70,41
Estación Central,2021-1,trato_directo,Pequeña,312204714,92,65,24
Estación Central,2021-2,compra_agil,Grande,26502321,167,20,14
Estación Central,2021-2,compra_agil,Mediana,84395346,1185,52,25
Estación Central,2021-2,compra_agil,Micro,286810721,1943,267,154
Estación Central,2021-2,compra_agil,NoClasificado,49378842,971,57,41
Estación Central,2021-2,compra_agil,Pequeña,210747671,2333,104,53
Estación Central,2021-2,convenio_marco,Grande,173858117,195,57,20
Estación Central,2021-2,convenio_marco,Mediana,97540295,95,31,14
Estación Central,2021-2,convenio_marco,Micro,268172921,608,129,38
Estación Central,2021-2,convenio_marco,Pequeña,121173352,82,45,25
Estación Central,2021-2,licitacion,Grande,6747899,1,1,1
Estación Central,2021-2,licitacion,Micro,21315200,2,2,2
Estación Central,2021-2,licitacion,Pequeña,33719275,2,2,2
Estación Central,2021-2,trato_directo,Grande,87582193,12,12,7
Estación Central,2021-2,trato_directo,Mediana,83289147,13,13,7
Estación Central,2021-2,trato_directo,Micro,240866642,36,36,28
Estación Central,2021-2,trato_directo,NoClasificado,3587162,3,3,3
Estación Central,2021-2,trato_directo,Pequeña,52736248,16,16,13
Estación Central,2022-1,compra_agil,Grande,69795931,561,67,32
Estación Central,2022-1,compra_agil,Mediana,108801663,1752,41,29
Estación Central,2022-1,compra_agil,Micro,153283687,1081,141,102
Estación Central,2022-1,compra_agil,NoClasificado,48093556,401,58,40
Estación Central,2022-1,compra_agil,Pequeña,130567782,1872,93,50
Estación Central,2022-1,convenio_marco,Grande,146385716,94,44,12
Estación Central,2022-1,convenio_marco,Mediana,7823112,12,4,4
Estación Central,2022-1,convenio_marco,Micro,19910431,27,9,5
Estación Central,2022-1,convenio_marco,Pequeña,33511499,26,6,3
Estación Central,2022-1,licitacion,Grande,204246451,234,25,16
Estación Central,2022-1,licitacion,Mediana,2656170715,85,17,11
Estación Central,2022-1,licitacion,Micro,45285728,63,6,5
Estación Central,2022-1,licitacion,NoClasificado,25642000,3,2,2
Estación Central,2022-1,licitacion,Pequeña,54339980,117,10,8
Estación Central,2022-1,trato_directo,Grande,114561724,10,10,8
Estación Central,2022-1,trato_directo,Mediana,5654560,2,2,2
Estación Central,2022-1,trato_directo,Micro,76573087,17,15,13
Estación Central,2022-1,trato_directo,NoClasificado,3500000,1,1,1
Estación Central,2022-1,trato_directo,Pequeña,16231665,6,5,5
Estación Central,2022-2,convenio_marco,Grande,185422893,419,48,10
Estación Central,2022-2,convenio_marco,Mediana,25382945,6,6,5
Estación Central,2022-2,convenio_marco,Micro,9356720,6,3,2
Estación Central,2022-2,convenio_marco,NoClasificado,24071129,32,4,3
Estación Central,2022-2,convenio_marco,Pequeña,34120124,10,6,5
Estación Central,2022-2,licitacion,Grande,187266825,585,51,15
Estación Central,2022-2,licitacion,Mediana,19642755,40,7,5
Estación Central,2022-2,licitacion,Micro,8825916,6,4,2
Estación Central,2022-2,licitacion,Pequeña,146531246,68,11,8
Estación Central,2022-2,trato_directo,Grande,177038686,17,16,11
Estación Central,2022-2,trato_directo,Mediana,45691461,6,6,5
Estación Central,2022-2,trato_directo,Micro,73088332,15,13,11
Estación Central,2022-2,trato_directo,NoClasificado,38328874,10,7,5
Estación Central,2022-2,trato_directo,Pequeña,56584608,8,8,7
Estación Central,2023-1,compra_agil,Grande,109829723,380,88,41
Estación Central,2023-1,compra_agil,Mediana,143091630,1566,91,43
Estación Central,2023-1,compra_agil,Micro,127850628,475,115,80
Estación Central,2023-1,compra_agil,NoClasificado,164812928,801,133,78
Estación Central,2023-1,compra_agil,Pequeña,122192280,652,114,67
Estación Central,2023-1,convenio_marco,Grande,301623303,431,48,12
Estación Central,2023-1,convenio_marco,Mediana,93247506,62,15,10
Estación Central,2023-1,convenio_marco,Micro,8208030,6,3,3
Estación Central,2023-1,convenio_marco,NoClasificado,3153800,2,1,1
Estación Central,2023-1,convenio_marco,Pequeña,36151627,12,3,2
Estación Central,2023-1,licitacion,Grande,181965349,12,7,6
Estación Central,2023-1,licitacion,Mediana,128619844,4,3,3
Estación Central,2023-1,licitacion,Micro,25269848,2,2,2
Estación Central,2023-1,licitacion,NoClasificado,37815127,1,1,1
Estación Central,2023-1,licitacion,Pequeña,207816237,40,13,9
Estación Central,2023-1,trato_directo,Grande,482992137,29,25,15
Estación Central,2023-1,trato_directo,Mediana,123150937,12,12,12
Estación Central,2023-1,trato_directo,Micro,85240537,14,14,12
Estación Central,2023-1,trato_directo,NoClasificado,32264202,5,5,5
Estación Central,2023-1,trato_directo,Pequeña,235139055,22,22,15
Estación Central,2023-2,compra_agil,Grande,65796841,155,73,41
Estación Central,2023-2,compra_agil,Mediana,82452957,329,101,52
Estación Central,2023-2,compra_agil,Micro,143660977,296,149,78
Estación Central,2023-2,compra_agil,NoClasificado,74453396,328,76,45
Estación Central,2023-2,compra_agil,Pequeña,241047806,973,282,153
Estación Central,2023-2,convenio_marco,Grande,280166328,314,43,15
Estación Central,2023-2,convenio_marco,Mediana,161067231,102,22,13
Estación Central,2023-2,convenio_marco,NoClasificado,2852266,31,1,1
Estación Central,2023-2,convenio_marco,Pequeña,132373926,51,9,5
Estación Central,2023-2,licitacion,Grande,597800238,276,33,23
Estación Central,2023-2,licitacion,Mediana,103277594,45,7,7
Estación Central,2023-2,licitacion,Micro,30449851,7,6,6
Estación Central,2023-2,licitacion,NoClasificado,96359865,3,3,3
Estación Central,2023-2,licitacion,Pequeña,1780839308,32,22,21
Estación Central,2023-2,trato_directo,Grande,133215575,31,30,18
Estación Central,2023-2,trato_directo,Mediana,96929465,12,11,7
Estación Central,2023-2,trato_directo,Micro,77241312,13,12,11
Estación Central,2023-2,trato_directo,NoClasificado,5776000,4,2,2
Estación Central,2023-2,trato_directo,Pequeña,88019842,23,22,19
Estación Central,2024-1,compra_agil,Grande,97554336,273,88,45
Estación Central,2024-1,compra_agil,Mediana,80637491,184,89,48
Estación Central,2024-1,compra_agil,Micro,96636766,141,115,76
Estación Central,2024-1,compra_agil,NoClasificado,100386367,139,98,53
Estación Central,2024-1,compra_agil,Pequeña,163092122,435,210,132
Estación Central,2024-1,convenio_marco,Grande,172842916,148,31,11
Estación Central,2024-1,convenio_marco,Mediana,85953224,141,24,15
Estación Central,2024-1,convenio_marco,NoClasificado,26189916,4,3,2
Estación Central,2024-1,convenio_marco,Pequeña,77258248,31,11,4
Estación Central,2024-1,licitacion,Grande,537358418,56,13,12
Estación Central,2024-1,licitacion,Mediana,106802430,10,10,9
Estación Central,2024-1,licitacion,Micro,47163270,4,4,4
Estación Central,2024-1,licitacion,NoClasificado,43030475,5,5,5
Estación Central,2024-1,licitacion,Pequeña,276882214,38,30,24
Estación Central,2024-1,trato_directo,Grande,119182651,15,15,12
Estación Central,2024-1,trato_directo,Mediana,128247904,11,11,8
Estación Central,2024-1,trato_directo,Micro,76192392,14,13,12
Estación Central,2024-1,trato_directo,NoClasificado,19793000,5,5,4
Estación Central,2024-1,trato_directo,Pequeña,175769035,21,21,19
Estación Central,2024-2,compra_agil,1.0,144332435,222,169,51
Estación Central,2024-2,compra_agil,2.0,157878630,307,190,67
Estación Central,2024-2,compra_agil,3.0,191648777,321,243,120
Estación Central,2024-2,compra_agil,4.0,350813240,643,403,190
Estación Central,2024-2,compra_agil,Micro,2327000,4,4,2
Estación Central,2024-2,compra_agil,NoClasificado,222412547,363,249,116
Estación Central,2024-2,convenio_marco,1.0,366203912,520,48,12
Estación Central,2024-2,convenio_marco,2.0,222130647,33,13,9
Estación Central,2024-2,convenio_marco,3.0,7232189,8,3,3
Estación Central,2024-2,convenio_marco,4.0,37549809,18,4,3
Estación Central,2024-2,convenio_marco,NoClasificado,8196600,3,3,2
Estación Central,2024-2,licitacion,1.0,781843994,82,15,13
Estación Central,2024-2,licitacion,2.0,258404572,18,15,14
Estación Central,2024-2,licitacion,3.0,108100808,17,13,11
Estación Central,2024-2,licitacion,4.0,1012277887,82,53,42
Estación Central,2024-2,licitacion,NoClasificado,108678619,10,10,10
Estación Central,2024-2,licitacion,Pequeña,17639620,1,1,1
Estación Central,2024-2,trato_directo,1.0,95978531,13,13,9
Estación Central,2024-2,trato_directo,2.0,95699507,9,9,7
Estación Central,2024-2,trato_directo,3.0,63562046,9,9,9
Estación Central,2024-2,trato_directo,4.0,79741100,11,10,9
Estación Central,2024-2,trato_directo,NoClasificado,58509847,8,8,7
Estación Central,2024-2,trato_directo,Pequeña,247899,1,1,1
Estación Central,2025-1,compra_agil,Grande,92330480,62,20,13
Estación Central,2025-1,compra_agil,Mediana,133446416,104,76,47
Estación Central,2025-1,compra_agil,Micro,125023955,99,73,45
Estación Central,2025-1,compra_agil,NoClasificado,124321685,126,65,53
Estación Central,2025-1,compra_agil,Pequeña,297449073,248,159,109
Estación Central,2025-1,convenio_marco,Grande,203367477,102,23,7
Estación Central,2025-1,convenio_marco,Mediana,135375034,123,11,7
Estación Central,2025-1,convenio_marco,Micro,16495000,6,3,3
Estación Central,2025-1,convenio_marco,NoClasificado,6711148,17,2,1
Estación Central,2025-1,convenio_marco,Pequeña,62575036,96,7,5
Estación Central,2025-1,licitacion,Grande,262705842,150,13,8
Estación Central,2025-1,licitacion,Mediana,1506314474,9,5,4
Estación Central,2025-1,licitacion,Micro,708906441,6,6,6
Estación Central,2025-1,licitacion,NoClasificado,255623866,23,3,3
Estación Central,2025-1,licitacion,Pequeña,938057255,49,19,13
Estación Central,2025-1,trato_directo,Grande,600000,1,1,1
Estación Central,2025-1,trato_directo,Mediana,12664800,1,1,1
Estación Central,2025-1,trato_directo,Micro,500000,1,1,1
Estación Central,2025-1,trato_directo,NoClasificado,25677652,3,3,3
Estación Central,2025-1,trato_directo,Pequeña,51838774,3,3,3
Estación Central,2025-2,compra_agil,Grande,183740522,191,29,15
Estación Central,2025-2,compra_agil,Mediana,137361103,170,98,51
Estación Central,2025-2,compra_agil,Micro,176734005,209,130,86
Estación Central,2025-2,compra_agil,NoClasificado,176555049,236,115,87
Estación Central,2025-2,compra_agil,Pequeña,189696442,302,160,93
Estación Central,2025-2,convenio_marco,Grande,84919894,100,20,6
Estación Central,2025-2,convenio_marco,Mediana,139447717,276,17,8
Estación Central,2025-2,convenio_marco,NoClasificado,87715681,19,6,3
Estación Central,2025-2,convenio_marco,Pequeña,56279810,11,5,5
Estación Central,2025-2,licitacion,Grande,782507627,13,9,7
Estación Central,2025-2,licitacion,Mediana,1443859766,8,8,5
Estación Central,2025-2,licitacion,Micro,64189248,2,2,2
Estación Central,2025-2,licitacion,NoClasificado,17319650,1,1,1
Estación Central,2025-2,licitacion,Pequeña,851459416,27,9,7
Estación Central,2025-2,trato_directo,Grande,1067908,2,2,2
Estación Central,2025-2,trato_directo,Mediana,3888000,2,1,1
Estación Central,2025-2,trato_directo,NoClasificado,28151260,1,1,1
Estación Central,2025-2,trato_directo,Pequeña,4449000,2,2,2
Huechuraba,2015-1,convenio_marco,Grande,207245475,325,102,36
Huechuraba,2015-1,convenio_marco,Mediana,65849935,292,91,34
Huechuraba,2015-1,convenio_marco,Micro,111898084,238,201,45
Huechuraba,2015-1,convenio_marco,Pequeña,100724179,139,99,43
Huechuraba,2015-1,licitacion,Grande,435164269,143,37,24
Huechuraba,2015-1,licitacion,Mediana,184019955,261,43,21
Huechuraba,2015-1,licitacion,Micro,529809295,417,65,58
Huechuraba,2015-1,licitacion,Pequeña,1519763787,280,50,45
Huechuraba,2015-1,trato_directo,Grande,235335334,26,22,15
Huechuraba,2015-1,trato_directo,Mediana,32565025,10,10,9
Huechuraba,2015-1,trato_directo,Micro,76739480,48,43,29
Huechuraba,2015-1,trato_directo,Pequeña,106379884,26,26,14
Huechuraba,2015-2,convenio_marco,Grande,172277379,512,131,44
Huechuraba,2015-2,convenio_marco,Mediana,76306394,307,104,43
Huechuraba,2015-2,convenio_marco,Micro,154167226,325,169,79
Huechuraba,2015-2,convenio_marco,NoClasificado,506400,1,1,1
Huechuraba,2015-2,convenio_marco,Pequeña,115895207,253,149,63
Huechuraba,2015-2,licitacion,Grande,710979549,153,59,32
Huechuraba,2015-2,licitacion,Mediana,379186348,318,59,26
Huechuraba,2015-2,licitacion,Micro,366876093,621,133,92
Huechuraba,2015-2,licitacion,NoClasificado,10857567,187,8,2
Huechuraba,2015-2,licitacion,Pequeña,676293234,614,98,78
Huechuraba,2015-2,trato_directo,Grande,51125716,25,23,17
Huechuraba,2015-2,trato_directo,Mediana,12487334,18,13,8
Huechuraba,2015-2,trato_directo,Micro,207373545,64,59,41
Huechuraba,2015-2,trato_directo,Pequeña,183263975,65,35,23
Huechuraba,2016-1,convenio_marco,Grande,105449785,404,108,30
Huechuraba,2016-1,convenio_marco,Mediana,56518821,137,67,32
Huechuraba,2016-1,convenio_marco,Micro,218218464,427,189,74
Huechuraba,2016-1,convenio_marco,Pequeña,174261664,550,153,52
Huechuraba,2016-1,licitacion,Grande,191347843,146,38,26
Huechuraba,2016-1,licitacion,Mediana,203806508,153,31,14
Huechuraba,2016-1,licitacion,Micro,253566619,297,54,48
Huechuraba,2016-1,licitacion,Pequeña,715224971,319,57,49
Huechuraba,2016-1,trato_directo,Grande,44924031,259,57,27
Huechuraba,2016-1,trato_directo,Mediana,37238016,54,18,14
Huechuraba,2016-1,trato_directo,Micro,58358625,45,39,26
Huechuraba,2016-1,trato_directo,Pequeña,32066997,25,18,15
Huechuraba,2016-2,convenio_marco,Grande,301774780,668,178,41
Huechuraba,2016-2,convenio_marco,Mediana,77644698,202,77,44
Huechuraba,2016-2,convenio_marco,Micro,273059769,649,302,104
Huechuraba,2016-2,convenio_marco,Pequeña,246838298,423,187,77
Huechuraba,2016-2,licitacion,Grande,651335685,268,59,35
Huechuraba,2016-2,licitacion,Mediana,3049596934,261,48,27
Huechuraba,2016-2,licitacion,Micro,239836129,636,106,76
Huechuraba,2016-2,licitacion,NoClasificado,3456675,66,4,1
Huechuraba,2016-2,licitacion,Pequeña,571483145,475,89,58
Huechuraba,2016-2,trato_directo,Grande,44189201,276,73,31
Huechuraba,2016-2,trato_directo,Mediana,17605448,36,19,16
Huechuraba,2016-2,trato_directo,Micro,48406181,43,35,28
Huechuraba,2016-2,trato_directo,Pequeña,83778985,22,21,17
Huechuraba,2017-1,convenio_marco,Grande,172242779,439,155,41
Huechuraba,2017-1,convenio_marco,Mediana,65165171,243,129,44
Huechuraba,2017-1,convenio_marco,Micro,284384644,732,314,112
Huechuraba,2017-1,convenio_marco,Pequeña,150338700,420,176,81
Huechuraba,2017-1,licitacion,Grande,98867608,26,10,7
Huechuraba,2017-1,licitacion,Mediana,97455700,26,12,10
Huechuraba,2017-1,licitacion,Micro,256860889,329,76,64
Huechuraba,2017-1,licitacion,NoClasificado,17938164,116,3,1
Huechuraba,2017-1,licitacion,Pequeña,598695269,379,48,37
Huechuraba,2017-1,trato_directo,Grande,48729382,348,88,36
Huechuraba,2017-1,trato_directo,Mediana,11196325,32,15,11
Huechuraba,2017-1,trato_directo,Micro,111420024,81,42,25
Huechuraba,2017-1,trato_directo,Pequeña,240227670,35,30,25
Huechuraba,2017-2,convenio_marco,Grande,383562124,1002,255,56
Huechuraba,2017-2,convenio_marco,Mediana,130972478,447,170,56
Huechuraba,2017-2,convenio_marco,Micro,561302180,1562,436,139
Huechuraba,2017-2,convenio_marco,Pequeña,259705212,881,246,89
Huechuraba,2017-2,licitacion,Grande,309414686,107,39,30
Huechuraba,2017-2,licitacion,Mediana,520598671,263,39,23
Huechuraba,2017-2,licitacion,Micro,910077036,413,139,88
Huechuraba,2017-2,licitacion,NoClasificado,4021670,60,5,1
Huechuraba,2017-2,licitacion,Pequeña,388281385,364,75,56
Huechuraba,2017-2,trato_directo,Grande,88153676,412,76,30
Huechuraba,2017-2,trato_directo,Mediana,43611582,44,28,19
Huechuraba,2017-2,trato_directo,Micro,76251573,49,37,33
Huechuraba,2017-2,trato_directo,Pequeña,51030274,22,20,14
Huechuraba,2018-1,convenio_marco,Grande,236487720,598,196,54
Huechuraba,2018-1,convenio_marco,Mediana,143196683,410,172,44
Huechuraba,2018-1,convenio_marco,Micro,410670369,1086,420,140
Huechuraba,2018-1,convenio_marco,Pequeña,143301062,690,218,88
Huechuraba,2018-1,licitacion,Grande,43720650,71,30,18
Huechuraba,2018-1,licitacion,Mediana,213226537,71,35,23
Huechuraba,2018-1,licitacion,Micro,582480924,234,93,72
Huechuraba,2018-1,licitacion,NoClasificado,1339149,2,2,1
Huechuraba,2018-1,licitacion,Pequeña,668530974,230,65,53
Huechuraba,2018-1,trato_directo,Grande,577248456,270,64,35
Huechuraba,2018-1,trato_directo,Mediana,7760663,30,14,12
Huechuraba,2018-1,trato_directo,Micro,98365460,44,36,24
Huechuraba,2018-1,trato_directo,NoClasificado,2800000,1,1,1
Huechuraba,2018-1,trato_directo,Pequeña,179801896,25,22,19
Huechuraba,2018-2,convenio_marco,Grande,399047491,1168,330,65
Huechuraba,2018-2,convenio_marco,Mediana,239739334,689,183,57
Huechuraba,2018-2,convenio_marco,Micro,822986731,1723,679,178
Huechuraba,2018-2,convenio_marco,Pequeña,297258202,1235,313,107
Huechuraba,2018-2,licitacion,Grande,697810137,54,29,21
Huechuraba,2018-2,licitacion,Mediana,96929559,30,23,16
Huechuraba,2018-2,licitacion,Micro,295692498,125,77,70
Huechuraba,2018-2,licitacion,NoClasificado,1894980,1,1,1
Huechuraba,2018-2,licitacion,Pequeña,360814351,99,50,38
Huechuraba,2018-2,trato_directo,Grande,107488244,335,56,31
Huechuraba,2018-2,trato_directo,Mediana,36987119,44,20,14
Huechuraba,2018-2,trato_directo,Micro,384729776,76,58,31
Huechuraba,2018-2,trato_directo,Pequeña,624513246,40,26,18
Huechuraba,2019-1,convenio_marco,Grande,277893516,693,212,55
Huechuraba,2019-1,convenio_marco,Mediana,292800281,367,121,41
Huechuraba,2019-1,convenio_marco,Micro,644332537,1065,432,136
Huechuraba,2019-1,convenio_marco,Pequeña,230342148,783,200,86
Huechuraba,2019-1,licitacion,Grande,2499998493,135,33,24
Huechuraba,2019-1,licitacion,Mediana,2775531596,72,21,19
Huechuraba,2019-1,licitacion,Micro,995258266,94,67,59
Huechuraba,2019-1,licitacion,Pequeña,919390889,222,45,36
Huechuraba,2019-1,trato_directo,Grande,60426191,107,32,23
Huechuraba,2019-1,trato_directo,Mediana,31342469,25,16,13
Huechuraba,2019-1,trato_directo,Micro,129042407,48,32,26
Huechuraba,2019-1,trato_directo,Pequeña,57356855,28,22,16
Huechuraba,2019-2,convenio_marco,Grande,375023284,1045,260,58
Huechuraba,2019-2,convenio_marco,Mediana,193994052,548,150,49
Huechuraba,2019-2,convenio_marco,Micro,689047477,1311,545,169
Huechuraba,2019-2,convenio_marco,NoClasificado,4935000,2,2,1
Huechuraba,2019-2,convenio_marco,Pequeña,228013300,853,256,95
Huechuraba,2019-2,licitacion,Grande,1330068392,120,33,25
Huechuraba,2019-2,licitacion,Mediana,392898423,60,25,19
Huechuraba,2019-2,licitacion,Micro,9621331331,139,68,62
Huechuraba,2019-2,licitacion,NoClasificado,6268116,2,2,1
Huechuraba,2019-2,licitacion,Pequeña,5121899050,76,41,34
Huechuraba,2019-2,trato_directo,Grande,79406009,91,27,17
Huechuraba,2019-2,trato_directo,Mediana,34081952,15,13,12
Huechuraba,2019-2,trato_directo,Micro,155427164,71,40,31
Huechuraba,2019-2,trato_directo,Pequeña,81156646,26,21,19
Huechuraba,2020-1,compra_agil,Grande,1259808,1,1,1
Huechuraba,2020-1,compra_agil,Micro,521751,2,2,2
Huechuraba,2020-1,compra_agil,Pequeña,282000,1,1,1
Huechuraba,2020-1,convenio_marco,Grande,234066985,315,118,37
Huechuraba,2020-1,convenio_marco,Mediana,103136135,372,67,31
Huechuraba,2020-1,convenio_marco,Micro,359914931,552,224,102
Huechuraba,2020-1,convenio_marco,Pequeña,144024287,357,103,59
Huechuraba,2020-1,licitacion,Grande,67379555,67,33,20
Huechuraba,2020-1,licitacion,Mediana,552452516,49,25,16
Huechuraba,2020-1,licitacion,Micro,280037239,90,48,41
Huechuraba,2020-1,licitacion,Pequeña,250832622,182,49,33
Huechuraba,2020-1,trato_directo,Grande,105507866,106,26,18
Huechuraba,2020-1,trato_directo,Mediana,111109138,45,18,13
Huechuraba,2020-1,trato_directo,Micro,196219689,97,47,32
Huechuraba,2020-1,trato_directo,NoClasificado,1242269,2,2,2
Huechuraba,2020-1,trato_directo,Pequeña,236386160,55,31,22
Huechuraba,2020-2,compra_agil,Grande,8648330,14,13,7
Huechuraba,2020-2,compra_agil,Mediana,5238577,18,10,9
Huechuraba,2020-2,compra_agil,Micro,20114696,75,34,27
Huechuraba,2020-2,compra_agil,NoClasificado,10785690,100,13,12
Huechuraba,2020-2,compra_agil,Pequeña,13609393,54,30,26
Huechuraba,2020-2,convenio_marco,Grande,189881473,249,104,44
Huechuraba,2020-2,convenio_marco,Mediana,103445419,323,74,33
Huechuraba,2020-2,convenio_marco,Micro,440523016,385,208,96
Huechuraba,2020-2,convenio_marco,Pequeña,145749389,230,110,59
Huechuraba,2020-2,licitacion,Grande,588961055,67,33,22
Huechuraba,2020-2,licitacion,Mediana,506875859,41,29,22
Huechuraba,2020-2,licitacion,Micro,1920094800,117,64,48
Huechuraba,2020-2,licitacion,NoClasificado,13331200,7,6,4
Huechuraba,2020-2,licitacion,Pequeña,282817852,99,58,46
Huechuraba,2020-2,trato_directo,Grande,84312310,100,20,12
Huechuraba,2020-2,trato_directo,Mediana,38337733,23,11,8
Huechuraba,2020-2,trato_directo,Micro,137844780,56,26,21
Huechuraba,2020-2,trato_directo,NoClasificado,22000000,2,2,2
Huechuraba,2020-2,trato_directo,Pequeña,175177801,14,14,10
Huechuraba,2021-1,compra_agil,Grande,35305697,127,52,33
Huechuraba,2021-1,compra_agil,Mediana,11200622,61,16,12
Huechuraba,2021-1,compra_agil,Micro,100386504,1076,146,111
Huechuraba,2021-1,compra_agil,NoClasificado,243875,2,2,2
Huechuraba,2021-1,compra_agil,Pequeña,46282370,262,59,47
Huechuraba,2021-1,convenio_marco,Grande,296023501,229,93,52
Huechuraba,2021-1,convenio_marco,Mediana,147251810,156,40,21
Huechuraba,2021-1,convenio_marco,Micro,123651016,152,96,45
Huechuraba,2021-1,convenio_marco,Pequeña,45808792,79,51,18
Huechuraba,2021-1,licitacion,Grande,1037416681,164,39,31
Huechuraba,2021-1,licitacion,Mediana,586814961,24,16,14
Huechuraba,2021-1,licitacion,Micro,619752047,116,67,58
Huechuraba,2021-1,licitacion,Pequeña,1064973526,107,44,35
Huechuraba,2021-1,trato_directo,Grande,114483674,111,28,19
Huechuraba,2021-1,trato_directo,Mediana,514122317,20,10,7
Huechuraba,2021-1,trato_directo,Micro,338571494,58,35,24
Huechuraba,2021-1,trato_directo,Pequeña,137585689,32,20,12
Huechuraba,2021-2,compra_agil,Grande,64058746,527,80,32
Huechuraba,2021-2,compra_agil,Mediana,27628918,393,40,24
Huechuraba,2021-2,compra_agil,Micro,179386921,1838,216,166
Huechuraba,2021-2,compra_agil,NoClasificado,56308530,767,63,50
Huechuraba,2021-2,compra_agil,Pequeña,88907749,685,128,71
Huechuraba,2021-2,convenio_marco,Grande,186807238,156,89,34
Huechuraba,2021-2,convenio_marco,Mediana,48890162,51,24,12
Huechuraba,2021-2,convenio_marco,Micro,240173039,271,114,63
Huechuraba,2021-2,convenio_marco,Pequeña,33779114,71,45,27
Huechuraba,2021-2,licitacion,Grande,92169516,33,18,17
Huechuraba,2021-2,licitacion,Mediana,1245476446,30,24,20
Huechuraba,2021-2,licitacion,Micro,524875107,131,80,64
Huechuraba,2021-2,licitacion,NoClasificado,53779731,13,12,10
Huechuraba,2021-2,licitacion,Pequeña,9496202502,110,42,38
Huechuraba,2021-2,trato_directo,Grande,81356129,89,24,15
Huechuraba,2021-2,trato_directo,Mediana,91416883,3,3,3
Huechuraba,2021-2,trato_directo,Micro,87731346,60,29,20
Huechuraba,2021-2,trato_directo,NoClasificado,34209475,20,5,5
Huechuraba,2021-2,trato_directo,Pequeña,58060782,24,13,10
Huechuraba,2022-1,compra_agil,Grande,77879157,303,122,54
Huechuraba,2022-1,compra_agil,Mediana,40351519,431,52,34
Huechuraba,2022-1,compra_agil,Micro,144337313,1138,196,129
Huechuraba,2022-1,compra_agil,NoClasificado,47874687,335,85,48
Huechuraba,2022-1,compra_agil,Pequeña,78666534,736,112,76
Huechuraba,2022-1,convenio_marco,Grande,249027676,197,66,29
Huechuraba,2022-1,convenio_marco,Mediana,52255310,39,13,9
Huechuraba,2022-1,convenio_marco,Micro,7601209,25,6,6
Huechuraba,2022-1,convenio_marco,Pequeña,31357560,8,8,6
Huechuraba,2022-1,licitacion,Grande,202535054,113,52,33
Huechuraba,2022-1,licitacion,Mediana,467129332,49,24,22
Huechuraba,2022-1,licitacion,Micro,3315297820,62,48,36
Huechuraba,2022-1,licitacion,NoClasificado,15077988,8,5,2
Huechuraba,2022-1,licitacion,Pequeña,342153592,79,40,31
Huechuraba,2022-1,trato_directo,Grande,93856581,94,25,18
Huechuraba,2022-1,trato_directo,Mediana,50661852,3,3,3
Huechuraba,2022-1,trato_directo,Micro,59919602,23,18,17
Huechuraba,2022-1,trato_directo,NoClasificado,65053472,11,8,3
Huechuraba,2022-1,trato_directo,Pequeña,151047177,7,6,6
Huechuraba,2022-2,convenio_marco,Grande,144548851,117,61,17
Huechuraba,2022-2,convenio_marco,Mediana,54775684,52,11,9
Huechuraba,2022-2,convenio_marco,Micro,14451645,10,4,2
Huechuraba,2022-2,convenio_marco,NoClasificado,4977753,3,3,2
Huechuraba,2022-2,convenio_marco,Pequeña,13068274,17,5,4
Huechuraba,2022-2,licitacion,Grande,6372805380,126,69,52
Huechuraba,2022-2,licitacion,Mediana,446654755,88,43,28
Huechuraba,2022-2,licitacion,Micro,391819240,111,54,35
Huechuraba,2022-2,licitacion,NoClasificado,100387362,34,17,15
Huechuraba,2022-2,licitacion,Pequeña,483238639,119,65,49
Huechuraba,2022-2,trato_directo,Grande,28147940,41,18,13
Huechuraba,2022-2,trato_directo,Mediana,31664625,12,4,4
Huechuraba,2022-2,trato_directo,Micro,183429612,43,36,27
Huechuraba,2022-2,trato_directo,NoClasificado,30783668,4,4,4
Huechuraba,2022-2,trato_directo,Pequeña,77395174,33,17,13
Huechuraba,2023-1,compra_agil,Grande,95892037,532,155,77
Huechuraba,2023-1,compra_agil,Mediana,42703152,149,51,40
Huechuraba,2023-1,compra_agil,Micro,133970321,664,176,131
Huechuraba,2023-1,compra_agil,NoClasificado,108684142,577,142,95
Huechuraba,2023-1,compra_agil,Pequeña,116210476,604,183,113
Huechuraba,2023-1,convenio_marco,Grande,268321473,167,59,16
Huechuraba,2023-1,convenio_marco,Mediana,27181176,20,5,4
Huechuraba,2023-1,convenio_marco,Pequeña,13045413,19,3,2
Huechuraba,2023-1,licitacion,Grande,1428144536,121,61,40
Huechuraba,2023-1,licitacion,Mediana,399902564,98,38,29
Huechuraba,2023-1,licitacion,Micro,442601826,49,45,31
Huechuraba,2023-1,licitacion,NoClasificado,124319516,27,18,17
Huechuraba,2023-1,licitacion,Pequeña,637607987,63,46,37
Huechuraba,2023-1,trato_directo,Grande,128592202,75,30,22
Huechuraba,2023-1,trato_directo,Mediana,67891706,21,13,9
Huechuraba,2023-1,trato_directo,Micro,127360296,30,26,14
Huechuraba,2023-1,trato_directo,NoClasificado,14687983,7,7,7
Huechuraba,2023-1,trato_directo,Pequeña,104255233,49,27,15
Huechuraba,2023-2,compra_agil,Grande,138720145,568,176,79
Huechuraba,2023-2,compra_agil,Mediana,124798928,1022,125,74
Huechuraba,2023-2,compra_agil,Micro,177718780,2296,193,135
Huechuraba,2023-2,compra_agil,NoClasificado,67433664,424,91,56
Huechuraba,2023-2,compra_agil,Pequeña,318165753,1576,433,243
Huechuraba,2023-2,convenio_marco,Grande,98819599,95,32,13
Huechuraba,2023-2,convenio_marco,Mediana,79886335,67,13,7
Huechuraba,2023-2,convenio_marco,Micro,653312,1,1,1
Huechuraba,2023-2,convenio_marco,Pequeña,24954532,8,4,3
Huechuraba,2023-2,licitacion,Grande,9247492971,279,109,69
Huechuraba,2023-2,licitacion,Mediana,3206892622,88,47,37
Huechuraba,2023-2,licitacion,Micro,1454123070,39,30,25
Huechuraba,2023-2,licitacion,NoClasificado,29171202,20,8,7
Huechuraba,2023-2,licitacion,Pequeña,1867933157,208,102,75
Huechuraba,2023-2,trato_directo,Grande,99752519,47,23,18
Huechuraba,2023-2,trato_directo,Mediana,455804390,18,12,11
Huechuraba,2023-2,trato_directo,Micro,61337597,17,15,14
Huechuraba,2023-2,trato_directo,NoClasificado,7870000,4,3,3
Huechuraba,2023-2,trato_directo,Pequeña,182879554,106,45,28
Huechuraba,2024-1,compra_agil,Grande,150820702,3956,128,76
Huechuraba,2024-1,compra_agil,Mediana,77130603,625,107,55
Huechuraba,2024-1,compra_agil,Micro,160523661,1594,139,116
Huechuraba,2024-1,compra_agil,NoClasificado,87658952,454,102,68
Huechuraba,2024-1,compra_agil,Pequeña,246886305,2383,291,169
Huechuraba,2024-1,convenio_marco,Grande,244020310,142,50,20
Huechuraba,2024-1,convenio_marco,Mediana,76362641,56,10,5
Huechuraba,2024-1,convenio_marco,Micro,590000,1,1,1
Huechuraba,2024-1,convenio_marco,Pequeña,7710301,5,3,3
Huechuraba,2024-1,licitacion,Grande,15911945694,135,54,34
Huechuraba,2024-1,licitacion,Mediana,1837441526,80,51,46
Huechuraba,2024-1,licitacion,Micro,197786786,56,29,21
Huechuraba,2024-1,licitacion,NoClasificado,116889732,22,12,11
Huechuraba,2024-1,licitacion,Pequeña,2219407252,135,82,63
Huechuraba,2024-1,trato_directo,Grande,121108956,66,34,21
Huechuraba,2024-1,trato_directo,Mediana,623180443,21,13,9
Huechuraba,2024-1,trato_directo,Micro,81702982,19,17,15
Huechuraba,2024-1,trato_directo,NoClasificado,4400000,1,1,1
Huechuraba,2024-1,trato_directo,Pequeña,234470593,74,24,20
Huechuraba,2024-2,compra_agil,1.0,105240080,399,136,68
Huechuraba,2024-2,compra_agil,2.0,98210258,1453,136,77
Huechuraba,2024-2,compra_agil,3.0,93082816,478,123,98
Huechuraba,2024-2,compra_agil,4.0,326505270,2230,355,207
Huechuraba,2024-2,compra_agil,Micro,2665000,3,3,3
Huechuraba,2024-2,compra_agil,NoClasificado,162057818,1165,169,118
Huechuraba,2024-2,convenio_marco,1.0,109846361,68,36,12
Huechuraba,2024-2,convenio_marco,2.0,71833256,39,7,5
Huechuraba,2024-2,convenio_marco,4.0,38085972,4,3,3
Huechuraba,2024-2,licitacion,1.0,492082323,128,58,43
Huechuraba,2024-2,licitacion,2.0,459503818,98,34,29
Huechuraba,2024-2,licitacion,3.0,108343963,33,23,20
Huechuraba,2024-2,licitacion,4.0,1376650826,257,72,60
Huechuraba,2024-2,licitacion,Micro,2200000,1,1,1
Huechuraba,2024-2,licitacion,NoClasificado,92114619,28,16,14
Huechuraba,2024-2,trato_directo,1.0,92613851,37,25,17
Huechuraba,2024-2,trato_directo,2.0,592818196,8,6,5
Huechuraba,2024-2,trato_directo,3.0,42385366,17,15,13
Huechuraba,2024-2,trato_directo,4.0,128006286,24,23,19
Huechuraba,2024-2,trato_directo,NoClasificado,19774925,6,5,5
Huechuraba,2025-1,compra_agil,Grande,159989248,181,29,24
Huechuraba,2025-1,compra_agil,Mediana,378240540,949,200,101
Huechuraba,2025-1,compra_agil,Micro,242451877,2194,130,109
Huechuraba,2025-1,compra_agil,NoClasificado,278861816,956,143,106
Huechuraba,2025-1,compra_agil,Pequeña,750512247,3961,374,233
Huechuraba,2025-1,convenio_marco,Grande,223235444,277,47,18
Huechuraba,2025-1,convenio_marco,Mediana,122283159,43,7,6
Huechuraba,2025-1,convenio_marco,Micro,978420,1,1,1
Huechuraba,2025-1,convenio_marco,NoClasificado,588380,2,1,1
Huechuraba,2025-1,convenio_marco,Pequeña,53216406,4,4,4
Huechuraba,2025-1,licitacion,Grande,3171939741,30,14,12
Huechuraba,2025-1,licitacion,Mediana,501603262,23,22,19
Huechuraba,2025-1,licitacion,Micro,179647017,21,19,16
Huechuraba,2025-1,licitacion,NoClasificado,273608254,11,11,8
Huechuraba,2025-1,licitacion,Pequeña,1000342651,43,29,24
Huechuraba,2025-1,trato_directo,Grande,59065593,13,11,8
Huechuraba,2025-1,trato_directo,Mediana,66090390,5,5,5
Huechuraba,2025-1,trato_directo,Micro,26975997,8,6,5
Huechuraba,2025-1,trato_directo,NoClasificado,5969360,2,2,2
Huechuraba,2025-1,trato_directo,Pequeña,90754071,15,14,11
Huechuraba,2025-2,compra_agil,Grande,98589845,155,34,25
Huechuraba,2025-2,compra_agil,Mediana,230902732,1021,184,104
Huechuraba,2025-2,compra_agil,Micro,297006143,1286,209,143
Huechuraba,2025-2,compra_agil,NoClasificado,484502358,2265,311,195
Huechuraba,2025-2,compra_agil,Pequeña,814277921,5153,499,255
Huechuraba,2025-2,convenio_marco,Grande,180418163,180,44,18
Huechuraba,2025-2,convenio_marco,Mediana,373873456,157,23,12
Huechuraba,2025-2,convenio_marco,NoClasificado,6935234,26,2,1
Huechuraba,2025-2,convenio_marco,Pequeña,41405802,83,7,5
Huechuraba,2025-2,licitacion,Grande,6788897346,72,35,31
Huechuraba,2025-2,licitacion,Mediana,495647062,32,19,18
Huechuraba,2025-2,licitacion,Micro,431757322,21,18,15
Huechuraba,2025-2,licitacion,NoClasificado,330827450,35,15,13
Huechuraba,2025-2,licitacion,Pequeña,892166725,60,38,34
Huechuraba,2025-2,trato_directo,Grande,15244061,3,3,3
Huechuraba,2025-2,trato_directo,Mediana,35218130,5,5,5
Huechuraba,2025-2,trato_directo,Micro,11836650,5,5,4
Huechuraba,2025-2,trato_directo,NoClasificado,4867940,1,1,1
Huechuraba,2025-2,trato_directo,Pequeña,98977139,14,13,10
Independencia,2015-1,convenio_marco,Grande,119957301,489,119,27
Independencia,2015-1,convenio_marco,Mediana,49800755,346,90,24
Independencia,2015-1,convenio_marco,Micro,74477094,184,88,42
Independencia,2015-1,convenio_marco,Pequeña,118743722,553,86,37
Independencia,2015-1,licitacion,Grande,58435660,83,58,24
Independencia,2015-1,licitacion,Mediana,67399832,92,68,20
Independencia,2015-1,licitacion,Micro,397938828,128,94,46
Independencia,2015-1,licitacion,Pequeña,512502593,134,107,42
Independencia,2015-1,trato_directo,Grande,25669973,24,21,11
Independencia,2015-1,trato_directo,Mediana,5272972,39,13,6
Independencia,2015-1,trato_directo,Micro,24688074,30,29,19
Independencia,2015-1,trato_directo,Pequeña,192858422,44,33,22
Independencia,2015-2,convenio_marco,Grande,188411385,861,172,43
Independencia,2015-2,convenio_marco,Mediana,94591022,497,175,38
Independencia,2015-2,convenio_marco,Micro,173151214,342,184,70
Independencia,2015-2,convenio_marco,NoClasificado,561000,2,2,2
Independencia,2015-2,convenio_marco,Pequeña,137582396,716,153,56
Independencia,2015-2,licitacion,Grande,869934331,159,97,26
Independencia,2015-2,licitacion,Mediana,463965065,104,80,21
Independencia,2015-2,licitacion,Micro,261521763,87,75,38
Independencia,2015-2,licitacion,Pequeña,696733196,138,104,34
Independencia,2015-2,trato_directo,Grande,83197761,26,24,16
Independencia,2015-2,trato_directo,Mediana,18948188,17,16,11
Independencia,2015-2,trato_directo,Micro,84386085,79,78,37
Independencia,2015-2,trato_directo,Pequeña,130293214,66,57,36
Independencia,2016-1,convenio_marco,Grande,288925904,787,155,38
Independencia,2016-1,convenio_marco,Mediana,38954760,181,71,27
Independencia,2016-1,convenio_marco,Micro,177172302,409,151,59
Independencia,2016-1,convenio_marco,NoClasificado,450808,2,1,1
Independencia,2016-1,convenio_marco,Pequeña,146388042,476,113,44
Independencia,2016-1,licitacion,Grande,597272192,109,64,19
Independencia,2016-1,licitacion,Mediana,3416497033,73,50,18
Independencia,2016-1,licitacion,Micro,1997936357,88,68,37
Independencia,2016-1,licitacion,Pequeña,821058067,204,120,39
Independencia,2016-1,trato_directo,Grande,56980995,35,34,23
Independencia,2016-1,trato_directo,Mediana,45236362,9,9,8
Independencia,2016-1,trato_directo,Micro,37679156,67,64,29
Independencia,2016-1,trato_directo,Pequeña,100773774,49,41,21
Independencia,2016-2,convenio_marco,Grande,205138424,596,144,40
Independencia,2016-2,convenio_marco,Mediana,63841307,390,79,32
Independencia,2016-2,convenio_marco,Micro,278513181,740,298,102
Independencia,2016-2,convenio_marco,Pequeña,367111950,1602,217,74
Independencia,2016-2,licitacion,Grande,605648746,159,82,28
Independencia,2016-2,licitacion,Mediana,216195319,85,47,16
Independencia,2016-2,licitacion,Micro,355813482,134,75,44
Independencia,2016-2,licitacion,Pequeña,641317346,133,92,36
Independencia,2016-2,trato_directo,Grande,38110754,224,98,27
Independencia,2016-2,trato_directo,Mediana,14835326,41,23,12
Independencia,2016-2,trato_directo,Micro,43894917,71,56,31
Independencia,2016-2,trato_directo,Pequeña,83135652,44,40,22
Independencia,2017-1,convenio_marco,Grande,190209477,348,102,38
Independencia,2017-1,convenio_marco,Mediana,57832791,342,77,28
Independencia,2017-1,convenio_marco,Micro,129995924,532,161,81
Independencia,2017-1,convenio_marco,Pequeña,109638468,556,114,50
Independencia,2017-1,licitacion,Grande,388160375,174,111,28
Independencia,2017-1,licitacion,Mediana,2356826013,101,61,19
Independencia,2017-1,licitacion,Micro,48209385,43,39,25
Independencia,2017-1,licitacion,Pequeña,358641191,97,72,35
Independencia,2017-1,trato_directo,Grande,312994309,357,41,21
Independencia,2017-1,trato_directo,Mediana,23024899,78,13,10
Independencia,2017-1,trato_directo,Micro,63151953,55,48,26
Independencia,2017-1,trato_directo,Pequeña,108126653,58,34,24
Independencia,2017-2,convenio_marco,Grande,227276181,571,131,41
Independencia,2017-2,convenio_marco,Mediana,91704895,567,98,26
Independencia,2017-2,convenio_marco,Micro,224803275,647,258,103
Independencia,2017-2,convenio_marco,Pequeña,255451303,1220,180,71
Independencia,2017-2,licitacion,Grande,1039915112,141,112,29
Independencia,2017-2,licitacion,Mediana,39391912,118,55,17
Independencia,2017-2,licitacion,Micro,248490119,81,53,35
Independencia,2017-2,licitacion,Pequeña,650669315,130,69,28
Independencia,2017-2,trato_directo,Grande,55591844,374,44,25
Independencia,2017-2,trato_directo,Mediana,3460669,50,14,8
Independencia,2017-2,trato_directo,Micro,17212492,68,48,27
Independencia,2017-2,trato_directo,Pequeña,21581208,47,23,15
Independencia,2018-1,convenio_marco,Grande,156823070,500,145,37
Independencia,2018-1,convenio_marco,Mediana,45272603,350,96,29
Independencia,2018-1,convenio_marco,Micro,159891859,510,204,86
Independencia,2018-1,convenio_marco,Pequeña,112326648,401,131,56
Independencia,2018-1,licitacion,Grande,1731627812,147,122,28
Independencia,2018-1,licitacion,Mediana,43582770,92,73,18
Independencia,2018-1,licitacion,Micro,289927191,114,76,40
Independencia,2018-1,licitacion,Pequeña,1215159536,134,86,34
Independencia,2018-1,trato_directo,Grande,87756771,762,68,25
Independencia,2018-1,trato_directo,Mediana,38347366,98,18,12
Independencia,2018-1,trato_directo,Micro,44674387,130,55,27
Independencia,2018-1,trato_directo,Pequeña,37316253,55,34,22
Independencia,2018-2,convenio_marco,Grande,289779607,542,180,44
Independencia,2018-2,convenio_marco,Mediana,72561913,396,113,41
Independencia,2018-2,convenio_marco,Micro,221518032,746,273,104
Independencia,2018-2,convenio_marco,Pequeña,218496934,824,212,82
Independencia,2018-2,licitacion,Grande,166570143,120,88,27
Independencia,2018-2,licitacion,Mediana,4153060505,80,57,19
Independencia,2018-2,licitacion,Micro,95816185,61,38,21
Independencia,2018-2,licitacion,Pequeña,259068391,115,50,24
Independencia,2018-2,trato_directo,Grande,28647526,336,36,22
Independencia,2018-2,trato_directo,Mediana,9194979,47,13,10
Independencia,2018-2,trato_directo,Micro,41310264,113,60,28
Independencia,2018-2,trato_directo,Pequeña,30025868,59,41,20
Independencia,2019-1,convenio_marco,Grande,172470994,288,134,41
Independencia,2019-1,convenio_marco,Mediana,118614694,653,164,37
Independencia,2019-1,convenio_marco,Micro,207902727,508,196,99
Independencia,2019-1,convenio_marco,NoClasificado,1773000,1,1,1
Independencia,2019-1,convenio_marco,Pequeña,232969991,753,207,74
Independencia,2019-1,licitacion,Grande,1774793987,145,123,27
Independencia,2019-1,licitacion,Mediana,56604870,55,53,18
Independencia,2019-1,licitacion,Micro,114939090,77,59,28
Independencia,2019-1,licitacion,Pequeña,773257889,96,64,27
Independencia,2019-1,trato_directo,Grande,60829977,392,45,26
Independencia,2019-1,trato_directo,Mediana,32252786,30,13,11
Independencia,2019-1,trato_directo,Micro,43074412,103,49,25
Independencia,2019-1,trato_directo,Pequeña,23026225,126,44,21
Independencia,2019-2,convenio_marco,Grande,288158601,514,185,44
Independencia,2019-2,convenio_marco,Mediana,141962323,479,129,36
Independencia,2019-2,convenio_marco,Micro,278383846,536,263,110
Independencia,2019-2,convenio_marco,Pequeña,316601493,1233,221,72
Independencia,2019-2,licitacion,Grande,620340356,136,103,22
Independencia,2019-2,licitacion,Mediana,95885272,58,54,23
Independencia,2019-2,licitacion,Micro,408552990,95,54,33
Independencia,2019-2,licitacion,Pequeña,458972998,61,43,20
Independencia,2019-2,trato_directo,Grande,40229385,439,47,24
Independencia,2019-2,trato_directo,Mediana,3454804,30,11,7
Independencia,2019-2,trato_directo,Micro,39775887,99,41,23
Independencia,2019-2,trato_directo,Pequeña,74016175,157,46,25
Independencia,2020-1,convenio_marco,Grande,233053749,210,89,28
Independencia,2020-1,convenio_marco,Mediana,110384546,243,69,35
Independencia,2020-1,convenio_marco,Micro,196699179,309,127,78
Independencia,2020-1,convenio_marco,Pequeña,259480096,482,119,44
Independencia,2020-1,licitacion,Grande,887418603,85,65,21
Independencia,2020-1,licitacion,Mediana,116039869,41,38,16
Independencia,2020-1,licitacion,Micro,166169010,66,44,28
Independencia,2020-1,licitacion,Pequeña,1143894395,108,62,30
Independencia,2020-1,trato_directo,Grande,128453188,991,100,29
Independencia,2020-1,trato_directo,Mediana,52314688,149,36,16
Independencia,2020-1,trato_directo,Micro,139066206,215,84,47
Independencia,2020-1,trato_directo,NoClasificado,10677314,10,5,4
Independencia,2020-1,trato_directo,Pequeña,140210341,276,87,44
Independencia,2020-2,compra_agil,Grande,906357,2,2,2
Independencia,2020-2,compra_agil,Mediana,4959081,47,7,5
Independencia,2020-2,compra_agil,Micro,6507876,55,10,10
Independencia,2020-2,compra_agil,NoClasificado,658960,2,2,2
Independencia,2020-2,compra_agil,Pequeña,3709710,19,13,9
Independencia,2020-2,convenio_marco,Grande,348894645,252,109,30
Independencia,2020-2,convenio_marco,Mediana,110468368,231,74,30
Independencia,2020-2,convenio_marco,Micro,354387388,614,189,83
Independencia,2020-2,convenio_marco,Pequeña,455068879,785,176,64
Independencia,2020-2,licitacion,Grande,292316496,47,31,17
Independencia,2020-2,licitacion,Mediana,73113743,26,24,9
Independencia,2020-2,licitacion,Micro,252123711,83,42,25
Independencia,2020-2,licitacion,NoClasificado,43288867,4,2,2
Independencia,2020-2,licitacion,Pequeña,615668454,71,42,19
Independencia,2020-2,trato_directo,Grande,119824632,596,100,35
Independencia,2020-2,trato_directo,Mediana,132172863,202,61,22
Independencia,2020-2,trato_directo,Micro,123891510,167,94,57
Independencia,2020-2,trato_directo,NoClasificado,225841229,9,9,6
Independencia,2020-2,trato_directo,Pequeña,256311832,302,99,45
Independencia,2021-1,compra_agil,Grande,25686302,117,35,18
Independencia,2021-1,compra_agil,Mediana,4295294,35,8,8
Independencia,2021-1,compra_agil,Micro,41451767,206,61,47
Independencia,2021-1,compra_agil,NoClasificado,940100,1,1,1
Independencia,2021-1,compra_agil,Pequeña,17945995,40,29,21
Independencia,2021-1,convenio_marco,Grande,269866322,160,86,33
Independencia,2021-1,convenio_marco,Mediana,35732124,36,21,14
Independencia,2021-1,convenio_marco,Micro,152430209,266,67,37
Independencia,2021-1,convenio_marco,Pequeña,78731933,180,50,20
Independencia,2021-1,licitacion,Grande,757430708,107,74,25
Independencia,2021-1,licitacion,Mediana,134702738,23,20,11
Independencia,2021-1,licitacion,Micro,415713137,157,41,21
Independencia,2021-1,licitacion,Pequeña,819700597,73,44,12
Independencia,2021-1,trato_directo,Grande,223121494,698,104,46
Independencia,2021-1,trato_directo,Mediana,93934764,56,29,10
Independencia,2021-1,trato_directo,Micro,347623953,177,122,74
Independencia,2021-1,trato_directo,Pequeña,1159384351,205,75,35
Independencia,2021-2,compra_agil,Grande,58145158,235,69,24
Independencia,2021-2,compra_agil,Mediana,15452028,84,29,22
Independencia,2021-2,compra_agil,Micro,84278395,627,119,91
Independencia,2021-2,compra_agil,NoClasificado,5849150,23,11,11
Independencia,2021-2,compra_agil,Pequeña,63035470,911,49,32
Independencia,2021-2,convenio_marco,Grande,160883978,102,55,19
Independencia,2021-2,convenio_marco,Mediana,41867314,110,21,14
Independencia,2021-2,convenio_marco,Micro,195184444,442,87,39
Independencia,2021-2,convenio_marco,Pequeña,55259072,178,56,26
Independencia,2021-2,licitacion,Grande,53517334,49,44,20
Independencia,2021-2,licitacion,Mediana,646077255,38,35,14
Independencia,2021-2,licitacion,Micro,267009151,106,55,32
Independencia,2021-2,licitacion,NoClasificado,8737802,5,3,3
Independencia,2021-2,licitacion,Pequeña,1001865435,94,52,25
Independencia,2021-2,trato_directo,Grande,112034137,273,67,27
Independencia,2021-2,trato_directo,Mediana,70849706,96,43,15
Independencia,2021-2,trato_directo,Micro,95988759,165,95,56
Independencia,2021-2,trato_directo,NoClasificado,7693689,10,9,5
Independencia,2021-2,trato_directo,Pequeña,232515796,124,55,34
Independencia,2022-1,compra_agil,Grande,53046007,242,66,32
Independencia,2022-1,compra_agil,Mediana,16630182,89,26,19
Independencia,2022-1,compra_agil,Micro,80709595,803,92,82
Independencia,2022-1,compra_agil,NoClasificado,40729516,392,37,33
Independencia,2022-1,compra_agil,Pequeña,63246403,412,72,51
Independencia,2022-1,convenio_marco,Grande,235214834,139,64,26
Independencia,2022-1,convenio_marco,Mediana,11110423,21,6,6
Independencia,2022-1,convenio_marco,Micro,55436628,104,15,12
Independencia,2022-1,convenio_marco,Pequeña,42156881,125,15,9
Independencia,2022-1,licitacion,Grande,992110569,195,136,34
Independencia,2022-1,licitacion,Mediana,226785488,25,19,9
Independencia,2022-1,licitacion,Micro,197507163,156,28,19
Independencia,2022-1,licitacion,NoClasificado,18490793,6,5,5
Independencia,2022-1,licitacion,Pequeña,662479693,107,51,20
Independencia,2022-1,trato_directo,Grande,73479994,242,78,38
Independencia,2022-1,trato_directo,Mediana,32417185,140,22,16
Independencia,2022-1,trato_directo,Micro,133004672,124,86,45
Independencia,2022-1,trato_directo,NoClasificado,14953406,25,11,8
Independencia,2022-1,trato_directo,Pequeña,70646530,130,59,37
Independencia,2022-2,convenio_marco,Grande,248583281,205,57,19
Independencia,2022-2,convenio_marco,Mediana,6322303,20,5,5
Independencia,2022-2,convenio_marco,Micro,7749856,9,4,3
Independencia,2022-2,convenio_marco,NoClasificado,7620458,10,5,4
Independencia,2022-2,convenio_marco,Pequeña,59082898,211,15,3
Independencia,2022-2,licitacion,Grande,1281625713,191,136,45
Independencia,2022-2,licitacion,Mediana,167216358,63,25,19
Independencia,2022-2,licitacion,Micro,231553416,283,26,19
Independencia,2022-2,licitacion,NoClasificado,25576756,31,8,8
Independencia,2022-2,licitacion,Pequeña,878102083,181,63,29
Independencia,2022-2,trato_directo,Grande,208512638,419,126,58
Independencia,2022-2,trato_directo,Mediana,198698372,293,71,34
Independencia,2022-2,trato_directo,Micro,154641374,155,117,66
Independencia,2022-2,trato_directo,NoClasificado,66875847,239,46,27
Independencia,2022-2,trato_directo,Pequeña,96549529,248,77,34
Independencia,2023-1,compra_agil,Grande,123963751,410,129,60
Independencia,2023-1,compra_agil,Mediana,53919398,258,53,30
Independencia,2023-1,compra_agil,Micro,55822443,449,65,44
Independencia,2023-1,compra_agil,NoClasificado,69133429,489,78,53
Independencia,2023-1,compra_agil,Pequeña,82834610,864,90,67
Independencia,2023-1,convenio_marco,Grande,263130480,164,51,13
Independencia,2023-1,convenio_marco,Mediana,7041474,33,6,5
Independencia,2023-1,convenio_marco,Micro,1902210,13,1,1
Independencia,2023-1,convenio_marco,NoClasificado,37460820,107,6,1
Independencia,2023-1,convenio_marco,Pequeña,16058953,47,6,4
Independencia,2023-1,licitacion,Grande,1639095834,152,104,40
Independencia,2023-1,licitacion,Mediana,785155814,57,33,20
Independencia,2023-1,licitacion,Micro,296524291,106,21,15
Independencia,2023-1,licitacion,NoClasificado,70600191,244,11,10
Independencia,2023-1,licitacion,Pequeña,300811185,202,33,23
Independencia,2023-1,trato_directo,Grande,139706991,441,110,49
Independencia,2023-1,trato_directo,Mediana,274052825,78,44,23
Independencia,2023-1,trato_directo,Micro,463114181,112,69,41
Independencia,2023-1,trato_directo,NoClasificado,162056538,40,39,18
Independencia,2023-1,trato_directo,Pequeña,107645082,110,66,37
Independencia,2023-2,compra_agil,Grande,321897326,1401,200,92
Independencia,2023-2,compra_agil,Mediana,104281865,583,131,62
Independencia,2023-2,compra_agil,Micro,95153530,368,122,99
Independencia,2023-2,compra_agil,NoClasificado,33683626,249,42,35
Independencia,2023-2,compra_agil,Pequeña,255688094,2534,253,179
Independencia,2023-2,convenio_marco,Grande,286649985,189,63,20
Independencia,2023-2,convenio_marco,Mediana,56909989,55,12,11
Independencia,2023-2,convenio_marco,Micro,7568600,2,1,1
Independencia,2023-2,convenio_marco,Pequeña,49701252,78,5,2
Independencia,2023-2,licitacion,Grande,2045185783,235,76,37
Independencia,2023-2,licitacion,Mediana,464309828,163,47,27
Independencia,2023-2,licitacion,Micro,201805398,58,15,11
Independencia,2023-2,licitacion,NoClasificado,24943000,2,2,2
Independencia,2023-2,licitacion,Pequeña,822050487,828,68,41
Independencia,2023-2,trato_directo,Grande,75026870,17,16,11
Independencia,2023-2,trato_directo,Mediana,74116979,110,11,9
Independencia,2023-2,trato_directo,Micro,43987051,15,10,10
Independencia,2023-2,trato_directo,NoClasificado,17397352,3,3,3
Independencia,2023-2,trato_directo,Pequeña,71656319,36,18,17
Independencia,2024-1,compra_agil,Grande,289331341,1330,190,84
Independencia,2024-1,compra_agil,Mediana,116029385,563,140,75
Independencia,2024-1,compra_agil,Micro,94296578,439,129,103
Independencia,2024-1,compra_agil,NoClasificado,70518443,1404,50,44
Independencia,2024-1,compra_agil,Pequeña,184092246,1078,246,154
Independencia,2024-1,convenio_marco,Grande,306376255,194,50,17
Independencia,2024-1,convenio_marco,Mediana,20415179,19,7,5
Independencia,2024-1,convenio_marco,Micro,2511200,2,1,1
Independencia,2024-1,convenio_marco,Pequeña,31218614,101,9,4
Independencia,2024-1,licitacion,Grande,4199023372,359,82,35
Independencia,2024-1,licitacion,Mediana,1412610434,197,56,28
Independencia,2024-1,licitacion,Micro,122554202,55,12,10
Independencia,2024-1,licitacion,NoClasificado,395420533,12,7,6
Independencia,2024-1,licitacion,Pequeña,419016525,497,53,40
Independencia,2024-1,trato_directo,Grande,4761591,3,2,2
Independencia,2024-1,trato_directo,Mediana,9732790,2,2,2
Independencia,2024-1,trato_directo,NoClasificado,16991000,2,2,2
Independencia,2024-1,trato_directo,Pequeña,22704258,7,3,2
Independencia,2024-2,compra_agil,1.0,216866574,729,175,80
Independencia,2024-2,compra_agil,2.0,106676842,408,158,69
Independencia,2024-2,compra_agil,3.0,99418517,349,140,103
Independencia,2024-2,compra_agil,4.0,228184310,1485,271,158
Independencia,2024-2,compra_agil,Micro,3251338,7,3,2
Independencia,2024-2,compra_agil,NoClasificado,103166926,453,137,97
Independencia,2024-2,convenio_marco,1.0,239900073,189,55,20
Independencia,2024-2,convenio_marco,2.0,47538440,25,15,9
Independencia,2024-2,convenio_marco,3.0,1730133,1,1,1
Independencia,2024-2,convenio_marco,4.0,66778895,115,12,6
Independencia,2024-2,convenio_marco,NoClasificado,6369170,3,2,1
Independencia,2024-2,licitacion,1.0,5979711688,224,51,23
Independencia,2024-2,licitacion,2.0,595101697,117,58,28
Independencia,2024-2,licitacion,3.0,286173352,36,16,13
Independencia,2024-2,licitacion,4.0,1028860082,269,48,32
Independencia,2024-2,licitacion,NoClasificado,104593419,48,9,8
Independencia,2024-2,trato_directo,1.0,126143711,33,18,14
Independencia,2024-2,trato_directo,2.0,109644206,23,12,11
Independencia,2024-2,trato_directo,3.0,31999052,10,9,7
Independencia,2024-2,trato_directo,4.0,102313632,28,24,18
Independencia,2024-2,trato_directo,Micro,13061306,2,2,2
Independencia,2024-2,trato_directo,NoClasificado,38084283,9,9,7
Independencia,2025-1,compra_agil,Grande,118997887,207,44,25
Independencia,2025-1,compra_agil,Mediana,741425980,4511,176,87
Independencia,2025-1,compra_agil,Micro,132715876,480,92,77
Independencia,2025-1,compra_agil,NoClasificado,175019495,602,99,76
Independencia,2025-1,compra_agil,Pequeña,408958182,1742,228,156
Independencia,2025-1,convenio_marco,Grande,182754532,206,48,18
Independencia,2025-1,convenio_marco,Mediana,17625191,14,7,5
Independencia,2025-1,convenio_marco,NoClasificado,37432982,3,2,2
Independencia,2025-1,convenio_marco,Pequeña,32260062,32,5,4
Independencia,2025-1,licitacion,Grande,2130129160,76,36,11
Independencia,2025-1,licitacion,Mediana,1277925755,38,34,13
Independencia,2025-1,licitacion,Micro,24924322,25,12,10
Independencia,2025-1,licitacion,NoClasificado,15575000,5,4,4
Independencia,2025-1,licitacion,Pequeña,388123458,96,33,18
Independencia,2025-1,trato_directo,Grande,189372505,15,7,5
Independencia,2025-1,trato_directo,Mediana,390000,1,1,1
Independencia,2025-1,trato_directo,Micro,1901703,2,2,2
Independencia,2025-1,trato_directo,NoClasificado,888000,4,1,1
Independencia,2025-1,trato_directo,Pequeña,18079414,2,2,2
Independencia,2025-2,compra_agil,Grande,237721651,432,56,30
Independencia,2025-2,compra_agil,Mediana,473811150,1969,171,85
Independencia,2025-2,compra_agil,Micro,243745030,2067,150,114
Independencia,2025-2,compra_agil,NoClasificado,787350017,5848,217,133
Independencia,2025-2,compra_agil,Pequeña,879267991,20841,290,174
Independencia,2025-2,convenio_marco,Grande,259223365,226,46,17
Independencia,2025-2,convenio_marco,Mediana,67513137,66,22,15
Independencia,2025-2,convenio_marco,Micro,17628964,3,2,2
Independencia,2025-2,convenio_marco,Pequeña,28954783,45,3,2
Independencia,2025-2,licitacion,Grande,1959060788,92,33,8
Independencia,2025-2,licitacion,Mediana,756330898,82,38,13
Independencia,2025-2,licitacion,Micro,244057677,68,15,8
Independencia,2025-2,licitacion,NoClasificado,31576285,10,3,3
Independencia,2025-2,licitacion,Pequeña,304563103,280,24,13
Independencia,2025-2,trato_directo,Grande,83394213,15,10,6
Independencia,2025-2,trato_directo,Mediana,126743601,4,4,3
Independencia,2025-2,trato_directo,Micro,3270500,4,3,3
Independencia,2025-2,trato_directo,NoClasificado,37629902,3,3,3
Independencia,2025-2,trato_directo,Pequeña,11114600,4,4,4
La Cisterna,2015-1,convenio_marco,Grande,110193552,2543,280,27
La Cisterna,2015-1,convenio_marco,Mediana,43305329,408,118,25
La Cisterna,2015-1,convenio_marco,Micro,36606105,319,93,34
La Cisterna,2015-1,convenio_marco,Pequeña,73936236,235,111,48
La Cisterna,2015-1,licitacion,Grande,59641022,121,61,23
La Cisterna,2015-1,licitacion,Mediana,34006983,152,54,16
La Cisterna,2015-1,licitacion,Micro,103263347,172,65,46
La Cisterna,2015-1,licitacion,NoClasificado,219000,1,1,1
La Cisterna,2015-1,licitacion,Pequeña,136703074,233,97,46
La Cisterna,2015-1,trato_directo,Grande,42631664,676,133,24
La Cisterna,2015-1,trato_directo,Mediana,10910245,299,39,18
La Cisterna,2015-1,trato_directo,Micro,83042919,635,268,49
La Cisterna,2015-1,trato_directo,Pequeña,77525558,799,182,40
La Cisterna,2015-2,convenio_marco,Grande,153964939,2584,394,28
La Cisterna,2015-2,convenio_marco,Mediana,62718755,385,146,33
La Cisterna,2015-2,convenio_marco,Micro,136718539,518,241,60
La Cisterna,2015-2,convenio_marco,NoClasificado,354000,1,1,1
La Cisterna,2015-2,convenio_marco,Pequeña,139441023,335,158,66
La Cisterna,2015-2,licitacion,Grande,71574672,163,96,22
La Cisterna,2015-2,licitacion,Mediana,66843064,170,95,19
La Cisterna,2015-2,licitacion,Micro,207123304,263,119,67
La Cisterna,2015-2,licitacion,Pequeña,107593707,406,137,46
La Cisterna,2015-2,trato_directo,Grande,49274544,529,127,25
La Cisterna,2015-2,trato_directo,Mediana,9359290,190,31,14
La Cisterna,2015-2,trato_directo,Micro,100991570,752,275,63
La Cisterna,2015-2,trato_directo,Pequeña,65997322,690,189,46
La Cisterna,2016-1,convenio_marco,Grande,315185974,3063,453,36
La Cisterna,2016-1,convenio_marco,Mediana,108651253,491,187,35
La Cisterna,2016-1,convenio_marco,Micro,254800166,751,309,85
La Cisterna,2016-1,convenio_marco,Pequeña,115838396,474,170,70
La Cisterna,2016-1,licitacion,Grande,92570123,196,116,25
La Cisterna,2016-1,licitacion,Mediana,45190859,120,75,15
La Cisterna,2016-1,licitacion,Micro,212169469,148,67,35
La Cisterna,2016-1,licitacion,Pequeña,75437107,262,115,32
La Cisterna,2016-1,trato_directo,Grande,39105039,487,108,25
La Cisterna,2016-1,trato_directo,Mediana,22446198,209,49,19
La Cisterna,2016-1,trato_directo,Micro,153692192,1152,282,59
La Cisterna,2016-1,trato_directo,NoClasificado,1754622,6,1,1
La Cisterna,2016-1,trato_directo,Pequeña,93571760,526,133,44
La Cisterna,2016-2,convenio_marco,Grande,218635884,2246,436,35
La Cisterna,2016-2,convenio_marco,Mediana,138682793,488,170,41
La Cisterna,2016-2,convenio_marco,Micro,587105852,1302,548,125
La Cisterna,2016-2,convenio_marco,NoClasificado,382050,1,1,1
La Cisterna,2016-2,convenio_marco,Pequeña,212340635,441,178,87
La Cisterna,2016-2,licitacion,Grande,103208055,217,123,30
La Cisterna,2016-2,licitacion,Mediana,48435094,76,62,18
La Cisterna,2016-2,licitacion,Micro,250188856,172,89,55
La Cisterna,2016-2,licitacion,Pequeña,60327031,187,96,30
La Cisterna,2016-2,trato_directo,Grande,92841457,1078,232,30
La Cisterna,2016-2,trato_directo,Mediana,43606752,295,63,21
La Cisterna,2016-2,trato_directo,Micro,209310129,1196,384,65
La Cisterna,2016-2,trato_directo,Pequeña,129604285,564,192,43
La Cisterna,2017-1,convenio_marco,Grande,162720510,2511,361,26
La Cisterna,2017-1,convenio_marco,Mediana,53988971,607,141,30
La Cisterna,2017-1,convenio_marco,Micro,153016888,763,311,88
La Cisterna,2017-1,convenio_marco,Pequeña,67805860,345,127,66
La Cisterna,2017-1,licitacion,Grande,93963729,192,126,24
La Cisterna,2017-1,licitacion,Mediana,58109294,128,83,13
La Cisterna,2017-1,licitacion,Micro,60202925,87,51,31
La Cisterna,2017-1,licitacion,Pequeña,47582612,184,87,23
La Cisterna,2017-1,trato_directo,Grande,80224757,923,165,28
La Cisterna,2017-1,trato_directo,Mediana,23354250,148,44,14
La Cisterna,2017-1,trato_directo,Micro,123780909,610,235,51
La Cisterna,2017-1,trato_directo,Pequeña,72389943,409,166,43
La Cisterna,2017-2,convenio_marco,Grande,329114869,2534,426,32
La Cisterna,2017-2,convenio_marco,Mediana,84108140,535,159,37
La Cisterna,2017-2,convenio_marco,Micro,298887721,1176,458,123
La Cisterna,2017-2,convenio_marco,Pequeña,165919373,487,202,85
La Cisterna,2017-2,licitacion,Grande,76739883,108,75,21
La Cisterna,2017-2,licitacion,Mediana,51363392,106,66,15
La Cisterna,2017-2,licitacion,Micro,75007492,81,41,27
La Cisterna,2017-2,licitacion,Pequeña,54963784,179,85,35
La Cisterna,2017-2,trato_directo,Grande,93454117,1031,210,31
La Cisterna,2017-2,trato_directo,Mediana,60395958,139,65,24
La Cisterna,2017-2,trato_directo,Micro,181083516,837,316,74
La Cisterna,2017-2,trato_directo,NoClasificado,4918500,2,2,1
La Cisterna,2017-2,trato_directo,Pequeña,63653848,340,108,38
La Cisterna,2018-1,convenio_marco,Grande,203418876,2646,405,34
La Cisterna,2018-1,convenio_marco,Mediana,58091464,314,119,36
La Cisterna,2018-1,convenio_marco,Micro,228685503,945,398,90
La Cisterna,2018-1,convenio_marco,Pequeña,82923537,346,142,56
La Cisterna,2018-1,licitacion,Grande,90580125,98,66,19
La Cisterna,2018-1,licitacion,Mediana,31790205,47,32,12
La Cisterna,2018-1,licitacion,Micro,97154419,93,40,25
La Cisterna,2018-1,licitacion,Pequeña,47024278,117,55,18
La Cisterna,2018-1,trato_directo,Grande,106957407,1071,240,35
La Cisterna,2018-1,trato_directo,Mediana,35784573,98,51,21
La Cisterna,2018-1,trato_directo,Micro,166718745,810,268,72
La Cisterna,2018-1,trato_directo,NoClasificado,3132500,2,2,2
La Cisterna,2018-1,trato_directo,Pequeña,48440144,279,132,42
La Cisterna,2018-2,convenio_marco,Grande,191070762,1949,360,34
La Cisterna,2018-2,convenio_marco,Mediana,65081267,392,119,33
La Cisterna,2018-2,convenio_marco,Micro,240442195,1103,499,101
La Cisterna,2018-2,convenio_marco,Pequeña,151120068,352,168,70
La Cisterna,2018-2,licitacion,Grande,158448100,187,130,27
La Cisterna,2018-2,licitacion,Mediana,24330329,62,47,16
La Cisterna,2018-2,licitacion,Micro,50142201,61,37,25
La Cisterna,2018-2,licitacion,Pequeña,42803604,115,71,24
La Cisterna,2018-2,trato_directo,Grande,79929244,727,154,35
La Cisterna,2018-2,trato_directo,Mediana,15700696,77,29,15
La Cisterna,2018-2,trato_directo,Micro,180378320,844,309,71
La Cisterna,2018-2,trato_directo,Pequeña,73285851,465,155,46
La Cisterna,2019-1,convenio_marco,Grande,228127425,2437,454,37
La Cisterna,2019-1,convenio_marco,Mediana,86002593,525,166,37
La Cisterna,2019-1,convenio_marco,Micro,259740491,973,455,106
La Cisterna,2019-1,convenio_marco,Pequeña,105242520,279,165,60
La Cisterna,2019-1,licitacion,Grande,99390344,189,128,25
La Cisterna,2019-1,licitacion,Mediana,33164346,61,47,18
La Cisterna,2019-1,licitacion,Micro,37092416,57,44,17
La Cisterna,2019-1,licitacion,Pequeña,49544643,146,76,25
La Cisterna,2019-1,trato_directo,Grande,109008216,860,157,34
La Cisterna,2019-1,trato_directo,Mediana,23936201,94,27,17
La Cisterna,2019-1,trato_directo,Micro,199811769,800,266,72
La Cisterna,2019-1,trato_directo,Pequeña,102348789,529,140,48
La Cisterna,2019-2,convenio_marco,Grande,210065824,1935,429,34
La Cisterna,2019-2,convenio_marco,Mediana,134686655,575,166,39
La Cisterna,2019-2,convenio_marco,Micro,385895675,1211,544,112
La Cisterna,2019-2,convenio_marco,Pequeña,291877158,491,193,74
La Cisterna,2019-2,licitacion,Grande,73247573,140,89,27
La Cisterna,2019-2,licitacion,Mediana,48124983,73,48,16
La Cisterna,2019-2,licitacion,Micro,85897950,87,47,29
La Cisterna,2019-2,licitacion,Pequeña,56354206,108,69,24
La Cisterna,2019-2,trato_directo,Grande,101137912,947,190,34
La Cisterna,2019-2,trato_directo,Mediana,55684091,282,61,26
La Cisterna,2019-2,trato_directo,Micro,236858089,1074,361,83
La Cisterna,2019-2,trato_directo,Pequeña,123681606,692,185,66
La Cisterna,2020-1,compra_agil,Grande,1513470,6,3,3
La Cisterna,2020-1,compra_agil,Mediana,419320,6,3,2
La Cisterna,2020-1,compra_agil,Micro,1166532,9,8,8
La Cisterna,2020-1,compra_agil,Pequeña,1122720,5,5,5
La Cisterna,2020-1,convenio_marco,Grande,220795474,938,213,26
La Cisterna,2020-1,convenio_marco,Mediana,107873761,215,75,33
La Cisterna,2020-1,convenio_marco,Micro,291625524,597,256,68
La Cisterna,2020-1,convenio_marco,Pequeña,74964043,253,106,43
La Cisterna,2020-1,licitacion,Grande,80450479,113,73,20
La Cisterna,2020-1,licitacion,Mediana,18575109,25,17,7
La Cisterna,2020-1,licitacion,Micro,39191321,38,24,11
La Cisterna,2020-1,licitacion,Pequeña,142046856,90,40,18
La Cisterna,2020-1,trato_directo,Grande,354357721,1539,236,37
La Cisterna,2020-1,trato_directo,Mediana,174540211,406,92,24
La Cisterna,2020-1,trato_directo,Micro,415016496,624,266,84
La Cisterna,2020-1,trato_directo,NoClasificado,52069394,19,13,9
La Cisterna,2020-1,trato_directo,Pequeña,267536006,568,178,61
La Cisterna,2020-2,compra_agil,Grande,22052510,320,26,11
La Cisterna,2020-2,compra_agil,Mediana,4960913,42,10,9
La Cisterna,2020-2,compra_agil,Micro,36396652,488,59,45
La Cisterna,2020-2,compra_agil,NoClasificado,18005709,285,25,20
La Cisterna,2020-2,compra_agil,Pequeña,19519790,157,33,25
La Cisterna,2020-2,convenio_marco,Grande,219049597,990,257,31
La Cisterna,2020-2,convenio_marco,Mediana,155777325,168,94,32
La Cisterna,2020-2,convenio_marco,Micro,357350268,539,260,73
La Cisterna,2020-2,convenio_marco,Pequeña,157968404,363,147,57
La Cisterna,2020-2,licitacion,Grande,58119877,112,87,18
La Cisterna,2020-2,licitacion,Mediana,10853260,30,23,8
La Cisterna,2020-2,licitacion,Micro,254367521,42,34,11
La Cisterna,2020-2,licitacion,Pequeña,87505124,82,44,11
La Cisterna,2020-2,trato_directo,Grande,343757810,1403,236,42
La Cisterna,2020-2,trato_directo,Mediana,77566435,382,84,29
La Cisterna,2020-2,trato_directo,Micro,509371496,754,262,76
La Cisterna,2020-2,trato_directo,NoClasificado,47477152,95,53,17
La Cisterna,2020-2,trato_directo,Pequeña,208726924,589,164,56
La Cisterna,2021-1,compra_agil,Grande,10940418,56,13,11
La Cisterna,2021-1,compra_agil,Mediana,8435971,73,12,10
La Cisterna,2021-1,compra_agil,Micro,54238064,346,59,42
La Cisterna,2021-1,compra_agil,NoClasificado,125897,1,1,1
La Cisterna,2021-1,compra_agil,Pequeña,12174883,70,17,15
La Cisterna,2021-1,convenio_marco,Grande,255113917,323,124,34
La Cisterna,2021-1,convenio_marco,Mediana,29738330,45,23,14
La Cisterna,2021-1,convenio_marco,Micro,82158953,227,110,33
La Cisterna,2021-1,convenio_marco,Pequeña,26913327,34,27,20
La Cisterna,2021-1,licitacion,Grande,111581240,166,116,25
La Cisterna,2021-1,licitacion,Mediana,136322150,20,12,6
La Cisterna,2021-1,licitacion,Micro,92414623,38,26,17
La Cisterna,2021-1,licitacion,Pequeña,38417720,73,32,7
La Cisterna,2021-1,trato_directo,Grande,232870074,2173,323,54
La Cisterna,2021-1,trato_directo,Mediana,23254906,66,36,15
La Cisterna,2021-1,trato_directo,Micro,315496683,777,274,80
La Cisterna,2021-1,trato_directo,NoClasificado,21706987,10,10,2
La Cisterna,2021-1,trato_directo,Pequeña,81750012,350,81,33
La Cisterna,2021-2,compra_agil,Grande,64899100,572,63,17
La Cisterna,2021-2,compra_agil,Mediana,43642154,579,38,20
La Cisterna,2021-2,compra_agil,Micro,147772252,1665,148,100
La Cisterna,2021-2,compra_agil,NoClasificado,22573674,141,39,26
La Cisterna,2021-2,compra_agil,Pequeña,79831004,553,82,53
La Cisterna,2021-2,convenio_marco,Grande,206885889,147,90,21
La Cisterna,2021-2,convenio_marco,Mediana,28105839,21,14,11
La Cisterna,2021-2,convenio_marco,Micro,102474715,111,73,43
La Cisterna,2021-2,convenio_marco,Pequeña,39951044,73,43,20
La Cisterna,2021-2,licitacion,Grande,83244262,157,105,29
La Cisterna,2021-2,licitacion,Mediana,52118020,37,31,11
La Cisterna,2021-2,licitacion,Micro,146252266,110,70,36
La Cisterna,2021-2,licitacion,NoClasificado,175604162,10,5,4
La Cisterna,2021-2,licitacion,Pequeña,79868556,120,50,19
La Cisterna,2021-2,trato_directo,Grande,222756926,2424,291,37
La Cisterna,2021-2,trato_directo,Mediana,34365924,150,47,19
La Cisterna,2021-2,trato_directo,Micro,326994015,879,280,101
La Cisterna,2021-2,trato_directo,NoClasificado,79662946,72,39,20
La Cisterna,2021-2,trato_directo,Pequeña,299103893,315,111,59
La Cisterna,2022-1,compra_agil,Grande,115917021,1161,118,47
La Cisterna,2022-1,compra_agil,Mediana,83760313,1757,58,28
La Cisterna,2022-1,compra_agil,Micro,152040848,1167,134,102
La Cisterna,2022-1,compra_agil,NoClasificado,60702111,526,58,46
La Cisterna,2022-1,compra_agil,Pequeña,97496464,1338,76,53
La Cisterna,2022-1,convenio_marco,Grande,98942583,120,65,22
La Cisterna,2022-1,convenio_marco,Mediana,34868326,13,9,7
La Cisterna,2022-1,convenio_marco,Micro,17866192,16,12,8
La Cisterna,2022-1,convenio_marco,Pequeña,56341359,13,8,8
La Cisterna,2022-1,licitacion,Grande,118508550,311,144,33
La Cisterna,2022-1,licitacion,Mediana,25069800,36,20,17
La Cisterna,2022-1,licitacion,Micro,110482206,99,41,32
La Cisterna,2022-1,licitacion,NoClasificado,11618383,12,10,4
La Cisterna,2022-1,licitacion,Pequeña,40463460,72,30,21
La Cisterna,2022-1,trato_directo,Grande,276358101,2501,282,56
La Cisterna,2022-1,trato_directo,Mediana,15108173,71,26,12
La Cisterna,2022-1,trato_directo,Micro,124585073,238,99,51
La Cisterna,2022-1,trato_directo,NoClasificado,12037047,51,12,7
La Cisterna,2022-1,trato_directo,Pequeña,54052450,123,41,27
La Cisterna,2022-2,convenio_marco,Grande,572444602,117,73,22
La Cisterna,2022-2,convenio_marco,Mediana,44529369,18,12,9
La Cisterna,2022-2,convenio_marco,Micro,4792925,3,1,1
La Cisterna,2022-2,convenio_marco,NoClasificado,4201554,1,1,1
La Cisterna,2022-2,convenio_marco,Pequeña,3304875,2,2,2
La Cisterna,2022-2,licitacion,Grande,341065916,443,194,52
La Cisterna,2022-2,licitacion,Mediana,1172888039,70,32,24
La Cisterna,2022-2,licitacion,Micro,84802275,80,50,31
La Cisterna,2022-2,licitacion,NoClasificado,37324103,28,17,12
La Cisterna,2022-2,licitacion,Pequeña,172110319,91,37,27
La Cisterna,2022-2,trato_directo,Grande,305535139,2323,284,57
La Cisterna,2022-2,trato_directo,Mediana,71894414,234,71,25
La Cisterna,2022-2,trato_directo,Micro,168974434,250,113,49
La Cisterna,2022-2,trato_directo,NoClasificado,46973364,90,51,18
La Cisterna,2022-2,trato_directo,Pequeña,76794788,302,86,30
La Cisterna,2023-1,compra_agil,Grande,93788544,691,95,49
La Cisterna,2023-1,compra_agil,Mediana,53217783,308,66,42
La Cisterna,2023-1,compra_agil,Micro,97338627,716,114,85
La Cisterna,2023-1,compra_agil,NoClasificado,105675655,913,97,70
La Cisterna,2023-1,compra_agil,Pequeña,133582974,1507,94,76
La Cisterna,2023-1,convenio_marco,Grande,491367975,167,58,15
La Cisterna,2023-1,convenio_marco,Mediana,39019305,17,10,10
La Cisterna,2023-1,convenio_marco,Micro,1602650,1,1,1
La Cisterna,2023-1,convenio_marco,NoClasificado,1926000,1,1,1
La Cisterna,2023-1,convenio_marco,Pequeña,6459486,42,3,1
La Cisterna,2023-1,licitacion,Grande,480293060,394,150,49
La Cisterna,2023-1,licitacion,Mediana,220102110,78,31,22
La Cisterna,2023-1,licitacion,Micro,133388228,63,27,16
La Cisterna,2023-1,licitacion,NoClasificado,52008945,69,25,20
La Cisterna,2023-1,licitacion,Pequeña,128022273,149,36,29
La Cisterna,2023-1,trato_directo,Grande,384737568,1783,245,74
La Cisterna,2023-1,trato_directo,Mediana,100622417,218,56,28
La Cisterna,2023-1,trato_directo,Micro,81262655,135,85,34
La Cisterna,2023-1,trato_directo,NoClasificado,44967732,81,44,14
La Cisterna,2023-1,trato_directo,Pequeña,86455577,217,96,45
La Cisterna,2023-2,compra_agil,Grande,107807917,829,133,61
La Cisterna,2023-2,compra_agil,Mediana,165261297,2226,129,77
La Cisterna,2023-2,compra_agil,Micro,140259978,1034,130,100
La Cisterna,2023-2,compra_agil,NoClasificado,67872074,639,61,39
La Cisterna,2023-2,compra_agil,Pequeña,526269687,8926,316,193
La Cisterna,2023-2,convenio_marco,Grande,568890472,264,66,18
La Cisterna,2023-2,convenio_marco,Mediana,33668844,23,12,9
La Cisterna,2023-2,convenio_marco,Micro,8598660,4,2,2
La Cisterna,2023-2,convenio_marco,NoClasificado,760500,1,1,1
La Cisterna,2023-2,convenio_marco,Pequeña,12605862,36,4,4
La Cisterna,2023-2,licitacion,Grande,573108042,464,145,54
La Cisterna,2023-2,licitacion,Mediana,87368769,132,31,22
La Cisterna,2023-2,licitacion,Micro,19383537,10,9,9
La Cisterna,2023-2,licitacion,NoClasificado,11898940,35,5,5
La Cisterna,2023-2,licitacion,Pequeña,220971469,152,66,36
La Cisterna,2023-2,trato_directo,Grande,327649438,1282,176,68
La Cisterna,2023-2,trato_directo,Mediana,106472995,240,60,32
La Cisterna,2023-2,trato_directo,Micro,167796250,176,116,35
La Cisterna,2023-2,trato_directo,NoClasificado,54953482,29,23,17
La Cisterna,2023-2,trato_directo,Pequeña,192046976,294,144,62
La Cisterna,2024-1,compra_agil,Grande,245596136,1124,261,71
La Cisterna,2024-1,compra_agil,Mediana,209721928,2631,146,65
La Cisterna,2024-1,compra_agil,Micro,151501579,904,139,96
La Cisterna,2024-1,compra_agil,NoClasificado,120834313,1258,92,73
La Cisterna,2024-1,compra_agil,Pequeña,338397129,4406,234,157
La Cisterna,2024-1,convenio_marco,Grande,438032752,285,66,22
La Cisterna,2024-1,convenio_marco,Mediana,163581331,110,34,19
La Cisterna,2024-1,convenio_marco,Micro,14230371,4,3,2
La Cisterna,2024-1,convenio_marco,NoClasificado,1252840,2,1,1
La Cisterna,2024-1,convenio_marco,Pequeña,7313485,2,2,2
La Cisterna,2024-1,licitacion,Grande,380542386,625,181,61
La Cisterna,2024-1,licitacion,Mediana,178856869,189,72,36
La Cisterna,2024-1,licitacion,Micro,84743936,115,27,23
La Cisterna,2024-1,licitacion,NoClasificado,46382694,45,14,14
La Cisterna,2024-1,licitacion,Pequeña,798135820,264,81,52
La Cisterna,2024-1,trato_directo,Grande,1421660786,786,126,62
La Cisterna,2024-1,trato_directo,Mediana,67037998,112,35,23
La Cisterna,2024-1,trato_directo,Micro,75431007,62,43,23
La Cisterna,2024-1,trato_directo,NoClasificado,31381531,26,11,7
La Cisterna,2024-1,trato_directo,Pequeña,121284933,98,51,25
La Cisterna,2024-2,compra_agil,1.0,287851175,1651,268,78
La Cisterna,2024-2,compra_agil,2.0,219885352,1300,173,74
La Cisterna,2024-2,compra_agil,3.0,195847234,1873,190,136
La Cisterna,2024-2,compra_agil,4.0,489676015,9985,292,186
La Cisterna,2024-2,compra_agil,Micro,1160000,1,1,1
La Cisterna,2024-2,compra_agil,NoClasificado,422915329,4978,194,127
La Cisterna,2024-2,convenio_marco,1.0,212701686,216,49,24
La Cisterna,2024-2,convenio_marco,2.0,66613215,39,21,9
La Cisterna,2024-2,convenio_marco,3.0,11368087,7,3,2
La Cisterna,2024-2,convenio_marco,4.0,19463960,6,5,5
La Cisterna,2024-2,convenio_marco,NoClasificado,5112430,2,2,2
La Cisterna,2024-2,licitacion,1.0,1180180928,249,65,38
La Cisterna,2024-2,licitacion,2.0,268296399,125,40,25
La Cisterna,2024-2,licitacion,3.0,150408955,164,35,31
La Cisterna,2024-2,licitacion,4.0,867130666,306,104,74
La Cisterna,2024-2,licitacion,NoClasificado,88793190,79,15,12
La Cisterna,2024-2,trato_directo,1.0,501782244,419,107,55
La Cisterna,2024-2,trato_directo,2.0,36449460,101,21,15
La Cisterna,2024-2,trato_directo,3.0,79025188,106,59,28
La Cisterna,2024-2,trato_directo,4.0,91919784,77,55,32
La Cisterna,2024-2,trato_directo,NoClasificado,76563424,36,19,13
La Cisterna,2025-1,compra_agil,Grande,916670305,3504,82,33
La Cisterna,2025-1,compra_agil,Mediana,428217045,1761,216,80
La Cisterna,2025-1,compra_agil,Micro,184884065,1884,97,65
La Cisterna,2025-1,compra_agil,NoClasificado,297369278,1933,123,74
La Cisterna,2025-1,compra_agil,Pequeña,564909794,5308,285,116
La Cisterna,2025-1,convenio_marco,Grande,228466452,339,34,15
La Cisterna,2025-1,convenio_marco,Mediana,96030174,15,7,7
La Cisterna,2025-1,convenio_marco,Micro,16370338,86,4,4
La Cisterna,2025-1,convenio_marco,NoClasificado,5088850,1,1,1
La Cisterna,2025-1,convenio_marco,Pequeña,7505380,5,3,3
La Cisterna,2025-1,licitacion,Grande,172149667,169,39,25
La Cisterna,2025-1,licitacion,Mediana,107386384,53,18,17
La Cisterna,2025-1,licitacion,Micro,56020339,13,10,10
La Cisterna,2025-1,licitacion,NoClasificado,43698631,26,7,7
La Cisterna,2025-1,licitacion,Pequeña,280235211,114,38,25
La Cisterna,2025-1,trato_directo,Grande,15405234,9,7,4
La Cisterna,2025-1,trato_directo,Mediana,3122280,2,2,1
La Cisterna,2025-1,trato_directo,Micro,13439322,18,10,7
La Cisterna,2025-1,trato_directo,NoClasificado,2464000,1,1,1
La Cisterna,2025-1,trato_directo,Pequeña,13210359,12,10,8
La Cisterna,2025-2,compra_agil,Grande,119957374,390,24,15
La Cisterna,2025-2,compra_agil,Mediana,325404496,1935,108,66
La Cisterna,2025-2,compra_agil,Micro,130955074,1098,86,78
La Cisterna,2025-2,compra_agil,NoClasificado,244130565,2965,146,114
La Cisterna,2025-2,compra_agil,Pequeña,289782693,5506,175,116
La Cisterna,2025-2,convenio_marco,Grande,145222021,210,44,21
La Cisterna,2025-2,convenio_marco,Mediana,38024871,28,13,9
La Cisterna,2025-2,convenio_marco,Micro,13919823,61,4,4
La Cisterna,2025-2,convenio_marco,NoClasificado,17412286,37,5,4
La Cisterna,2025-2,convenio_marco,Pequeña,5171307,18,4,4
La Cisterna,2025-2,licitacion,Grande,1585751839,403,183,55
La Cisterna,2025-2,licitacion,Mediana,295478503,86,42,28
La Cisterna,2025-2,licitacion,Micro,561285690,26,15,12
La Cisterna,2025-2,licitacion,NoClasificado,222762417,61,30,14
La Cisterna,2025-2,licitacion,Pequeña,308152704,66,44,32
La Cisterna,2025-2,trato_directo,Grande,23615738,10,9,8
La Cisterna,2025-2,trato_directo,Mediana,5143151,5,5,3
La Cisterna,2025-2,trato_directo,Micro,3874117,4,4,4
La Cisterna,2025-2,trato_directo,NoClasificado,24627868,12,5,4
La Cisterna,2025-2,trato_directo,Pequeña,14157456,29,9,7
La Florida,2015-1,convenio_marco,Grande,169984822,352,107,20
La Florida,2015-1,convenio_marco,Mediana,100753767,403,93,26
La Florida,2015-1,convenio_marco,Micro,53880046,84,52,23
La Florida,2015-1,convenio_marco,Pequeña,106187649,119,84,18
La Florida,2015-1,licitacion,Grande,8846911769,78,29,21
La Florida,2015-1,licitacion,Mediana,70105636,169,45,18
La Florida,2015-1,licitacion,Micro,2722592017,503,141,88
La Florida,2015-1,licitacion,NoClasificado,824543,15,4,1
La Florida,2015-1,licitacion,Pequeña,241004887,317,94,47
La Florida,2015-1,trato_directo,Grande,3512786,11,10,8
La Florida,2015-1,trato_directo,Mediana,3044743,16,10,6
La Florida,2015-1,trato_directo,Micro,3519427,30,11,6
La Florida,2015-1,trato_directo,Pequeña,29964944,4,4,4
La Florida,2015-2,convenio_marco,Grande,166133687,223,79,21
La Florida,2015-2,convenio_marco,Mediana,62956162,260,73,17
La Florida,2015-2,convenio_marco,Micro,144990408,121,81,33
La Florida,2015-2,convenio_marco,NoClasificado,4277630,2,2,1
La Florida,2015-2,convenio_marco,Pequeña,193013357,153,103,21
La Florida,2015-2,licitacion,Grande,559784333,53,29,17
La Florida,2015-2,licitacion,Mediana,599953342,240,54,15
La Florida,2015-2,licitacion,Micro,381914501,369,177,115
La Florida,2015-2,licitacion,NoClasificado,1007974,3,3,2
La Florida,2015-2,licitacion,Pequeña,466696437,315,109,52
La Florida,2015-2,trato_directo,Grande,163649831,26,22,12
La Florida,2015-2,trato_directo,Mediana,3049785,10,9,7
La Florida,2015-2,trato_directo,Micro,29503306,74,31,17
La Florida,2015-2,trato_directo,Pequeña,232409973,10,9,6
La Florida,2016-1,convenio_marco,Grande,220972403,290,129,21
La Florida,2016-1,convenio_marco,Mediana,62556141,378,89,18
La Florida,2016-1,convenio_marco,Micro,111027032,94,72,35
La Florida,2016-1,convenio_marco,Pequeña,138682682,85,67,21
La Florida,2016-1,licitacion,Grande,22048371,61,19,10
La Florida,2016-1,licitacion,Mediana,47652557,192,56,12
La Florida,2016-1,licitacion,Micro,447627699,239,116,77
La Florida,2016-1,licitacion,Pequeña,1463463918,175,70,34
La Florida,2016-1,trato_directo,Grande,49234057,15,15,5
La Florida,2016-1,trato_directo,Mediana,24925446,14,6,5
La Florida,2016-1,trato_directo,Micro,16622610,28,13,10
La Florida,2016-1,trato_directo,Pequeña,4611750,9,5,5
La Florida,2016-2,convenio_marco,Grande,65927740,49,23,11
La Florida,2016-2,convenio_marco,Mediana,8694801,217,33,11
La Florida,2016-2,convenio_marco,Micro,114874240,70,46,22
La Florida,2016-2,convenio_marco,Pequeña,70839643,52,28,15
La Florida,2016-2,licitacion,Grande,404820106,116,48,24
La Florida,2016-2,licitacion,Mediana,965064068,118,55,19
La Florida,2016-2,licitacion,Micro,1762704718,312,162,124
La Florida,2016-2,licitacion,NoClasificado,2422354,6,6,2
La Florida,2016-2,licitacion,Pequeña,803287865,151,86,44
La Florida,2016-2,trato_directo,Grande,133533890,25,22,10
La Florida,2016-2,trato_directo,Mediana,21059391,5,5,5
La Florida,2016-2,trato_directo,Micro,17156138,47,17,12
La Florida,2016-2,trato_directo,Pequeña,1553590,4,3,3
La Florida,2017-1,convenio_marco,Grande,155261124,169,77,13
La Florida,2017-1,convenio_marco,Mediana,23855058,234,42,9
La Florida,2017-1,convenio_marco,Micro,42363914,64,39,22
La Florida,2017-1,convenio_marco,Pequeña,32168107,63,24,8
La Florida,2017-1,licitacion,Grande,10709976884,25,17,12
La Florida,2017-1,licitacion,Mediana,1173276707,36,15,11
La Florida,2017-1,licitacion,Micro,165394497,218,98,73
La Florida,2017-1,licitacion,NoClasificado,1688354,19,5,2
La Florida,2017-1,licitacion,Pequeña,256003598,169,72,39
La Florida,2017-1,trato_directo,Grande,92217019,8,8,3
La Florida,2017-1,trato_directo,Mediana,4168089,3,3,2
La Florida,2017-1,trato_directo,Micro,71557553,45,21,14
La Florida,2017-1,trato_directo,Pequeña,38235002,30,26,8
La Florida,2017-2,convenio_marco,Grande,170889472,256,98,22
La Florida,2017-2,convenio_marco,Mediana,72783905,152,49,13
La Florida,2017-2,convenio_marco,Micro,602663665,144,81,39
La Florida,2017-2,convenio_marco,Pequeña,52090339,105,43,21
La Florida,2017-2,licitacion,Grande,343416643,57,38,20
La Florida,2017-2,licitacion,Mediana,3838282983,71,45,30
La Florida,2017-2,licitacion,Micro,409083200,238,132,88
La Florida,2017-2,licitacion,NoClasificado,2067126,6,6,1
La Florida,2017-2,licitacion,Pequeña,3125152565,129,70,40
La Florida,2017-2,trato_directo,Grande,233861421,18,14,7
La Florida,2017-2,trato_directo,Mediana,2573972,10,8,8
La Florida,2017-2,trato_directo,Micro,18391972,130,65,25
La Florida,2017-2,trato_directo,NoClasificado,182000,2,1,1
La Florida,2017-2,trato_directo,Pequeña,6723533,24,19,17
La Florida,2018-1,convenio_marco,Grande,132557046,199,87,20
La Florida,2018-1,convenio_marco,Mediana,122075835,119,31,15
La Florida,2018-1,convenio_marco,Micro,87484954,112,77,34
La Florida,2018-1,convenio_marco,Pequeña,34834804,108,42,21
La Florida,2018-1,licitacion,Grande,840166622,40,18,14
La Florida,2018-1,licitacion,Mediana,333326946,46,21,14
La Florida,2018-1,licitacion,Micro,764525457,169,82,55
La Florida,2018-1,licitacion,NoClasificado,973578,6,5,1
La Florida,2018-1,licitacion,Pequeña,252130097,115,60,37
La Florida,2018-1,trato_directo,Grande,63860286,13,13,6
La Florida,2018-1,trato_directo,Mediana,5713721,8,6,4
La Florida,2018-1,trato_directo,Micro,16944690,23,23,15
La Florida,2018-1,trato_directo,Pequeña,29460984,39,38,12
La Florida,2018-2,convenio_marco,Grande,174415290,222,82,22
La Florida,2018-2,convenio_marco,Mediana,39403149,71,37,13
La Florida,2018-2,convenio_marco,Micro,100555679,107,60,32
La Florida,2018-2,convenio_marco,Pequeña,37011849,143,33,11
La Florida,2018-2,licitacion,Grande,598386519,39,28,19
La Florida,2018-2,licitacion,Mediana,323905337,30,27,20
La Florida,2018-2,licitacion,Micro,391983288,250,150,91
La Florida,2018-2,licitacion,NoClasificado,7202665,23,12,2
La Florida,2018-2,licitacion,Pequeña,1139166144,216,107,54
La Florida,2018-2,trato_directo,Grande,29427844,14,11,8
La Florida,2018-2,trato_directo,Mediana,3185486,6,6,4
La Florida,2018-2,trato_directo,Micro,11563720,56,31,23
La Florida,2018-2,trato_directo,Pequeña,39440019,20,19,8
La Florida,2019-1,convenio_marco,Grande,167175631,244,97,12
La Florida,2019-1,convenio_marco,Mediana,25316720,31,21,10
La Florida,2019-1,convenio_marco,Micro,38842586,33,22,17
La Florida,2019-1,convenio_marco,NoClasificado,13935469,16,2,1
La Florida,2019-1,convenio_marco,Pequeña,48566062,46,24,19
La Florida,2019-1,licitacion,Grande,47864517,47,30,19
La Florida,2019-1,licitacion,Mediana,325358446,44,24,16
La Florida,2019-1,licitacion,Micro,559011751,176,97,75
La Florida,2019-1,licitacion,NoClasificado,6104769,21,13,1
La Florida,2019-1,licitacion,Pequeña,169795314,141,76,43
La Florida,2019-1,trato_directo,Grande,23124990,20,18,7
La Florida,2019-1,trato_directo,Mediana,17325214,12,11,4
La Florida,2019-1,trato_directo,Micro,9366835,10,10,8
La Florida,2019-1,trato_directo,Pequeña,19613005,29,29,9
La Florida,2019-2,convenio_marco,Grande,179392238,272,92,24
La Florida,2019-2,convenio_marco,Mediana,89475115,122,27,11
La Florida,2019-2,convenio_marco,Micro,77971402,72,43,30
La Florida,2019-2,convenio_marco,Pequeña,60472096,130,34,20
La Florida,2019-2,licitacion,Grande,1643889968,36,24,19
La Florida,2019-2,licitacion,Mediana,208071076,31,28,16
La Florida,2019-2,licitacion,Micro,451589113,213,141,99
La Florida,2019-2,licitacion,NoClasificado,3823486,8,8,2
La Florida,2019-2,licitacion,Pequeña,250795344,143,77,43
La Florida,2019-2,trato_directo,Grande,5654163,5,4,4
La Florida,2019-2,trato_directo,Mediana,35191971,11,9,7
La Florida,2019-2,trato_directo,Micro,148559019,21,18,10
La Florida,2019-2,trato_directo,Pequeña,52358000,5,5,4
La Florida,2020-1,compra_agil,Micro,5925616,12,9,7
La Florida,2020-1,compra_agil,NoClasificado,95010,1,1,1
La Florida,2020-1,compra_agil,Pequeña,2175100,6,4,3
La Florida,2020-1,convenio_marco,Grande,1658335761,116,54,13
La Florida,2020-1,convenio_marco,Mediana,90213815,43,29,11
La Florida,2020-1,convenio_marco,Micro,127573287,81,37,23
La Florida,2020-1,convenio_marco,Pequeña,70062381,63,31,12
La Florida,2020-1,licitacion,Grande,10678198507,18,16,12
La Florida,2020-1,licitacion,Mediana,7910032366,33,29,19
La Florida,2020-1,licitacion,Micro,13021440778,162,102,73
La Florida,2020-1,licitacion,NoClasificado,743965,3,3,1
La Florida,2020-1,licitacion,Pequeña,1758027935,72,57,36
La Florida,2020-1,trato_directo,Grande,1385662473,21,21,15
La Florida,2020-1,trato_directo,Mediana,43105385,26,17,8
La Florida,2020-1,trato_directo,Micro,321695358,50,36,16
La Florida,2020-1,trato_directo,NoClasificado,362237985,21,12,7
La Florida,2020-1,trato_directo,Pequeña,37446266,14,14,8
La Florida,2020-2,compra_agil,Grande,4224140,12,11,11
La Florida,2020-2,compra_agil,Mediana,1194800,10,5,2
La Florida,2020-2,compra_agil,Micro,32052540,139,48,39
La Florida,2020-2,compra_agil,NoClasificado,13916106,55,12,10
La Florida,2020-2,compra_agil,Pequeña,13331751,61,22,20
La Florida,2020-2,convenio_marco,Grande,214879462,153,63,17
La Florida,2020-2,convenio_marco,Mediana,494152407,80,21,17
La Florida,2020-2,convenio_marco,Micro,102608490,87,53,35
La Florida,2020-2,convenio_marco,NoClasificado,23187000,1,1,1
La Florida,2020-2,convenio_marco,Pequeña,118064172,86,52,21
La Florida,2020-2,licitacion,Grande,2223589662,11,9,9
La Florida,2020-2,licitacion,Mediana,964966330,16,14,13
La Florida,2020-2,licitacion,Micro,261667051,111,71,50
La Florida,2020-2,licitacion,NoClasificado,18035227,28,10,9
La Florida,2020-2,licitacion,Pequeña,634046394,119,68,35
La Florida,2020-2,trato_directo,Grande,1153705981,25,15,11
La Florida,2020-2,trato_directo,Mediana,29214303,38,7,5
La Florida,2020-2,trato_directo,Micro,145547163,68,21,18
La Florida,2020-2,trato_directo,NoClasificado,336514094,26,9,6
La Florida,2020-2,trato_directo,Pequeña,10779775,16,12,10
La Florida,2021-1,compra_agil,Grande,35160473,185,33,22
La Florida,2021-1,compra_agil,Mediana,16076345,140,17,11
La Florida,2021-1,compra_agil,Micro,77985180,585,106,82
La Florida,2021-1,compra_agil,NoClasificado,3335344,9,8,6
La Florida,2021-1,compra_agil,Pequeña,17715907,123,28,22
La Florida,2021-1,convenio_marco,Grande,2499340150,139,64,33
La Florida,2021-1,convenio_marco,Mediana,36167984,19,12,8
La Florida,2021-1,convenio_marco,Micro,73352430,43,22,18
La Florida,2021-1,convenio_marco,NoClasificado,14336800,12,11,1
La Florida,2021-1,convenio_marco,Pequeña,25373292,24,14,11
La Florida,2021-1,licitacion,Grande,10860852149,34,27,23
La Florida,2021-1,licitacion,Mediana,241455453,11,11,9
La Florida,2021-1,licitacion,Micro,3426429433,86,64,51
La Florida,2021-1,licitacion,NoClasificado,3416400,2,2,2
La Florida,2021-1,licitacion,Pequeña,546205908,94,59,35
La Florida,2021-1,trato_directo,Grande,4068271566,9,8,7
La Florida,2021-1,trato_directo,Mediana,28884535,7,6,3
La Florida,2021-1,trato_directo,Micro,17146551,14,11,9
La Florida,2021-1,trato_directo,Pequeña,12091795,5,5,4
La Florida,2021-2,compra_agil,Grande,16212816,84,28,14
La Florida,2021-2,compra_agil,Mediana,27437513,100,35,20
La Florida,2021-2,compra_agil,Micro,78628514,239,132,102
La Florida,2021-2,compra_agil,NoClasificado,19301735,94,37,30
La Florida,2021-2,compra_agil,Pequeña,37538165,96,57,45
La Florida,2021-2,convenio_marco,Grande,63532342,33,18,5
La Florida,2021-2,convenio_marco,Mediana,47895498,29,2,2
La Florida,2021-2,convenio_marco,Micro,55032799,82,16,5
La Florida,2021-2,convenio_marco,Pequeña,15618592,36,5,4
La Florida,2021-2,licitacion,Grande,298781381,22,14,10
La Florida,2021-2,licitacion,Mediana,363420136,48,29,20
La Florida,2021-2,licitacion,Micro,1101133598,140,97,59
La Florida,2021-2,licitacion,NoClasificado,30165708,15,13,11
La Florida,2021-2,licitacion,Pequeña,3368848352,81,65,37
La Florida,2021-2,trato_directo,Grande,2809137,6,5,4
La Florida,2021-2,trato_directo,Mediana,352435,2,1,1
La Florida,2021-2,trato_directo,Micro,25005235,4,4,3
La Florida,2021-2,trato_directo,NoClasificado,721000,2,2,2
La Florida,2021-2,trato_directo,Pequeña,1236342,2,2,2
La Florida,2022-1,compra_agil,Grande,31310871,97,42,29
La Florida,2022-1,compra_agil,Mediana,10755512,26,22,15
La Florida,2022-1,compra_agil,Micro,74900126,175,120,98
La Florida,2022-1,compra_agil,NoClasificado,23866303,70,39,31
La Florida,2022-1,compra_agil,Pequeña,46636558,155,69,47
La Florida,2022-1,convenio_marco,Grande,218220889,78,42,24
La Florida,2022-1,convenio_marco,Mediana,56478735,26,10,8
La Florida,2022-1,convenio_marco,Micro,141600595,32,18,16
La Florida,2022-1,convenio_marco,Pequeña,104818428,80,15,11
La Florida,2022-1,licitacion,Grande,1559211415,33,24,20
La Florida,2022-1,licitacion,Mediana,500457187,34,19,16
La Florida,2022-1,licitacion,Micro,951394316,83,54,51
La Florida,2022-1,licitacion,NoClasificado,47262599,31,18,14
La Florida,2022-1,licitacion,Pequeña,258297745,84,54,26
La Florida,2022-1,trato_directo,Grande,13585422,6,5,4
La Florida,2022-1,trato_directo,Mediana,8258328,4,4,1
La Florida,2022-1,trato_directo,Micro,13763735,7,7,3
La Florida,2022-1,trato_directo,Pequeña,6303262,3,3,3
La Florida,2022-2,convenio_marco,Grande,394959790,129,64,27
La Florida,2022-2,convenio_marco,Mediana,127990530,53,22,13
La Florida,2022-2,convenio_marco,Micro,18218161,29,7,6
La Florida,2022-2,convenio_marco,NoClasificado,18760419,7,4,3
La Florida,2022-2,convenio_marco,Pequeña,51859870,36,15,12
La Florida,2022-2,licitacion,Grande,13974320900,66,43,28
La Florida,2022-2,licitacion,Mediana,406124800,39,26,20
La Florida,2022-2,licitacion,Micro,311067809,89,59,51
La Florida,2022-2,licitacion,NoClasificado,339862869,40,31,24
La Florida,2022-2,licitacion,Pequeña,1314857575,116,88,55
La Florida,2022-2,trato_directo,Grande,41746023,4,4,3
La Florida,2022-2,trato_directo,Mediana,14078000,4,4,2
La Florida,2022-2,trato_directo,Micro,27491632,12,8,7
La Florida,2022-2,trato_directo,NoClasificado,15085963,6,5,5
La Florida,2022-2,trato_directo,Pequeña,45434713,12,8,8
La Florida,2023-1,compra_agil,Grande,74386474,486,83,48
La Florida,2023-1,compra_agil,Mediana,63576656,152,59,43
La Florida,2023-1,compra_agil,Micro,105439098,521,127,93
La Florida,2023-1,compra_agil,NoClasificado,120825268,590,127,90
La Florida,2023-1,compra_agil,Pequeña,135239559,333,147,100
La Florida,2023-1,convenio_marco,Grande,211075317,76,51,16
La Florida,2023-1,convenio_marco,Mediana,144433802,87,21,15
La Florida,2023-1,convenio_marco,Micro,57266330,57,10,9
La Florida,2023-1,convenio_marco,NoClasificado,47082757,25,4,4
La Florida,2023-1,convenio_marco,Pequeña,60595845,16,9,8
La Florida,2023-1,licitacion,Grande,4025049569,230,55,41
La Florida,2023-1,licitacion,Mediana,553677463,54,33,25
La Florida,2023-1,licitacion,Micro,1027609796,62,52,41
La Florida,2023-1,licitacion,NoClasificado,367528090,62,41,32
La Florida,2023-1,licitacion,Pequeña,1598322024,114,78,58
La Florida,2023-1,trato_directo,Grande,39236497,15,9,8
La Florida,2023-1,trato_directo,Mediana,47072815,4,3,3
La Florida,2023-1,trato_directo,Micro,50041701,10,10,5
La Florida,2023-1,trato_directo,NoClasificado,2550000,1,1,1
La Florida,2023-1,trato_directo,Pequeña,153468252,12,9,8
La Florida,2023-2,compra_agil,Grande,138553017,508,116,69
La Florida,2023-2,compra_agil,Mediana,60884048,177,91,61
La Florida,2023-2,compra_agil,Micro,149157713,752,123,99
La Florida,2023-2,compra_agil,NoClasificado,51626650,143,52,42
La Florida,2023-2,compra_agil,Pequeña,482477276,7146,277,193
La Florida,2023-2,convenio_marco,Grande,163313839,78,38,18
La Florida,2023-2,convenio_marco,Mediana,158914005,79,30,17
La Florida,2023-2,convenio_marco,Micro,21685670,27,6,5
La Florida,2023-2,convenio_marco,Pequeña,56531886,14,7,7
La Florida,2023-2,licitacion,Grande,15196263927,165,81,59
La Florida,2023-2,licitacion,Mediana,3303758704,109,70,49
La Florida,2023-2,licitacion,Micro,505413822,49,39,35
La Florida,2023-2,licitacion,NoClasificado,113577705,14,8,7
La Florida,2023-2,licitacion,Pequeña,2956250977,263,172,120
La Florida,2023-2,trato_directo,Grande,481607170,7,4,4
La Florida,2023-2,trato_directo,Mediana,88003522,6,6,6
La Florida,2023-2,trato_directo,Micro,9932750,6,2,1
La Florida,2023-2,trato_directo,Pequeña,90640073,14,10,10
La Florida,2024-1,compra_agil,Grande,78561203,140,82,52
La Florida,2024-1,compra_agil,Mediana,110896667,375,104,55
La Florida,2024-1,compra_agil,Micro,162174372,681,125,98
La Florida,2024-1,compra_agil,NoClasificado,90861250,356,73,58
La Florida,2024-1,compra_agil,Pequeña,285656111,1401,261,183
La Florida,2024-1,convenio_marco,Grande,406180512,100,53,26
La Florida,2024-1,convenio_marco,Mediana,201429966,85,18,15
La Florida,2024-1,convenio_marco,Micro,46950600,19,4,3
La Florida,2024-1,convenio_marco,Pequeña,114242899,85,16,12
La Florida,2024-1,licitacion,Grande,20823381232,102,73,54
La Florida,2024-1,licitacion,Mediana,2345476862,81,68,43
La Florida,2024-1,licitacion,Micro,728154739,76,54,41
La Florida,2024-1,licitacion,NoClasificado,538877797,40,30,24
La Florida,2024-1,licitacion,Pequeña,2296991755,236,137,85
La Florida,2024-1,trato_directo,Grande,197840589,15,15,14
La Florida,2024-1,trato_directo,Mediana,143457426,9,9,7
La Florida,2024-1,trato_directo,Micro,50769477,10,10,8
La Florida,2024-1,trato_directo,NoClasificado,124127980,2,2,2
La Florida,2024-1,trato_directo,Pequeña,146595138,30,18,13
La Florida,2024-2,compra_agil,1.0,136481122,715,80,58
La Florida,2024-2,compra_agil,2.0,167370410,675,123,70
La Florida,2024-2,compra_agil,3.0,158567904,575,160,120
La Florida,2024-2,compra_agil,4.0,533756124,7941,298,185
La Florida,2024-2,compra_agil,Micro,760000,4,1,1
La Florida,2024-2,compra_agil,NoClasificado,202478984,1922,134,96
La Florida,2024-2,convenio_marco,1.0,275395241,81,49,27
La Florida,2024-2,convenio_marco,2.0,126427984,92,24,14
La Florida,2024-2,convenio_marco,3.0,103192069,11,7,6
La Florida,2024-2,convenio_marco,4.0,110869597,33,18,17
La Florida,2024-2,convenio_marco,NoClasificado,34639763,6,4,3
La Florida,2024-2,licitacion,1.0,4739267901,142,67,49
La Florida,2024-2,licitacion,2.0,1083841421,98,51,36
La Florida,2024-2,licitacion,3.0,617626089,34,33,29
La Florida,2024-2,licitacion,4.0,3044365313,216,143,83
La Florida,2024-2,licitacion,NoClasificado,395798190,36,29,24
La Florida,2024-2,trato_directo,1.0,428678359,25,19,18
La Florida,2024-2,trato_directo,2.0,392278355,32,19,16
La Florida,2024-2,trato_directo,3.0,169028767,43,12,9
La Florida,2024-2,trato_directo,4.0,285544333,54,18,14
La Florida,2024-2,trato_directo,NoClasificado,13639960,4,4,4
La Florida,2025-1,compra_agil,Grande,71146336,28,16,13
La Florida,2025-1,compra_agil,Mediana,310251249,364,78,52
La Florida,2025-1,compra_agil,Micro,181247448,519,44,40
La Florida,2025-1,compra_agil,NoClasificado,222277777,352,63,55
La Florida,2025-1,compra_agil,Pequeña,637404687,1296,161,120
La Florida,2025-1,convenio_marco,Grande,496403566,96,50,23
La Florida,2025-1,convenio_marco,Mediana,173967278,49,18,13
La Florida,2025-1,convenio_marco,Micro,98912479,63,7,3
La Florida,2025-1,convenio_marco,NoClasificado,9069916,6,2,2
La Florida,2025-1,convenio_marco,Pequeña,215900823,108,20,17
La Florida,2025-1,licitacion,Grande,7408679468,35,33,23
La Florida,2025-1,licitacion,Mediana,4153925355,43,37,32
La Florida,2025-1,licitacion,Micro,200744230,12,10,9
La Florida,2025-1,licitacion,NoClasificado,4745988745,15,14,11
La Florida,2025-1,licitacion,Pequeña,1321603207,86,62,42
La Florida,2025-1,trato_directo,Grande,1051218898,12,12,11
La Florida,2025-1,trato_directo,Mediana,693650464,7,7,6
La Florida,2025-1,trato_directo,Micro,62298480,12,12,6
La Florida,2025-1,trato_directo,NoClasificado,121003000,3,3,2
La Florida,2025-1,trato_directo,Pequeña,808068679,23,22,14
La Florida,2025-2,compra_agil,Grande,71188928,33,22,16
La Florida,2025-2,compra_agil,Mediana,256800162,497,90,52
La Florida,2025-2,compra_agil,Micro,434155339,2951,101,84
La Florida,2025-2,compra_agil,NoClasificado,541338211,1083,140,95
La Florida,2025-2,compra_agil,Pequeña,816532793,5389,179,118
La Florida,2025-2,convenio_marco,Grande,534516256,136,55,23
La Florida,2025-2,convenio_marco,Mediana,263325866,126,21,14
La Florida,2025-2,convenio_marco,Micro,42588869,19,4,4
La Florida,2025-2,convenio_marco,NoClasificado,16186528,17,4,4
La Florida,2025-2,convenio_marco,Pequeña,161391661,102,14,13
La Florida,2025-2,licitacion,Grande,4459456619,107,30,23
La Florida,2025-2,licitacion,Mediana,1690264504,42,20,17
La Florida,2025-2,licitacion,Micro,907703432,25,21,16
La Florida,2025-2,licitacion,NoClasificado,4131000648,11,10,10
La Florida,2025-2,licitacion,Pequeña,1754912525,69,46,36
La Florida,2025-2,trato_directo,Grande,10002002,4,4,3
La Florida,2025-2,trato_directo,Mediana,758579431,11,10,8
La Florida,2025-2,trato_directo,Micro,6220805,4,4,4
La Florida,2025-2,trato_directo,NoClasificado,334173,5,1,1
La Florida,2025-2,trato_directo,Pequeña,381346327,11,11,10
La Granja,2015-1,convenio_marco,Grande,134494247,126,56,21
La Granja,2015-1,convenio_marco,Mediana,121292619,246,69,28
La Granja,2015-1,convenio_marco,Micro,39418788,76,48,27
La Granja,2015-1,convenio_marco,Pequeña,28910570,76,44,26
La Granja,2015-1,licitacion,Grande,689016220,194,92,37
La Granja,2015-1,licitacion,Mediana,124548608,69,56,34
La Granja,2015-1,licitacion,Micro,1208078668,879,537,228
La Granja,2015-1,licitacion,NoClasificado,4308216,42,15,1
La Granja,2015-1,licitacion,Pequeña,765568511,372,238,115
La Granja,2015-1,trato_directo,Grande,47222410,172,36,11
La Granja,2015-1,trato_directo,Mediana,31172556,17,12,8
La Granja,2015-1,trato_directo,Micro,59859172,183,57,18
La Granja,2015-1,trato_directo,Pequeña,54872763,264,133,10
La Granja,2015-2,convenio_marco,Grande,157530383,546,113,26
La Granja,2015-2,convenio_marco,Mediana,50551229,399,68,28
La Granja,2015-2,convenio_marco,Micro,114234821,291,150,39
La Granja,2015-2,convenio_marco,NoClasificado,91500,1,1,1
La Granja,2015-2,convenio_marco,Pequeña,147907086,294,127,38
La Granja,2015-2,licitacion,Grande,240670980,122,86,30
La Granja,2015-2,licitacion,Mediana,67557591,90,69,40
La Granja,2015-2,licitacion,Micro,566178689,657,459,220
La Granja,2015-2,licitacion,NoClasificado,5626003,24,10,1
La Granja,2015-2,licitacion,Pequeña,266497772,321,240,114
La Granja,2015-2,trato_directo,Grande,45371010,58,51,13
La Granja,2015-2,trato_directo,Mediana,3121197,9,9,3
La Granja,2015-2,trato_directo,Micro,67966493,146,112,33
La Granja,2015-2,trato_directo,NoClasificado,329788,1,1,1
La Granja,2015-2,trato_directo,Pequeña,30000866,40,36,8
La Granja,2016-1,convenio_marco,Grande,263956362,223,95,29
La Granja,2016-1,convenio_marco,Mediana,62565593,112,49,27
La Granja,2016-1,convenio_marco,Micro,100964929,197,137,56
La Granja,2016-1,convenio_marco,NoClasificado,1423230,3,2,1
La Granja,2016-1,convenio_marco,Pequeña,114700187,142,85,44
La Granja,2016-1,licitacion,Grande,225891736,65,46,34
La Granja,2016-1,licitacion,Mediana,164066877,78,46,30
La Granja,2016-1,licitacion,Micro,1330311610,693,470,238
La Granja,2016-1,licitacion,NoClasificado,2048266,7,7,1
La Granja,2016-1,licitacion,Pequeña,691400955,311,208,114
La Granja,2016-1,trato_directo,Grande,189471407,183,87,23
La Granja,2016-1,trato_directo,Mediana,79995136,33,20,8
La Granja,2016-1,trato_directo,Micro,160006924,210,158,25
La Granja,2016-1,trato_directo,Pequeña,120961503,141,67,9
La Granja,2016-2,convenio_marco,Grande,177054201,164,84,23
La Granja,2016-2,convenio_marco,Mediana,92991774,230,48,19
La Granja,2016-2,convenio_marco,Micro,356975937,526,252,49
La Granja,2016-2,convenio_marco,Pequeña,52352335,165,78,34
La Granja,2016-2,licitacion,Grande,667053374,127,55,27
La Granja,2016-2,licitacion,Mediana,133010710,118,65,33
La Granja,2016-2,licitacion,Micro,738152941,797,449,230
La Granja,2016-2,licitacion,NoClasificado,2050111,26,10,1
La Granja,2016-2,licitacion,Pequeña,1090008034,363,185,110
La Granja,2016-2,trato_directo,Grande,146928021,362,105,19
La Granja,2016-2,trato_directo,Mediana,30237370,38,17,5
La Granja,2016-2,trato_directo,Micro,149888063,275,185,20
La Granja,2016-2,trato_directo,Pequeña,113010201,209,66,9
La Granja,2017-1,convenio_marco,Grande,162736402,181,96,21
La Granja,2017-1,convenio_marco,Mediana,46713626,167,39,19
La Granja,2017-1,convenio_marco,Micro,241005087,328,217,41
La Granja,2017-1,convenio_marco,Pequeña,83734601,94,76,42
La Granja,2017-1,licitacion,Grande,172674076,53,33,22
La Granja,2017-1,licitacion,Mediana,94042662,72,50,27
La Granja,2017-1,licitacion,Micro,680743842,666,379,196
La Granja,2017-1,licitacion,NoClasificado,2493604,4,4,1
La Granja,2017-1,licitacion,Pequeña,213321079,284,143,82
La Granja,2017-1,trato_directo,Grande,110301575,189,74,16
La Granja,2017-1,trato_directo,Mediana,101354271,40,15,4
La Granja,2017-1,trato_directo,Micro,154451527,265,188,16
La Granja,2017-1,trato_directo,Pequeña,183114417,122,54,9
La Granja,2017-2,convenio_marco,Grande,259716916,184,108,31
La Granja,2017-2,convenio_marco,Mediana,89367363,171,56,28
La Granja,2017-2,convenio_marco,Micro,401659369,428,283,65
La Granja,2017-2,convenio_marco,Pequeña,71152699,177,79,38
La Granja,2017-2,licitacion,Grande,138907824,171,87,43
La Granja,2017-2,licitacion,Mediana,47176375,233,45,22
La Granja,2017-2,licitacion,Micro,683666455,1124,450,247
La Granja,2017-2,licitacion,NoClasificado,4073212,77,9,2
La Granja,2017-2,licitacion,Pequeña,199649384,587,217,107
La Granja,2017-2,trato_directo,Grande,37843795,230,33,14
La Granja,2017-2,trato_directo,Mediana,9603600,10,5,3
La Granja,2017-2,trato_directo,Micro,138598668,241,172,18
La Granja,2017-2,trato_directo,Pequeña,119792919,318,82,10
La Granja,2018-1,convenio_marco,Grande,313988695,392,174,43
La Granja,2018-1,convenio_marco,Mediana,101814804,310,91,26
La Granja,2018-1,convenio_marco,Micro,279856495,438,235,80
La Granja,2018-1,convenio_marco,NoClasificado,274023,1,1,1
La Granja,2018-1,convenio_marco,Pequeña,95722084,264,115,51
La Granja,2018-1,licitacion,Grande,577833768,208,95,45
La Granja,2018-1,licitacion,Mediana,115847721,288,54,23
La Granja,2018-1,licitacion,Micro,546201314,1227,403,190
La Granja,2018-1,licitacion,NoClasificado,409054,19,4,1
La Granja,2018-1,licitacion,Pequeña,329934635,957,223,102
La Granja,2018-1,trato_directo,Grande,54881181,42,26,10
La Granja,2018-1,trato_directo,Mediana,74368340,12,8,2
La Granja,2018-1,trato_directo,Micro,115800394,243,158,16
La Granja,2018-1,trato_directo,Pequeña,79474265,148,41,8
La Granja,2018-2,convenio_marco,Grande,270586864,482,173,37
La Granja,2018-2,convenio_marco,Mediana,161200076,404,130,31
La Granja,2018-2,convenio_marco,Micro,509341265,808,418,112
La Granja,2018-2,convenio_marco,Pequeña,180410605,600,167,61
La Granja,2018-2,licitacion,Grande,119645478,152,70,35
La Granja,2018-2,licitacion,Mediana,91001538,202,39,24
La Granja,2018-2,licitacion,Micro,532829258,1419,354,180
La Granja,2018-2,licitacion,NoClasificado,1638503,110,8,2
La Granja,2018-2,licitacion,Pequeña,211778852,786,198,83
La Granja,2018-2,trato_directo,Grande,41276313,50,30,12
La Granja,2018-2,trato_directo,Mediana,14269550,27,10,3
La Granja,2018-2,trato_directo,Micro,80734349,165,123,25
La Granja,2018-2,trato_directo,Pequeña,53857023,178,55,14
La Granja,2019-1,convenio_marco,Grande,333964862,459,206,37
La Granja,2019-1,convenio_marco,Mediana,132280612,188,107,38
La Granja,2019-1,convenio_marco,Micro,496517583,445,268,101
La Granja,2019-1,convenio_marco,NoClasificado,2164950,2,2,1
La Granja,2019-1,convenio_marco,Pequeña,140583897,762,153,72
La Granja,2019-1,licitacion,Grande,288196766,124,83,31
La Granja,2019-1,licitacion,Mediana,34678073,172,45,26
La Granja,2019-1,licitacion,Micro,384894292,932,253,158
La Granja,2019-1,licitacion,NoClasificado,1804175,76,4,1
La Granja,2019-1,licitacion,Pequeña,353297817,536,181,82
La Granja,2019-1,trato_directo,Grande,33266881,29,28,11
La Granja,2019-1,trato_directo,Mediana,3624568,6,5,5
La Granja,2019-1,trato_directo,Micro,57245503,63,48,24
La Granja,2019-1,trato_directo,Pequeña,33137280,72,24,13
La Granja,2019-2,convenio_marco,Grande,290252174,515,160,35
La Granja,2019-2,convenio_marco,Mediana,116829114,365,94,33
La Granja,2019-2,convenio_marco,Micro,354043871,647,298,104
La Granja,2019-2,convenio_marco,Pequeña,145632388,633,148,60
La Granja,2019-2,licitacion,Grande,122854571,117,85,28
La Granja,2019-2,licitacion,Mediana,182974130,104,51,28
La Granja,2019-2,licitacion,Micro,548516102,663,305,163
La Granja,2019-2,licitacion,NoClasificado,10734954,11,11,2
La Granja,2019-2,licitacion,Pequeña,228352837,307,163,89
La Granja,2019-2,trato_directo,Grande,31413878,34,24,13
La Granja,2019-2,trato_directo,Mediana,5976115,17,9,8
La Granja,2019-2,trato_directo,Micro,46024164,87,44,24
La Granja,2019-2,trato_directo,Pequeña,34885313,75,31,18
La Granja,2020-1,compra_agil,Micro,91000,1,1,1
La Granja,2020-1,compra_agil,Pequeña,210000,1,1,1
La Granja,2020-1,convenio_marco,Grande,356173745,178,84,26
La Granja,2020-1,convenio_marco,Mediana,30497116,33,27,19
La Granja,2020-1,convenio_marco,Micro,112932695,101,73,44
La Granja,2020-1,convenio_marco,Pequeña,71624637,65,39,31
La Granja,2020-1,licitacion,Grande,2348069348,72,54,26
La Granja,2020-1,licitacion,Mediana,92840086,53,27,11
La Granja,2020-1,licitacion,Micro,273054464,231,131,87
La Granja,2020-1,licitacion,NoClasificado,3447104,11,4,2
La Granja,2020-1,licitacion,Pequeña,111424702,102,66,44
La Granja,2020-1,trato_directo,Grande,357905711,39,32,15
La Granja,2020-1,trato_directo,Mediana,60506661,24,16,15
La Granja,2020-1,trato_directo,Micro,940090861,107,81,44
La Granja,2020-1,trato_directo,NoClasificado,173060615,55,29,16
La Granja,2020-1,trato_directo,Pequeña,217621936,59,33,22
La Granja,2020-2,compra_agil,Grande,38621991,197,48,22
La Granja,2020-2,compra_agil,Mediana,8176323,89,19,15
La Granja,2020-2,compra_agil,Micro,45440383,466,95,57
La Granja,2020-2,compra_agil,NoClasificado,9228138,193,24,18
La Granja,2020-2,compra_agil,Pequeña,24968798,214,51,36
La Granja,2020-2,convenio_marco,Grande,227566673,191,65,26
La Granja,2020-2,convenio_marco,Mediana,71017614,81,23,18
La Granja,2020-2,convenio_marco,Micro,181064332,129,90,51
La Granja,2020-2,convenio_marco,Pequeña,100892124,53,37,22
La Granja,2020-2,licitacion,Grande,93269852,71,40,24
La Granja,2020-2,licitacion,Mediana,143170984,55,26,12
La Granja,2020-2,licitacion,Micro,288719431,122,82,44
La Granja,2020-2,licitacion,NoClasificado,19512194,5,5,5
La Granja,2020-2,licitacion,Pequeña,1636440878,97,66,33
La Granja,2020-2,trato_directo,Grande,441920124,23,17,14
La Granja,2020-2,trato_directo,Mediana,24009509,19,11,10
La Granja,2020-2,trato_directo,Micro,400013089,77,53,30
La Granja,2020-2,trato_directo,NoClasificado,172517512,47,24,15
La Granja,2020-2,trato_directo,Pequeña,51106350,22,21,19
La Granja,2021-1,compra_agil,Grande,49491509,206,118,49
La Granja,2021-1,compra_agil,Mediana,6909245,51,21,13
La Granja,2021-1,compra_agil,Micro,101440894,804,170,124
La Granja,2021-1,compra_agil,NoClasificado,1680484,17,4,3
La Granja,2021-1,compra_agil,Pequeña,44739462,221,88,54
La Granja,2021-1,convenio_marco,Grande,217318659,131,72,31
La Granja,2021-1,convenio_marco,Mediana,23989046,19,17,14
La Granja,2021-1,convenio_marco,Micro,139558051,83,49,25
La Granja,2021-1,convenio_marco,Pequeña,53288685,30,28,18
La Granja,2021-1,licitacion,Grande,279789638,96,59,35
La Granja,2021-1,licitacion,Mediana,358876997,32,24,12
La Granja,2021-1,licitacion,Micro,922987867,142,107,67
La Granja,2021-1,licitacion,NoClasificado,1426917,1,1,1
La Granja,2021-1,licitacion,Pequeña,312900504,99,70,32
La Granja,2021-1,trato_directo,Grande,678015321,44,25,14
La Granja,2021-1,trato_directo,Mediana,12969051,5,4,4
La Granja,2021-1,trato_directo,Micro,606558164,83,58,35
La Granja,2021-1,trato_directo,Pequeña,645681858,16,14,9
La Granja,2021-2,compra_agil,Grande,37063045,179,66,37
La Granja,2021-2,compra_agil,Mediana,21494366,135,50,31
La Granja,2021-2,compra_agil,Micro,112853176,654,207,139
La Granja,2021-2,compra_agil,NoClasificado,12119367,44,30,25
La Granja,2021-2,compra_agil,Pequeña,49080970,248,98,63
La Granja,2021-2,convenio_marco,Grande,257428883,97,60,14
La Granja,2021-2,convenio_marco,Mediana,5082894,3,3,3
La Granja,2021-2,convenio_marco,Micro,130620129,49,38,19
La Granja,2021-2,convenio_marco,Pequeña,32364666,23,22,16
La Granja,2021-2,licitacion,Grande,166833800,68,46,21
La Granja,2021-2,licitacion,Mediana,39262628,21,19,8
La Granja,2021-2,licitacion,Micro,1822930724,129,88,73
La Granja,2021-2,licitacion,NoClasificado,58112344,12,6,6
La Granja,2021-2,licitacion,Pequeña,1829775882,88,71,35
La Granja,2021-2,trato_directo,Grande,15701066,10,8,6
La Granja,2021-2,trato_directo,Mediana,1029768,1,1,1
La Granja,2021-2,trato_directo,Micro,61345609,9,8,5
La Granja,2021-2,trato_directo,NoClasificado,5633154,13,5,5
La Granja,2021-2,trato_directo,Pequeña,23853288,10,7,6
La Granja,2022-1,compra_agil,Grande,55437108,201,133,58
La Granja,2022-1,compra_agil,Mediana,36049917,127,58,42
La Granja,2022-1,compra_agil,Micro,92635434,416,166,125
La Granja,2022-1,compra_agil,NoClasificado,22707551,111,48,33
La Granja,2022-1,compra_agil,Pequeña,70021412,326,100,70
La Granja,2022-1,convenio_marco,Grande,256843348,126,77,17
La Granja,2022-1,convenio_marco,Mediana,4529904,2,2,2
La Granja,2022-1,convenio_marco,Micro,13996485,7,6,6
La Granja,2022-1,convenio_marco,Pequeña,2060246,1,1,1
La Granja,2022-1,licitacion,Grande,330458400,95,63,41
La Granja,2022-1,licitacion,Mediana,90571394,25,17,13
La Granja,2022-1,licitacion,Micro,473655069,111,91,55
La Granja,2022-1,licitacion,NoClasificado,67037434,27,16,16
La Granja,2022-1,licitacion,Pequeña,189642469,62,45,30
La Granja,2022-1,trato_directo,Grande,72847231,6,6,4
La Granja,2022-1,trato_directo,Mediana,2,2,2,2
La Granja,2022-1,trato_directo,Micro,273683569,14,9,9
La Granja,2022-1,trato_directo,NoClasificado,2550001,4,4,4
La Granja,2022-1,trato_directo,Pequeña,26540164,5,4,2
La Granja,2022-2,convenio_marco,Grande,247661955,90,44,8
La Granja,2022-2,convenio_marco,Mediana,3041535,1,1,1
La Granja,2022-2,convenio_marco,NoClasificado,4140000,3,2,2
La Granja,2022-2,convenio_marco,Pequeña,3667500,1,1,1
La Granja,2022-2,licitacion,Grande,669583049,150,84,43
La Granja,2022-2,licitacion,Mediana,2184227763,72,44,31
La Granja,2022-2,licitacion,Micro,291773723,89,55,42
La Granja,2022-2,licitacion,NoClasificado,98445651,38,28,22
La Granja,2022-2,licitacion,Pequeña,476685764,98,67,44
La Granja,2022-2,trato_directo,Grande,657085089,8,8,6
La Granja,2022-2,trato_directo,Mediana,200047274,7,7,2
La Granja,2022-2,trato_directo,Micro,64695934,9,9,9
La Granja,2022-2,trato_directo,NoClasificado,30419748,3,3,3
La Granja,2022-2,trato_directo,Pequeña,49804646,12,9,9
La Granja,2023-1,compra_agil,Grande,87392455,343,117,54
La Granja,2023-1,compra_agil,Mediana,35877670,94,49,32
La Granja,2023-1,compra_agil,Micro,67766783,217,123,85
La Granja,2023-1,compra_agil,NoClasificado,78402865,412,103,68
La Granja,2023-1,compra_agil,Pequeña,77559933,321,122,94
La Granja,2023-1,convenio_marco,Grande,299770569,138,71,12
La Granja,2023-1,convenio_marco,Micro,5003260,3,1,1
La Granja,2023-1,licitacion,Grande,427370678,123,72,52
La Granja,2023-1,licitacion,Mediana,474588727,56,43,30
La Granja,2023-1,licitacion,Micro,373928407,83,66,38
La Granja,2023-1,licitacion,NoClasificado,388934129,30,25,24
La Granja,2023-1,licitacion,Pequeña,639409230,81,61,44
La Granja,2023-1,trato_directo,Grande,931709345,7,7,5
La Granja,2023-1,trato_directo,Mediana,320444303,6,6,6
La Granja,2023-1,trato_directo,Micro,335829020,10,8,5
La Granja,2023-1,trato_directo,NoClasificado,4431798,3,3,3
La Granja,2023-1,trato_directo,Pequeña,2798857,2,2,2
La Granja,2023-2,compra_agil,Grande,61879648,526,115,62
La Granja,2023-2,compra_agil,Mediana,56412894,219,105,57
La Granja,2023-2,compra_agil,Micro,70724279,268,133,92
La Granja,2023-2,compra_agil,NoClasificado,28127491,83,51,34
La Granja,2023-2,compra_agil,Pequeña,243839279,988,339,185
La Granja,2023-2,convenio_marco,Grande,507055196,110,53,9
La Granja,2023-2,convenio_marco,Mediana,14277390,9,5,4
La Granja,2023-2,convenio_marco,Pequeña,3200000,1,1,1
La Granja,2023-2,licitacion,Grande,10985784399,123,77,54
La Granja,2023-2,licitacion,Mediana,3663699632,112,48,37
La Granja,2023-2,licitacion,Micro,376051282,49,29,21
La Granja,2023-2,licitacion,NoClasificado,19460129,5,4,4
La Granja,2023-2,licitacion,Pequeña,937783281,152,95,66
La Granja,2023-2,trato_directo,Grande,12333193,6,6,6
La Granja,2023-2,trato_directo,Mediana,75041580,12,8,6
La Granja,2023-2,trato_directo,Micro,10156370,4,4,3
La Granja,2023-2,trato_directo,Pequeña,32464180,10,8,7
La Granja,2024-1,compra_agil,Grande,52065435,484,85,48
La Granja,2024-1,compra_agil,Mediana,50617639,234,78,48
La Granja,2024-1,compra_agil,Micro,47751491,250,72,57
La Granja,2024-1,compra_agil,NoClasificado,22671728,87,41,38
La Granja,2024-1,compra_agil,Pequeña,109039655,458,181,124
La Granja,2024-1,convenio_marco,Grande,358852398,89,35,4
La Granja,2024-1,convenio_marco,Pequeña,8682842,2,1,1
La Granja,2024-1,licitacion,Grande,1032378619,139,85,54
La Granja,2024-1,licitacion,Mediana,3458725384,108,60,41
La Granja,2024-1,licitacion,Micro,236789794,53,35,25
La Granja,2024-1,licitacion,NoClasificado,995723387,26,21,13
La Granja,2024-1,licitacion,Pequeña,2287803566,150,91,62
La Granja,2024-1,trato_directo,Grande,84838629,16,14,10
La Granja,2024-1,trato_directo,Mediana,52614133,12,10,9
La Granja,2024-1,trato_directo,Micro,18522495,1,1,1
La Granja,2024-1,trato_directo,Pequeña,51212055,9,8,6
La Granja,2024-2,compra_agil,1.0,40034854,158,87,64
La Granja,2024-2,compra_agil,2.0,63347769,358,100,56
La Granja,2024-2,compra_agil,3.0,59951241,185,110,69
La Granja,2024-2,compra_agil,4.0,126617989,652,199,130
La Granja,2024-2,compra_agil,Micro,890000,1,1,1
La Granja,2024-2,compra_agil,NoClasificado,43458234,204,100,63
La Granja,2024-2,convenio_marco,1.0,901735090,84,32,8
La Granja,2024-2,convenio_marco,2.0,9181491,7,3,3
La Granja,2024-2,convenio_marco,4.0,2947768,1,1,1
La Granja,2024-2,licitacion,1.0,526850715,93,58,40
La Granja,2024-2,licitacion,2.0,833264118,49,31,24
La Granja,2024-2,licitacion,3.0,884567538,52,35,26
La Granja,2024-2,licitacion,4.0,849775432,164,103,70
La Granja,2024-2,licitacion,NoClasificado,165536293,49,37,21
La Granja,2024-2,trato_directo,1.0,9511979,7,6,6
La Granja,2024-2,trato_directo,2.0,12780346,5,4,4
La Granja,2024-2,trato_directo,4.0,419671043,15,12,10
La Granja,2024-2,trato_directo,NoClasificado,28722000,4,4,4
La Granja,2025-1,compra_agil,Grande,11476419,31,13,9
La Granja,2025-1,compra_agil,Mediana,232442004,459,160,67
La Granja,2025-1,compra_agil,Micro,148470286,389,100,68
La Granja,2025-1,compra_agil,NoClasificado,182800268,448,98,69
La Granja,2025-1,compra_agil,Pequeña,396752099,668,241,154
La Granja,2025-1,convenio_marco,Grande,445190101,109,52,15
La Granja,2025-1,convenio_marco,Mediana,21161830,9,6,3
La Granja,2025-1,convenio_marco,Micro,3991630,8,2,2
La Granja,2025-1,convenio_marco,Pequeña,9409314,2,1,1
La Granja,2025-1,licitacion,Grande,114088978,32,21,15
La Granja,2025-1,licitacion,Mediana,270040979,26,19,17
La Granja,2025-1,licitacion,Micro,364901499,19,16,13
La Granja,2025-1,licitacion,NoClasificado,294842957,17,15,8
La Granja,2025-1,licitacion,Pequeña,2926857031,38,34,22
La Granja,2025-1,trato_directo,Grande,52892682,5,5,5
La Granja,2025-1,trato_directo,Mediana,26722925,8,8,8
La Granja,2025-1,trato_directo,Micro,20825552,2,2,2
La Granja,2025-1,trato_directo,NoClasificado,672269,1,1,1
La Granja,2025-1,trato_directo,Pequeña,247936668,8,8,7
La Granja,2025-2,compra_agil,Grande,60872256,88,33,22
La Granja,2025-2,compra_agil,Mediana,246664339,648,190,84
La Granja,2025-2,compra_agil,Micro,171050644,283,146,104
La Granja,2025-2,compra_agil,NoClasificado,273280642,627,208,131
La Granja,2025-2,compra_agil,Pequeña,411559005,1020,342,184
La Granja,2025-2,convenio_marco,Grande,490524054,104,40,12
La Granja,2025-2,convenio_marco,Mediana,3395039,6,3,3
La Granja,2025-2,convenio_marco,Micro,72988321,15,4,1
La Granja,2025-2,convenio_marco,Pequeña,8592000,1,1,1
La Granja,2025-2,licitacion,Grande,465157748,30,22,17
La Granja,2025-2,licitacion,Mediana,339868177,12,12,10
La Granja,2025-2,licitacion,Micro,105263164,13,12,7
La Granja,2025-2,licitacion,NoClasificado,109406230,11,7,7
La Granja,2025-2,licitacion,Pequeña,199960878,32,25,17
La Granja,2025-2,trato_directo,Grande,4984700,3,3,3
La Granja,2025-2,trato_directo,Mediana,76348302,7,5,5
La Granja,2025-2,trato_directo,NoClasificado,394720,2,1,1
La Granja,2025-2,trato_directo,Pequeña,1629550,2,2,1
La Pintana,2015-1,convenio_marco,Grande,391865483,1616,319,50
La Pintana,2015-1,convenio_marco,Mediana,202635132,1264,233,45
La Pintana,2015-1,convenio_marco,Micro,104967943,601,185,74
La Pintana,2015-1,convenio_marco,Pequeña,103632333,469,170,73
La Pintana,2015-1,licitacion,Grande,718215140,420,243,65
La Pintana,2015-1,licitacion,Mediana,1052954526,210,99,43
La Pintana,2015-1,licitacion,Micro,2124690295,1436,437,222
La Pintana,2015-1,licitacion,NoClasificado,6194036,335,13,2
La Pintana,2015-1,licitacion,Pequeña,878160873,1121,268,137
La Pintana,2015-1,trato_directo,Grande,27391570,17,15,9
La Pintana,2015-1,trato_directo,Mediana,338814,1,1,1
La Pintana,2015-1,trato_directo,Micro,44242219,19,19,17
La Pintana,2015-1,trato_directo,Pequeña,120509800,9,7,5
La Pintana,2015-2,convenio_marco,Grande,481319362,2154,495,64
La Pintana,2015-2,convenio_marco,Mediana,214171835,1224,320,49
La Pintana,2015-2,convenio_marco,Micro,200546581,740,295,106
La Pintana,2015-2,convenio_marco,Pequeña,211117461,715,249,84
La Pintana,2015-2,licitacion,Grande,385633591,527,277,66
La Pintana,2015-2,licitacion,Mediana,222191935,588,258,49
La Pintana,2015-2,licitacion,Micro,2115905691,1606,598,273
La Pintana,2015-2,licitacion,Pequeña,935757987,1318,326,156
La Pintana,2015-2,trato_directo,Grande,655092,6,6,4
La Pintana,2015-2,trato_directo,Mediana,4321774,18,5,5
La Pintana,2015-2,trato_directo,Micro,66826534,46,27,24
La Pintana,2015-2,trato_directo,Pequeña,37241118,10,10,8
La Pintana,2016-1,convenio_marco,Grande,479057171,1819,400,63
La Pintana,2016-1,convenio_marco,Mediana,270231534,1819,362,47
La Pintana,2016-1,convenio_marco,Micro,223485688,840,322,104
La Pintana,2016-1,convenio_marco,Pequeña,334897782,1575,336,96
La Pintana,2016-1,licitacion,Grande,384663740,446,208,58
La Pintana,2016-1,licitacion,Mediana,2962787109,300,185,40
La Pintana,2016-1,licitacion,Micro,2078847902,1401,390,208
La Pintana,2016-1,licitacion,Pequeña,3230173532,702,223,119
La Pintana,2016-1,trato_directo,Grande,63072087,9,6,5
La Pintana,2016-1,trato_directo,Mediana,4478053,15,5,5
La Pintana,2016-1,trato_directo,Micro,127071926,38,28,24
La Pintana,2016-1,trato_directo,Pequeña,25723047,4,3,3
La Pintana,2016-2,convenio_marco,Grande,377253386,1737,483,59
La Pintana,2016-2,convenio_marco,Mediana,260501894,1531,337,44
La Pintana,2016-2,convenio_marco,Micro,383260790,1070,456,142
La Pintana,2016-2,convenio_marco,Pequeña,364190355,916,362,120
La Pintana,2016-2,licitacion,Grande,300210055,538,275,50
La Pintana,2016-2,licitacion,Mediana,946489099,316,133,42
La Pintana,2016-2,licitacion,Micro,2209970677,1361,406,206
La Pintana,2016-2,licitacion,Pequeña,1665456402,744,243,128
La Pintana,2016-2,trato_directo,Grande,53177978,22,5,4
La Pintana,2016-2,trato_directo,Mediana,7560220,16,5,5
La Pintana,2016-2,trato_directo,Micro,146463250,67,23,19
La Pintana,2016-2,trato_directo,Pequeña,78261254,19,19,9
La Pintana,2017-1,convenio_marco,Grande,380042092,1881,352,56
La Pintana,2017-1,convenio_marco,Mediana,208374334,1488,306,40
La Pintana,2017-1,convenio_marco,Micro,356052066,830,257,98
La Pintana,2017-1,convenio_marco,Pequeña,168772301,584,221,77
La Pintana,2017-1,licitacion,Grande,440422115,534,272,40
La Pintana,2017-1,licitacion,Mediana,869797959,162,80,31
La Pintana,2017-1,licitacion,Micro,1615536563,1055,242,120
La Pintana,2017-1,licitacion,Pequeña,761968314,645,148,77
La Pintana,2017-1,trato_directo,Grande,5480000,4,4,4
La Pintana,2017-1,trato_directo,Mediana,37569618,7,6,6
La Pintana,2017-1,trato_directo,Micro,58369598,30,28,19
La Pintana,2017-1,trato_directo,Pequeña,40199950,8,8,5
La Pintana,2017-2,convenio_marco,Grande,448534165,1720,426,63
La Pintana,2017-2,convenio_marco,Mediana,164013060,1849,399,47
La Pintana,2017-2,convenio_marco,Micro,760485867,1679,556,155
La Pintana,2017-2,convenio_marco,Pequeña,232271041,1057,326,121
La Pintana,2017-2,licitacion,Grande,356550188,666,339,51
La Pintana,2017-2,licitacion,Mediana,487026082,283,84,32
La Pintana,2017-2,licitacion,Micro,645952975,878,319,178
La Pintana,2017-2,licitacion,Pequeña,505438491,600,182,96
La Pintana,2017-2,trato_directo,Grande,75187655,7,7,6
La Pintana,2017-2,trato_directo,Micro,573262705,61,56,31
La Pintana,2017-2,trato_directo,Pequeña,21872994,9,9,9
La Pintana,2018-1,convenio_marco,Grande,370816155,1153,292,64
La Pintana,2018-1,convenio_marco,Mediana,311594713,1636,288,47
La Pintana,2018-1,convenio_marco,Micro,411257497,1001,384,142
La Pintana,2018-1,convenio_marco,NoClasificado,1216180,2,2,1
La Pintana,2018-1,convenio_marco,Pequeña,336111769,973,310,104
La Pintana,2018-1,licitacion,Grande,501309403,557,326,45
La Pintana,2018-1,licitacion,Mediana,475934177,201,89,40
La Pintana,2018-1,licitacion,Micro,1187421756,876,278,147
La Pintana,2018-1,licitacion,Pequeña,1313931976,713,180,94
La Pintana,2018-1,trato_directo,Grande,53194429,6,6,5
La Pintana,2018-1,trato_directo,Mediana,4373113,42,6,4
La Pintana,2018-1,trato_directo,Micro,498223299,67,44,24
La Pintana,2018-1,trato_directo,Pequeña,39563799,72,13,11
La Pintana,2018-2,convenio_marco,Grande,512154839,1797,382,66
La Pintana,2018-2,convenio_marco,Mediana,336099903,1366,315,55
La Pintana,2018-2,convenio_marco,Micro,1050429438,2204,699,199
La Pintana,2018-2,convenio_marco,Pequeña,882587893,1788,493,136
La Pintana,2018-2,licitacion,Grande,1453163479,427,185,50
La Pintana,2018-2,licitacion,Mediana,2661549240,275,110,38
La Pintana,2018-2,licitacion,Micro,1113692364,1367,350,186
La Pintana,2018-2,licitacion,NoClasificado,80680,2,1,1
La Pintana,2018-2,licitacion,Pequeña,729294883,932,225,104
La Pintana,2018-2,trato_directo,Grande,25724612,77,13,8
La Pintana,2018-2,trato_directo,Mediana,7218028,17,9,7
La Pintana,2018-2,trato_directo,Micro,68769424,124,74,54
La Pintana,2018-2,trato_directo,Pequeña,56517597,52,29,23
La Pintana,2019-1,convenio_marco,Grande,572359686,899,259,65
La Pintana,2019-1,convenio_marco,Mediana,193900899,743,211,44
La Pintana,2019-1,convenio_marco,Micro,574191042,1172,433,167
La Pintana,2019-1,convenio_marco,Pequeña,397535974,654,252,95
La Pintana,2019-1,licitacion,Grande,974538338,338,139,47
La Pintana,2019-1,licitacion,Mediana,3454559188,411,107,42
La Pintana,2019-1,licitacion,Micro,1875706909,1218,269,154
La Pintana,2019-1,licitacion,Pequeña,1435292576,628,192,100
La Pintana,2019-1,trato_directo,Grande,44184038,66,8,5
La Pintana,2019-1,trato_directo,Mediana,26133206,54,12,10
La Pintana,2019-1,trato_directo,Micro,135968197,94,61,32
La Pintana,2019-1,trato_directo,Pequeña,22994590,16,12,9
La Pintana,2019-2,convenio_marco,Grande,628210734,850,273,65
La Pintana,2019-2,convenio_marco,Mediana,425867364,1083,289,48
La Pintana,2019-2,convenio_marco,Micro,1184893007,1545,518,167
La Pintana,2019-2,convenio_marco,Pequeña,500235799,1257,334,96
La Pintana,2019-2,licitacion,Grande,146865391,105,64,33
La Pintana,2019-2,licitacion,Mediana,433391325,326,68,37
La Pintana,2019-2,licitacion,Micro,1189617275,1446,257,148
La Pintana,2019-2,licitacion,Pequeña,941043749,830,430,94
La Pintana,2019-2,trato_directo,Grande,54185161,46,11,9
La Pintana,2019-2,trato_directo,Mediana,21663880,12,12,7
La Pintana,2019-2,trato_directo,Micro,460283925,54,35,27
La Pintana,2019-2,trato_directo,NoClasificado,1000000,1,1,1
La Pintana,2019-2,trato_directo,Pequeña,52513189,49,21,18
La Pintana,2020-1,compra_agil,Grande,2061697,14,3,2
La Pintana,2020-1,compra_agil,Mediana,1917600,2,2,1
La Pintana,2020-1,compra_agil,Micro,6097979,31,11,9
La Pintana,2020-1,compra_agil,NoClasificado,302000,2,2,2
La Pintana,2020-1,compra_agil,Pequeña,5616824,31,14,12
La Pintana,2020-1,convenio_marco,Grande,651963455,427,143,39
La Pintana,2020-1,convenio_marco,Mediana,321533015,532,105,34
La Pintana,2020-1,convenio_marco,Micro,583155552,882,283,114
La Pintana,2020-1,convenio_marco,Pequeña,413216174,823,238,78
La Pintana,2020-1,licitacion,Grande,651163216,223,81,37
La Pintana,2020-1,licitacion,Mediana,6156643106,167,78,38
La Pintana,2020-1,licitacion,Micro,3367543983,1064,205,118
La Pintana,2020-1,licitacion,NoClasificado,13368040,5,2,2
La Pintana,2020-1,licitacion,Pequeña,1945126025,533,222,74
La Pintana,2020-1,trato_directo,Grande,404481216,11,11,7
La Pintana,2020-1,trato_directo,Mediana,128302866,38,5,5
La Pintana,2020-1,trato_directo,Micro,191925192,72,43,24
La Pintana,2020-1,trato_directo,NoClasificado,90294048,9,9,5
La Pintana,2020-1,trato_directo,Pequeña,297164026,81,48,20
La Pintana,2020-2,compra_agil,Grande,22568372,151,41,28
La Pintana,2020-2,compra_agil,Mediana,25084049,405,31,18
La Pintana,2020-2,compra_agil,Micro,122037013,1123,187,118
La Pintana,2020-2,compra_agil,NoClasificado,32885994,382,38,28
La Pintana,2020-2,compra_agil,Pequeña,76598020,850,105,61
La Pintana,2020-2,convenio_marco,Grande,276228053,380,122,37
La Pintana,2020-2,convenio_marco,Mediana,311821031,376,114,40
La Pintana,2020-2,convenio_marco,Micro,809732760,980,322,139
La Pintana,2020-2,convenio_marco,Pequeña,368404741,650,226,74
La Pintana,2020-2,licitacion,Grande,352519492,525,133,47
La Pintana,2020-2,licitacion,Mediana,310928125,322,71,24
La Pintana,2020-2,licitacion,Micro,1112103443,627,174,95
La Pintana,2020-2,licitacion,NoClasificado,28976355,18,11,9
La Pintana,2020-2,licitacion,Pequeña,891524028,378,218,71
La Pintana,2020-2,trato_directo,Grande,322488307,11,8,6
La Pintana,2020-2,trato_directo,Mediana,65877083,11,7,6
La Pintana,2020-2,trato_directo,Micro,296135911,39,31,22
La Pintana,2020-2,trato_directo,NoClasificado,197035367,28,12,7
La Pintana,2020-2,trato_directo,Pequeña,91492340,26,20,12
La Pintana,2021-1,compra_agil,Grande,128276083,1681,82,33
La Pintana,2021-1,compra_agil,Mediana,28674721,101,37,20
La Pintana,2021-1,compra_agil,Micro,275391270,3739,240,152
La Pintana,2021-1,compra_agil,NoClasificado,2422127,6,4,2
La Pintana,2021-1,compra_agil,Pequeña,120963607,1250,109,53
La Pintana,2021-1,convenio_marco,Grande,270514676,83,53,25
La Pintana,2021-1,convenio_marco,Mediana,86751190,44,20,17
La Pintana,2021-1,convenio_marco,Micro,177716888,175,78,47
La Pintana,2021-1,convenio_marco,NoClasificado,2300000,2,2,1
La Pintana,2021-1,convenio_marco,Pequeña,187872872,136,84,28
La Pintana,2021-1,licitacion,Grande,1581755927,793,140,49
La Pintana,2021-1,licitacion,Mediana,1819244885,95,44,21
La Pintana,2021-1,licitacion,Micro,2695313522,789,208,85
La Pintana,2021-1,licitacion,NoClasificado,200000,1,1,1
La Pintana,2021-1,licitacion,Pequeña,823348932,248,128,52
La Pintana,2021-1,trato_directo,Grande,213831776,11,10,9
La Pintana,2021-1,trato_directo,Mediana,37045118,6,6,5
La Pintana,2021-1,trato_directo,Micro,228586151,29,27,20
La Pintana,2021-1,trato_directo,NoClasificado,1951600,1,1,1
La Pintana,2021-1,trato_directo,Pequeña,190247758,23,16,9
La Pintana,2021-2,compra_agil,Grande,28445545,219,46,28
La Pintana,2021-2,compra_agil,Mediana,37448909,378,43,19
La Pintana,2021-2,compra_agil,Micro,247881928,3310,279,180
La Pintana,2021-2,compra_agil,NoClasificado,28007406,341,51,40
La Pintana,2021-2,compra_agil,Pequeña,96855850,1417,104,66
La Pintana,2021-2,convenio_marco,Grande,235565038,132,55,19
La Pintana,2021-2,convenio_marco,Mediana,107878023,25,16,14
La Pintana,2021-2,convenio_marco,Micro,427713362,268,95,47
La Pintana,2021-2,convenio_marco,Pequeña,183362500,201,69,29
La Pintana,2021-2,licitacion,Grande,401822956,320,72,39
La Pintana,2021-2,licitacion,Mediana,561647997,315,122,33
La Pintana,2021-2,licitacion,Micro,3239841959,1541,208,140
La Pintana,2021-2,licitacion,NoClasificado,122816823,211,33,21
La Pintana,2021-2,licitacion,Pequeña,548383619,659,125,80
La Pintana,2021-2,trato_directo,Grande,43642597,4,4,3
La Pintana,2021-2,trato_directo,Mediana,17761060,2,2,2
La Pintana,2021-2,trato_directo,Micro,110442609,34,20,15
La Pintana,2021-2,trato_directo,NoClasificado,67326543,9,7,7
La Pintana,2021-2,trato_directo,Pequeña,169043054,9,9,5
La Pintana,2022-1,compra_agil,Grande,123457427,9409,47,32
La Pintana,2022-1,compra_agil,Mediana,56921935,597,40,22
La Pintana,2022-1,compra_agil,Micro,128464346,1203,152,106
La Pintana,2022-1,compra_agil,NoClasificado,26892888,208,34,23
La Pintana,2022-1,compra_agil,Pequeña,63351925,631,81,56
La Pintana,2022-1,convenio_marco,Grande,344319340,69,40,20
La Pintana,2022-1,convenio_marco,Mediana,63308338,11,7,6
La Pintana,2022-1,convenio_marco,Micro,40633226,8,4,4
La Pintana,2022-1,convenio_marco,Pequeña,65705870,34,14,4
La Pintana,2022-1,licitacion,Grande,1422435634,114,61,42
La Pintana,2022-1,licitacion,Mediana,1158681289,169,128,27
La Pintana,2022-1,licitacion,Micro,1765554845,470,82,56
La Pintana,2022-1,licitacion,NoClasificado,34163811,143,9,9
La Pintana,2022-1,licitacion,Pequeña,1343066887,735,76,49
La Pintana,2022-1,trato_directo,Grande,2257042995,16,14,10
La Pintana,2022-1,trato_directo,Mediana,62631634,10,10,6
La Pintana,2022-1,trato_directo,Micro,36496400,13,8,7
La Pintana,2022-1,trato_directo,NoClasificado,599500,2,2,1
La Pintana,2022-1,trato_directo,Pequeña,48703087,10,9,9
La Pintana,2022-2,convenio_marco,Grande,269105212,142,50,21
La Pintana,2022-2,convenio_marco,Mediana,52951569,48,10,5
La Pintana,2022-2,convenio_marco,Micro,66366053,19,4,2
La Pintana,2022-2,convenio_marco,NoClasificado,23842500,12,1,1
La Pintana,2022-2,convenio_marco,Pequeña,21599730,10,8,8
La Pintana,2022-2,licitacion,Grande,1509690537,217,120,39
La Pintana,2022-2,licitacion,Mediana,840498531,562,152,45
La Pintana,2022-2,licitacion,Micro,385979518,419,93,57
La Pintana,2022-2,licitacion,NoClasificado,132473958,273,44,35
La Pintana,2022-2,licitacion,Pequeña,2220803497,1086,136,79
La Pintana,2022-2,trato_directo,Grande,114332266,16,15,10
La Pintana,2022-2,trato_directo,Mediana,30918635,3,3,2
La Pintana,2022-2,trato_directo,Micro,44446712,24,23,19
La Pintana,2022-2,trato_directo,NoClasificado,25031527,8,8,7
La Pintana,2022-2,trato_directo,Pequeña,39701270,9,9,8
La Pintana,2023-1,compra_agil,Grande,23640284,172,48,34
La Pintana,2023-1,compra_agil,Mediana,34907701,195,43,35
La Pintana,2023-1,compra_agil,Micro,96870070,499,113,87
La Pintana,2023-1,compra_agil,NoClasificado,124697242,1757,92,70
La Pintana,2023-1,compra_agil,Pequeña,85966689,745,95,72
La Pintana,2023-1,convenio_marco,Grande,285826542,63,32,17
La Pintana,2023-1,convenio_marco,Mediana,51058788,64,10,8
La Pintana,2023-1,convenio_marco,Micro,48560759,23,8,3
La Pintana,2023-1,convenio_marco,NoClasificado,9093000,2,2,2
La Pintana,2023-1,convenio_marco,Pequeña,5881184,5,4,4
La Pintana,2023-1,licitacion,Grande,4786300615,210,106,55
La Pintana,2023-1,licitacion,Mediana,712585109,214,55,35
La Pintana,2023-1,licitacion,Micro,662296647,372,68,45
La Pintana,2023-1,licitacion,NoClasificado,209911088,752,57,44
La Pintana,2023-1,licitacion,Pequeña,1456786592,918,98,60
La Pintana,2023-1,trato_directo,Grande,48415781,13,12,10
La Pintana,2023-1,trato_directo,Mediana,48518120,11,10,9
La Pintana,2023-1,trato_directo,Micro,5697933,6,6,6
La Pintana,2023-1,trato_directo,NoClasificado,26594970,18,18,9
La Pintana,2023-1,trato_directo,Pequeña,319198330,10,8,5
La Pintana,2023-2,compra_agil,Grande,47468734,340,83,49
La Pintana,2023-2,compra_agil,Mediana,63100396,637,69,45
La Pintana,2023-2,compra_agil,Micro,204186119,1219,156,111
La Pintana,2023-2,compra_agil,NoClasificado,25407450,252,38,29
La Pintana,2023-2,compra_agil,Pequeña,318073568,3827,258,150
La Pintana,2023-2,convenio_marco,Grande,165516527,37,22,13
La Pintana,2023-2,convenio_marco,Mediana,58443674,54,13,9
La Pintana,2023-2,convenio_marco,Micro,54004659,102,7,6
La Pintana,2023-2,convenio_marco,Pequeña,63283276,15,9,4
La Pintana,2023-2,licitacion,Grande,1194091952,255,103,59
La Pintana,2023-2,licitacion,Mediana,1037614898,710,72,43
La Pintana,2023-2,licitacion,Micro,385257777,232,67,39
La Pintana,2023-2,licitacion,NoClasificado,79351786,142,15,14
La Pintana,2023-2,licitacion,Pequeña,1369280004,1163,193,121
La Pintana,2023-2,trato_directo,Grande,83392906,16,16,15
La Pintana,2023-2,trato_directo,Mediana,52416179,8,8,7
La Pintana,2023-2,trato_directo,Micro,38411361,14,14,10
La Pintana,2023-2,trato_directo,NoClasificado,5137931,2,2,2
La Pintana,2023-2,trato_directo,Pequeña,177784664,18,18,13
La Pintana,2024-1,compra_agil,Grande,51614168,204,61,48
La Pintana,2024-1,compra_agil,Mediana,93987559,1919,72,43
La Pintana,2024-1,compra_agil,Micro,100120430,719,104,80
La Pintana,2024-1,compra_agil,NoClasificado,43815998,658,45,37
La Pintana,2024-1,compra_agil,Pequeña,248263744,4224,210,141
La Pintana,2024-1,convenio_marco,Grande,255822444,95,32,15
La Pintana,2024-1,convenio_marco,Mediana,62298980,50,7,6
La Pintana,2024-1,convenio_marco,Micro,4878750,47,1,1
La Pintana,2024-1,convenio_marco,NoClasificado,11206000,7,2,1
La Pintana,2024-1,convenio_marco,Pequeña,29003000,3,2,2
La Pintana,2024-1,licitacion,Grande,5390653807,167,74,48
La Pintana,2024-1,licitacion,Mediana,1548629369,339,64,49
La Pintana,2024-1,licitacion,Micro,315217479,363,37,28
La Pintana,2024-1,licitacion,NoClasificado,65953790,189,18,13
La Pintana,2024-1,licitacion,Pequeña,3175761392,1112,156,96
La Pintana,2024-1,trato_directo,Grande,38239756,15,12,7
La Pintana,2024-1,trato_directo,Mediana,65072509,9,7,7
La Pintana,2024-1,trato_directo,Micro,78382485,17,14,10
La Pintana,2024-1,trato_directo,NoClasificado,315000,1,1,1
La Pintana,2024-1,trato_directo,Pequeña,57634556,14,11,9
La Pintana,2024-2,compra_agil,1.0,38182660,513,49,30
La Pintana,2024-2,compra_agil,2.0,59756424,906,71,45
La Pintana,2024-2,compra_agil,3.0,144044817,1419,118,92
La Pintana,2024-2,compra_agil,4.0,197416657,3438,168,108
La Pintana,2024-2,compra_agil,Micro,3635000,17,2,2
La Pintana,2024-2,compra_agil,NoClasificado,137253947,1275,84,62
La Pintana,2024-2,convenio_marco,1.0,100076759,29,14,10
La Pintana,2024-2,convenio_marco,2.0,67266433,39,9,5
La Pintana,2024-2,convenio_marco,3.0,25100316,59,3,3
La Pintana,2024-2,convenio_marco,4.0,10490921,1,1,1
La Pintana,2024-2,licitacion,1.0,2098741890,341,107,64
La Pintana,2024-2,licitacion,2.0,1260433497,773,96,55
La Pintana,2024-2,licitacion,3.0,377997286,237,58,41
La Pintana,2024-2,licitacion,4.0,3765675414,1451,210,114
La Pintana,2024-2,licitacion,NoClasificado,485122091,265,48,40
La Pintana,2024-2,licitacion,Pequeña,24002535,3,3,1
La Pintana,2024-2,trato_directo,1.0,99258451,20,17,14
La Pintana,2024-2,trato_directo,2.0,8636485,4,4,4
La Pintana,2024-2,trato_directo,3.0,258990037,12,12,10
La Pintana,2024-2,trato_directo,4.0,298054023,22,16,15
La Pintana,2024-2,trato_directo,Micro,7627153,4,4,4
La Pintana,2024-2,trato_directo,NoClasificado,10968234,6,6,6
La Pintana,2025-1,compra_agil,Grande,33648828,139,9,8
La Pintana,2025-1,compra_agil,Mediana,344686070,2403,77,48
La Pintana,2025-1,compra_agil,Micro,217189592,2147,98,76
La Pintana,2025-1,compra_agil,NoClasificado,226644715,726,70,55
La Pintana,2025-1,compra_agil,Pequeña,555446574,4673,171,127
La Pintana,2025-1,convenio_marco,Grande,281525117,94,22,14
La Pintana,2025-1,convenio_marco,Mediana,24554266,46,5,5
La Pintana,2025-1,convenio_marco,Micro,14953085,9,2,2
La Pintana,2025-1,convenio_marco,NoClasificado,22331277,4,3,3
La Pintana,2025-1,convenio_marco,Pequeña,17383531,6,3,3
La Pintana,2025-1,licitacion,Grande,4320441104,83,53,30
La Pintana,2025-1,licitacion,Mediana,2639957253,77,42,31
La Pintana,2025-1,licitacion,Micro,130823469,25,18,14
La Pintana,2025-1,licitacion,NoClasificado,1171921344,18,16,11
La Pintana,2025-1,licitacion,Pequeña,1943625210,131,87,40
La Pintana,2025-1,trato_directo,Grande,165264021,6,6,5
La Pintana,2025-1,trato_directo,Mediana,41088075,6,6,3
La Pintana,2025-1,trato_directo,Micro,600000,1,1,1
La Pintana,2025-1,trato_directo,NoClasificado,376248904,7,7,4
La Pintana,2025-1,trato_directo,Pequeña,2521488,4,4,4
La Pintana,2025-2,compra_agil,Grande,14785089,7,7,7
La Pintana,2025-2,compra_agil,Mediana,140707106,1209,73,53
La Pintana,2025-2,compra_agil,Micro,351899253,2305,112,91
La Pintana,2025-2,compra_agil,NoClasificado,456526887,2608,147,113
La Pintana,2025-2,compra_agil,Pequeña,395717947,4839,184,131
La Pintana,2025-2,convenio_marco,Grande,108277928,91,24,18
La Pintana,2025-2,convenio_marco,Mediana,35726256,84,13,11
La Pintana,2025-2,convenio_marco,Micro,21895883,99,9,4
La Pintana,2025-2,convenio_marco,NoClasificado,12023170,11,3,2
La Pintana,2025-2,convenio_marco,Pequeña,52441935,104,9,7
La Pintana,2025-2,licitacion,Grande,3196467245,88,75,43
La Pintana,2025-2,licitacion,Mediana,559620749,129,51,36
La Pintana,2025-2,licitacion,Micro,183033335,24,24,19
La Pintana,2025-2,licitacion,NoClasificado,214987625,27,18,15
La Pintana,2025-2,licitacion,Pequeña,1920811855,211,124,57
La Pintana,2025-2,trato_directo,Grande,25892874,9,8,7
La Pintana,2025-2,trato_directo,Mediana,10522203,3,3,3
La Pintana,2025-2,trato_directo,Micro,26043000,5,5,5
La Pintana,2025-2,trato_directo,NoClasificado,171055838,10,10,10
La Pintana,2025-2,trato_directo,Pequeña,48911030,7,7,7
La Reina,2015-1,convenio_marco,Grande,74560852,737,192,25
La Reina,2015-1,convenio_marco,Mediana,34654096,55,41,18
La Reina,2015-1,convenio_marco,Micro,15544488,61,38,24
La Reina,2015-1,convenio_marco,Pequeña,27853364,80,56,21
La Reina,2015-1,licitacion,Grande,12319897,13,11,4
La Reina,2015-1,licitacion,Mediana,4446000,5,5,3
La Reina,2015-1,licitacion,Micro,152256431,34,26,16
La Reina,2015-1,licitacion,Pequeña,100459806,31,15,12
La Reina,2015-1,trato_directo,Grande,13121829,13,11,6
La Reina,2015-1,trato_directo,Mediana,890000,3,2,2
La Reina,2015-1,trato_directo,Micro,17039860,30,30,20
La Reina,2015-1,trato_directo,Pequeña,3178700,8,8,6
La Reina,2015-2,convenio_marco,Grande,94062003,641,150,25
La Reina,2015-2,convenio_marco,Mediana,50428091,96,48,20
La Reina,2015-2,convenio_marco,Micro,103828334,142,66,28
La Reina,2015-2,convenio_marco,Pequeña,24045556,88,66,19
La Reina,2015-2,licitacion,Grande,20992931,9,7,5
La Reina,2015-2,licitacion,Mediana,7523762,7,7,4
La Reina,2015-2,licitacion,Micro,96224993,14,9,8
La Reina,2015-2,licitacion,Pequeña,34648172,18,12,12
La Reina,2015-2,trato_directo,Grande,6100363,6,6,3
La Reina,2015-2,trato_directo,Mediana,13663151,6,6,6
La Reina,2015-2,trato_directo,Micro,22388906,36,36,27
La Reina,2015-2,trato_directo,Pequeña,31751771,16,15,13
La Reina,2016-1,convenio_marco,Grande,174027954,699,177,29
La Reina,2016-1,convenio_marco,Mediana,30586009,103,48,22
La Reina,2016-1,convenio_marco,Micro,166017299,248,110,40
La Reina,2016-1,convenio_marco,Pequeña,44434334,97,71,25
La Reina,2016-1,licitacion,Grande,7212160,7,6,4
La Reina,2016-1,licitacion,Mediana,19266993,8,7,4
La Reina,2016-1,licitacion,Micro,23756456,12,11,11
La Reina,2016-1,licitacion,Pequeña,17159172,14,9,8
La Reina,2016-1,trato_directo,Grande,6229758,6,5,4
La Reina,2016-1,trato_directo,Mediana,1537944,5,5,5
La Reina,2016-1,trato_directo,Micro,4771368,14,11,11
La Reina,2016-1,trato_directo,Pequeña,19358521,13,13,11
La Reina,2016-2,convenio_marco,Grande,86626764,667,157,27
La Reina,2016-2,convenio_marco,Mediana,16596097,95,43,16
La Reina,2016-2,convenio_marco,Micro,130215666,253,132,42
La Reina,2016-2,convenio_marco,NoClasificado,335990,1,1,1
La Reina,2016-2,convenio_marco,Pequeña,36533401,75,44,27
La Reina,2016-2,licitacion,Grande,8194746,6,3,3
La Reina,2016-2,licitacion,Mediana,12597723,7,7,7
La Reina,2016-2,licitacion,Micro,34739672,13,12,12
La Reina,2016-2,licitacion,Pequeña,4876007,2,2,2
La Reina,2016-2,trato_directo,Grande,1641177,3,2,2
La Reina,2016-2,trato_directo,Mediana,2026702,6,4,3
La Reina,2016-2,trato_directo,Micro,14394692,23,20,17
La Reina,2016-2,trato_directo,Pequeña,18479057,10,8,6
La Reina,2017-1,convenio_marco,Grande,106126302,590,145,25
La Reina,2017-1,convenio_marco,Mediana,41514037,147,78,22
La Reina,2017-1,convenio_marco,Micro,92011101,259,156,55
La Reina,2017-1,convenio_marco,Pequeña,26490766,150,58,29
La Reina,2017-1,licitacion,Grande,19176435,10,4,3
La Reina,2017-1,licitacion,Mediana,19135200,4,4,3
La Reina,2017-1,licitacion,Micro,15110314,11,8,8
La Reina,2017-1,licitacion,Pequeña,7965368,7,2,2
La Reina,2017-1,trato_directo,Grande,6417556,4,3,3
La Reina,2017-1,trato_directo,Mediana,562724,2,2,2
La Reina,2017-1,trato_directo,Micro,2271137,9,6,6
La Reina,2017-1,trato_directo,Pequeña,1542539,6,5,5
La Reina,2017-2,convenio_marco,Grande,156508860,536,142,27
La Reina,2017-2,convenio_marco,Mediana,60697740,92,50,13
La Reina,2017-2,convenio_marco,Micro,172704780,299,166,45
La Reina,2017-2,convenio_marco,Pequeña,58733722,148,50,22
La Reina,2017-2,licitacion,Grande,12198540,4,4,3
La Reina,2017-2,licitacion,Mediana,1716200,2,2,2
La Reina,2017-2,licitacion,Micro,14831993,6,6,6
La Reina,2017-2,licitacion,Pequeña,97166516,6,6,5
La Reina,2017-2,trato_directo,Grande,1014083,3,3,3
La Reina,2017-2,trato_directo,Mediana,1627078,7,5,4
La Reina,2017-2,trato_directo,Micro,73224116,19,18,16
La Reina,2017-2,trato_directo,Pequeña,472332,2,2,2
La Reina,2018-1,convenio_marco,Grande,60039108,584,159,28
La Reina,2018-1,convenio_marco,Mediana,110140137,158,62,17
La Reina,2018-1,convenio_marco,Micro,100016661,195,115,45
La Reina,2018-1,convenio_marco,Pequeña,70937175,131,51,16
La Reina,2018-1,licitacion,Grande,33032518,4,4,4
La Reina,2018-1,licitacion,Mediana,17268800,3,3,2
La Reina,2018-1,licitacion,Micro,53322615,7,6,6
La Reina,2018-1,licitacion,Pequeña,20951828,12,6,6
La Reina,2018-1,trato_directo,Grande,1666971,5,4,3
La Reina,2018-1,trato_directo,Mediana,2621800,2,2,2
La Reina,2018-1,trato_directo,Micro,6053182,6,5,5
La Reina,2018-1,trato_directo,Pequeña,50429790,3,2,2
La Reina,2018-2,convenio_marco,Grande,81917297,403,134,19
La Reina,2018-2,convenio_marco,Mediana,27099825,83,40,17
La Reina,2018-2,convenio_marco,Micro,133933719,275,193,44
La Reina,2018-2,convenio_marco,Pequeña,116946117,75,48,24
La Reina,2018-2,licitacion,Grande,18867546,3,3,3
La Reina,2018-2,licitacion,Mediana,12052971,3,3,2
La Reina,2018-2,licitacion,Micro,78805986,32,10,8
La Reina,2018-2,licitacion,Pequeña,39493360,5,5,5
La Reina,2018-2,trato_directo,Grande,2753896,4,3,3
La Reina,2018-2,trato_directo,Mediana,4957458,8,8,8
La Reina,2018-2,trato_directo,Micro,23701572,16,15,11
La Reina,2018-2,trato_directo,NoClasificado,1500000,1,1,1
La Reina,2018-2,trato_directo,Pequeña,18427924,15,12,12
La Reina,2019-1,convenio_marco,Grande,370082865,432,139,23
La Reina,2019-1,convenio_marco,Mediana,18943466,107,51,17
La Reina,2019-1,convenio_marco,Micro,102531394,255,109,54
La Reina,2019-1,convenio_marco,Pequeña,252276685,112,60,29
La Reina,2019-1,licitacion,Grande,10200000,1,1,1
La Reina,2019-1,licitacion,Mediana,95890922,12,6,6
La Reina,2019-1,licitacion,Micro,270001842,10,9,9
La Reina,2019-1,licitacion,Pequeña,96975636,12,6,6
La Reina,2019-1,trato_directo,Grande,58169533,6,6,5
La Reina,2019-1,trato_directo,Mediana,8789764,5,5,4
La Reina,2019-1,trato_directo,Micro,18333800,18,18,15
La Reina,2019-1,trato_directo,Pequeña,10406861,18,12,4
La Reina,2019-2,convenio_marco,Grande,105611953,250,89,23
La Reina,2019-2,convenio_marco,Mediana,42206614,159,50,19
La Reina,2019-2,convenio_marco,Micro,169945145,199,98,54
La Reina,2019-2,convenio_marco,Pequeña,153086294,89,53,19
La Reina,2019-2,licitacion,Grande,9128920,7,7,3
La Reina,2019-2,licitacion,Mediana,28913385,3,3,3
La Reina,2019-2,licitacion,Micro,43382437,6,6,6
La Reina,2019-2,licitacion,Pequeña,15803199,4,4,4
La Reina,2019-2,trato_directo,Grande,23330153,19,7,5
La Reina,2019-2,trato_directo,Mediana,15484732,16,15,13
La Reina,2019-2,trato_directo,Micro,36297516,29,23,20
La Reina,2019-2,trato_directo,Pequeña,48079827,11,10,9
La Reina,2020-1,compra_agil,Grande,1155262,10,3,3
La Reina,2020-1,compra_agil,Mediana,4108935,100,9,6
La Reina,2020-1,compra_agil,Micro,6669488,93,14,12
La Reina,2020-1,compra_agil,NoClasificado,1200000,1,1,1
La Reina,2020-1,compra_agil,Pequeña,5655150,16,7,6
La Reina,2020-1,convenio_marco,Grande,187682880,113,43,18
La Reina,2020-1,convenio_marco,Mediana,43197110,33,13,8
La Reina,2020-1,convenio_marco,Micro,197784623,151,61,40
La Reina,2020-1,convenio_marco,Pequeña,66587906,40,28,19
La Reina,2020-1,licitacion,Grande,9482100,5,2,2
La Reina,2020-1,licitacion,Mediana,8597360,7,5,3
La Reina,2020-1,licitacion,Micro,64885731,6,5,4
La Reina,2020-1,licitacion,Pequeña,10461689,7,2,2
La Reina,2020-1,trato_directo,Grande,5534222,4,4,4
La Reina,2020-1,trato_directo,Mediana,8516045,12,9,7
La Reina,2020-1,trato_directo,Micro,53201448,31,19,17
La Reina,2020-1,trato_directo,Pequeña,112418923,56,23,16
La Reina,2020-2,compra_agil,Grande,8519984,79,15,12
La Reina,2020-2,compra_agil,Mediana,27413751,696,37,17
La Reina,2020-2,compra_agil,Micro,35229163,465,53,42
La Reina,2020-2,compra_agil,NoClasificado,5639742,42,15,10
La Reina,2020-2,compra_agil,Pequeña,9155726,109,21,18
La Reina,2020-2,convenio_marco,Grande,141864163,205,56,18
La Reina,2020-2,convenio_marco,Mediana,22158720,21,11,7
La Reina,2020-2,convenio_marco,Micro,262071224,270,64,35
La Reina,2020-2,convenio_marco,Pequeña,93784664,114,30,18
La Reina,2020-2,licitacion,Grande,19362486,4,4,4
La Reina,2020-2,licitacion,Mediana,58438362,14,6,4
La Reina,2020-2,licitacion,Micro,77046898,6,5,5
La Reina,2020-2,licitacion,Pequeña,35082189,14,7,5
La Reina,2020-2,trato_directo,Grande,22710810,21,7,4
La Reina,2020-2,trato_directo,Mediana,46796133,15,9,6
La Reina,2020-2,trato_directo,Micro,60712882,34,16,15
La Reina,2020-2,trato_directo,NoClasificado,6240000,1,1,1
La Reina,2020-2,trato_directo,Pequeña,80757895,17,17,9
La Reina,2021-1,compra_agil,Grande,23088337,132,36,22
La Reina,2021-1,compra_agil,Mediana,12103549,149,19,15
La Reina,2021-1,compra_agil,Micro,85610476,511,105,80
La Reina,2021-1,compra_agil,Pequeña,26795530,199,42,29
La Reina,2021-1,convenio_marco,Grande,285801575,69,46,19
La Reina,2021-1,convenio_marco,Mediana,211829898,32,12,2
La Reina,2021-1,convenio_marco,Micro,189174207,52,30,19
La Reina,2021-1,convenio_marco,NoClasificado,3280000,2,2,1
La Reina,2021-1,convenio_marco,Pequeña,26945020,23,13,7
La Reina,2021-1,licitacion,Grande,49821824,7,7,7
La Reina,2021-1,licitacion,Mediana,94616490,19,4,4
La Reina,2021-1,licitacion,Micro,400748245,14,11,11
La Reina,2021-1,licitacion,Pequeña,34151439,5,5,5
La Reina,2021-1,trato_directo,Grande,28383266,5,4,3
La Reina,2021-1,trato_directo,Mediana,37541552,8,8,7
La Reina,2021-1,trato_directo,Micro,40137651,17,10,9
La Reina,2021-1,trato_directo,Pequeña,17962815,5,5,4
La Reina,2021-2,compra_agil,Grande,11500949,104,19,8
La Reina,2021-2,compra_agil,Mediana,25128240,271,38,22
La Reina,2021-2,compra_agil,Micro,67337973,497,106,83
La Reina,2021-2,compra_agil,NoClasificado,19337595,169,26,25
La Reina,2021-2,compra_agil,Pequeña,19195552,129,30,25
La Reina,2021-2,convenio_marco,Grande,114093115,32,23,10
La Reina,2021-2,convenio_marco,Mediana,27081405,14,6,4
La Reina,2021-2,convenio_marco,Micro,165701223,56,22,10
La Reina,2021-2,convenio_marco,Pequeña,244033452,7,5,3
La Reina,2021-2,licitacion,Grande,120192260,2,2,2
La Reina,2021-2,licitacion,Mediana,64064915,10,10,4
La Reina,2021-2,licitacion,Micro,218112095,9,8,7
La Reina,2021-2,licitacion,NoClasificado,11250000,1,1,1
La Reina,2021-2,licitacion,Pequeña,116182793,4,4,4
La Reina,2021-2,trato_directo,Grande,6960712,4,4,4
La Reina,2021-2,trato_directo,Mediana,25511736,3,3,3
La Reina,2021-2,trato_directo,Micro,23417993,13,13,12
La Reina,2021-2,trato_directo,NoClasificado,9090000,3,3,3
La Reina,2021-2,trato_directo,Pequeña,28353735,5,4,4
La Reina,2022-1,compra_agil,Grande,25292602,224,39,21
La Reina,2022-1,compra_agil,Mediana,15932134,111,25,18
La Reina,2022-1,compra_agil,Micro,58605718,247,87,75
La Reina,2022-1,compra_agil,NoClasificado,19539484,88,33,26
La Reina,2022-1,compra_agil,Pequeña,44070180,344,63,47
La Reina,2022-1,convenio_marco,Grande,242489804,57,34,14
La Reina,2022-1,convenio_marco,Mediana,83168036,34,14,8
La Reina,2022-1,convenio_marco,Micro,5447598,6,2,2
La Reina,2022-1,convenio_marco,Pequeña,3541566,8,3,3
La Reina,2022-1,licitacion,Grande,45680869,6,6,6
La Reina,2022-1,licitacion,Mediana,3660776,2,2,2
La Reina,2022-1,licitacion,Micro,40055200,3,3,3
La Reina,2022-1,licitacion,Pequeña,62828623,14,7,7
La Reina,2022-1,trato_directo,Grande,10558009,4,4,4
La Reina,2022-1,trato_directo,Mediana,20685079,3,3,3
La Reina,2022-1,trato_directo,Micro,5073004,1,1,1
La Reina,2022-1,trato_directo,Pequeña,41972471,12,11,10
La Reina,2022-2,convenio_marco,Grande,228998530,60,28,12
La Reina,2022-2,convenio_marco,Mediana,32745000,3,3,1
La Reina,2022-2,convenio_marco,Pequeña,5828720,3,2,2
La Reina,2022-2,licitacion,Grande,12195582,5,5,5
La Reina,2022-2,licitacion,Mediana,702216090,7,7,5
La Reina,2022-2,licitacion,Micro,78839491,9,9,7
La Reina,2022-2,licitacion,NoClasificado,12605042,1,1,1
La Reina,2022-2,licitacion,Pequeña,1627286367,11,11,11
La Reina,2022-2,trato_directo,Grande,12331752,4,4,3
La Reina,2022-2,trato_directo,Mediana,20750000,2,2,2
La Reina,2022-2,trato_directo,Micro,9306590,8,8,7
La Reina,2022-2,trato_directo,NoClasificado,15770774,5,5,5
La Reina,2022-2,trato_directo,Pequeña,23672610,9,8,8
La Reina,2023-1,compra_agil,Grande,40475085,497,40,21
La Reina,2023-1,compra_agil,Mediana,23067876,280,26,22
La Reina,2023-1,compra_agil,Micro,36372753,431,54,44
La Reina,2023-1,compra_agil,NoClasificado,38536164,330,41,36
La Reina,2023-1,compra_agil,Pequeña,47951008,334,61,56
La Reina,2023-1,convenio_marco,Grande,180466377,48,28,8
La Reina,2023-1,convenio_marco,Mediana,92209645,15,9,6
La Reina,2023-1,convenio_marco,Pequeña,8440840,7,3,2
La Reina,2023-1,licitacion,Grande,34807454,8,6,6
La Reina,2023-1,licitacion,Mediana,215632727,10,10,9
La Reina,2023-1,licitacion,Micro,29100084,2,2,2
La Reina,2023-1,licitacion,NoClasificado,41531695,2,2,2
La Reina,2023-1,licitacion,Pequeña,252322987,18,13,13
La Reina,2023-1,trato_directo,Grande,21471171,4,4,4
La Reina,2023-1,trato_directo,Mediana,20434155,4,4,3
La Reina,2023-1,trato_directo,Micro,12157164,8,5,3
La Reina,2023-1,trato_directo,NoClasificado,10850000,2,2,2
La Reina,2023-1,trato_directo,Pequeña,69673972,10,8,8
La Reina,2023-2,compra_agil,Grande,36645806,365,44,28
La Reina,2023-2,compra_agil,Mediana,35444067,283,47,24
La Reina,2023-2,compra_agil,Micro,49616636,158,55,46
La Reina,2023-2,compra_agil,NoClasificado,14315830,155,16,15
La Reina,2023-2,compra_agil,Pequeña,108583976,1499,104,88
La Reina,2023-2,convenio_marco,Grande,158480340,43,23,9
La Reina,2023-2,convenio_marco,Mediana,104596924,37,12,8
La Reina,2023-2,convenio_marco,Micro,5749200,1,1,1
La Reina,2023-2,licitacion,Grande,13539454,3,3,3
La Reina,2023-2,licitacion,Mediana,175334128,8,8,8
La Reina,2023-2,licitacion,Micro,21345750,3,3,3
La Reina,2023-2,licitacion,Pequeña,190834379,23,17,12
La Reina,2023-2,trato_directo,Grande,13006637,7,7,6
La Reina,2023-2,trato_directo,Mediana,30480192,10,9,9
La Reina,2023-2,trato_directo,Micro,16796685,7,7,7
La Reina,2023-2,trato_directo,NoClasificado,4155244,3,3,1
La Reina,2023-2,trato_directo,Pequeña,26441983,13,8,8
La Reina,2024-1,compra_agil,Grande,37995954,135,34,23
La Reina,2024-1,compra_agil,Mediana,32133191,152,32,20
La Reina,2024-1,compra_agil,Micro,37134624,113,35,29
La Reina,2024-1,compra_agil,NoClasificado,30334870,95,25,21
La Reina,2024-1,compra_agil,Pequeña,53555630,181,54,49
La Reina,2024-1,convenio_marco,Grande,235654542,45,22,10
La Reina,2024-1,convenio_marco,Mediana,124600733,21,12,7
La Reina,2024-1,convenio_marco,Micro,3913200,1,1,1
La Reina,2024-1,licitacion,Grande,522571335,4,4,4
La Reina,2024-1,licitacion,Mediana,315549019,10,10,9
La Reina,2024-1,licitacion,Micro,6700000,2,2,2
La Reina,2024-1,licitacion,NoClasificado,104741849,4,4,4
La Reina,2024-1,licitacion,Pequeña,1445510050,16,13,12
La Reina,2024-1,trato_directo,Grande,18199426,4,3,3
La Reina,2024-1,trato_directo,Mediana,17898903,4,3,3
La Reina,2024-1,trato_directo,Micro,27839828,10,9,8
La Reina,2024-1,trato_directo,NoClasificado,633506,1,1,1
La Reina,2024-1,trato_directo,Pequeña,47819800,16,14,12
La Reina,2024-2,compra_agil,1.0,33260500,106,20,15
La Reina,2024-2,compra_agil,2.0,16998416,40,22,15
La Reina,2024-2,compra_agil,3.0,31079464,244,33,28
La Reina,2024-2,compra_agil,4.0,49427991,140,55,48
La Reina,2024-2,compra_agil,Micro,862500,1,1,1
La Reina,2024-2,compra_agil,NoClasificado,13446220,34,20,19
La Reina,2024-2,convenio_marco,1.0,113608219,44,19,7
La Reina,2024-2,convenio_marco,2.0,52309687,24,6,4
La Reina,2024-2,convenio_marco,3.0,3133668,3,1,1
La Reina,2024-2,convenio_marco,4.0,2423600,1,1,1
La Reina,2024-2,convenio_marco,NoClasificado,48830520,1,1,1
La Reina,2024-2,licitacion,1.0,714679401,14,9,8
La Reina,2024-2,licitacion,2.0,123287385,8,7,7
La Reina,2024-2,licitacion,3.0,39028287,6,5,3
La Reina,2024-2,licitacion,4.0,239625343,17,17,16
La Reina,2024-2,licitacion,NoClasificado,4371369,2,2,2
La Reina,2024-2,trato_directo,1.0,15365725,5,5,5
La Reina,2024-2,trato_directo,2.0,22299359,6,6,6
La Reina,2024-2,trato_directo,3.0,8837983,4,4,4
La Reina,2024-2,trato_directo,4.0,32112264,6,6,5
La Reina,2024-2,trato_directo,Micro,900450,2,1,1
La Reina,2024-2,trato_directo,NoClasificado,7791797,3,3,3
La Reina,2025-1,compra_agil,Grande,14681522,4,4,4
La Reina,2025-1,compra_agil,Mediana,47320422,90,36,28
La Reina,2025-1,compra_agil,Micro,30207122,23,19,19
La Reina,2025-1,compra_agil,NoClasificado,43865466,35,16,16
La Reina,2025-1,compra_agil,Pequeña,91920080,194,61,53
La Reina,2025-1,convenio_marco,Grande,102396773,102,25,8
La Reina,2025-1,convenio_marco,Mediana,31861520,8,5,4
La Reina,2025-1,convenio_marco,Micro,7461290,14,5,3
La Reina,2025-1,convenio_marco,NoClasificado,29764590,8,6,3
La Reina,2025-1,convenio_marco,Pequeña,1793232,1,1,1
La Reina,2025-1,licitacion,Grande,93229042,6,6,6
La Reina,2025-1,licitacion,Mediana,163904400,7,7,7
La Reina,2025-1,licitacion,NoClasificado,3969000,1,1,1
La Reina,2025-1,licitacion,Pequeña,286600296,12,9,9
La Reina,2025-1,trato_directo,Grande,6019053,2,2,1
La Reina,2025-1,trato_directo,Pequeña,3675750,2,1,1
La Reina,2025-2,compra_agil,Grande,4385269,4,4,3
La Reina,2025-2,compra_agil,Mediana,29995818,38,23,18
La Reina,2025-2,compra_agil,Micro,34688764,46,32,29
La Reina,2025-2,compra_agil,NoClasificado,44081749,76,37,32
La Reina,2025-2,compra_agil,Pequeña,59989817,95,60,48
La Reina,2025-2,convenio_marco,Grande,404859747,48,21,9
La Reina,2025-2,convenio_marco,Mediana,15215649,3,3,3
La Reina,2025-2,convenio_marco,NoClasificado,900750,2,1,1
La Reina,2025-2,convenio_marco,Pequeña,78984000,1,1,1
La Reina,2025-2,licitacion,Grande,513352462,4,4,4
La Reina,2025-2,licitacion,Mediana,155305411,6,6,6
La Reina,2025-2,licitacion,Micro,47854940,4,4,3
La Reina,2025-2,licitacion,NoClasificado,119440565,2,2,2
La Reina,2025-2,licitacion,Pequeña,218187328,9,8,6
La Reina,2025-2,trato_directo,Pequeña,5529181,2,2,2
Las Condes,2015-1,convenio_marco,Grande,286299114,436,156,33
Las Condes,2015-1,convenio_marco,Mediana,45413694,67,39,19
Las Condes,2015-1,convenio_marco,Micro,147035506,152,90,29
Las Condes,2015-1,convenio_marco,Pequeña,421662991,184,161,28
Las Condes,2015-1,licitacion,Grande,293341492,104,34,18
Las Condes,2015-1,licitacion,Mediana,168190515,60,38,22
Las Condes,2015-1,licitacion,Micro,206820521,262,93,65
Las Condes,2015-1,licitacion,Pequeña,518502133,70,49,41
Las Condes,2015-1,trato_directo,Grande,281512946,137,76,28
Las Condes,2015-1,trato_directo,Mediana,13348859,34,23,12
Las Condes,2015-1,trato_directo,Micro,94490548,141,71,29
Las Condes,2015-1,trato_directo,Pequeña,122366838,68,52,30
Las Condes,2015-2,convenio_marco,Grande,614047520,539,215,33
Las Condes,2015-2,convenio_marco,Mediana,248408865,143,65,23
Las Condes,2015-2,convenio_marco,Micro,368909510,198,135,35
Las Condes,2015-2,convenio_marco,Pequeña,367502334,246,173,37
Las Condes,2015-2,licitacion,Grande,123127356,59,27,13
Las Condes,2015-2,licitacion,Mediana,1836383449,48,31,22
Las Condes,2015-2,licitacion,Micro,388130422,247,98,73
Las Condes,2015-2,licitacion,NoClasificado,2980000,1,1,1
Las Condes,2015-2,licitacion,Pequeña,635927101,147,60,44
Las Condes,2015-2,trato_directo,Grande,37120949,126,59,23
Las Condes,2015-2,trato_directo,Mediana,473576409,70,31,19
Las Condes,2015-2,trato_directo,Micro,70695900,157,109,35
Las Condes,2015-2,trato_directo,Pequeña,62446579,87,50,27
Las Condes,2016-1,convenio_marco,Grande,583154273,674,235,43
Las Condes,2016-1,convenio_marco,Mediana,75052837,79,48,18
Las Condes,2016-1,convenio_marco,Micro,225172734,245,131,44
Las Condes,2016-1,convenio_marco,Pequeña,679845497,345,223,45
Las Condes,2016-1,licitacion,Grande,363676814,113,32,15
Las Condes,2016-1,licitacion,Mediana,7869338846,47,30,21
Las Condes,2016-1,licitacion,Micro,824248742,324,75,61
Las Condes,2016-1,licitacion,Pequeña,228235551,133,60,44
Las Condes,2016-1,trato_directo,Grande,86020641,160,84,23
Las Condes,2016-1,trato_directo,Mediana,17087231,24,19,12
Las Condes,2016-1,trato_directo,Micro,214980266,190,112,40
Las Condes,2016-1,trato_directo,Pequeña,76676052,68,38,23
Las Condes,2016-2,convenio_marco,Grande,515446826,598,227,37
Las Condes,2016-2,convenio_marco,Mediana,135165946,160,71,19
Las Condes,2016-2,convenio_marco,Micro,620632715,332,195,49
Las Condes,2016-2,convenio_marco,Pequeña,584140658,336,239,50
Las Condes,2016-2,licitacion,Grande,802973457,110,43,29
Las Condes,2016-2,licitacion,Mediana,7280099168,61,30,21
Las Condes,2016-2,licitacion,Micro,281685621,171,79,65
Las Condes,2016-2,licitacion,Pequeña,254239494,178,65,47
Las Condes,2016-2,trato_directo,Grande,90474544,127,77,16
Las Condes,2016-2,trato_directo,Mediana,63005095,28,24,11
Las Condes,2016-2,trato_directo,Micro,62670040,195,99,34
Las Condes,2016-2,trato_directo,Pequeña,11365265,47,27,17
Las Condes,2017-1,convenio_marco,Grande,320302139,482,184,38
Las Condes,2017-1,convenio_marco,Mediana,124809337,147,65,22
Las Condes,2017-1,convenio_marco,Micro,486763722,355,219,67
Las Condes,2017-1,convenio_marco,Pequeña,516908825,292,236,45
Las Condes,2017-1,licitacion,Grande,896273021,116,30,13
Las Condes,2017-1,licitacion,Mediana,290327784,48,28,19
Las Condes,2017-1,licitacion,Micro,237699309,211,75,63
Las Condes,2017-1,licitacion,Pequeña,142802759,176,50,41
Las Condes,2017-1,trato_directo,Grande,66918291,138,80,20
Las Condes,2017-1,trato_directo,Mediana,137555145,22,16,12
Las Condes,2017-1,trato_directo,Micro,75264221,163,102,35
Las Condes,2017-1,trato_directo,Pequeña,27507773,31,24,19
Las Condes,2017-2,convenio_marco,Grande,654951140,436,201,43
Las Condes,2017-2,convenio_marco,Mediana,261116667,176,82,23
Las Condes,2017-2,convenio_marco,Micro,466202727,382,209,56
Las Condes,2017-2,convenio_marco,Pequeña,619605655,292,215,41
Las Condes,2017-2,licitacion,Grande,138669415,206,33,19
Las Condes,2017-2,licitacion,Mediana,5890107972,92,29,21
Las Condes,2017-2,licitacion,Micro,438330002,215,86,66
Las Condes,2017-2,licitacion,Pequeña,7229449198,169,67,39
Las Condes,2017-2,trato_directo,Grande,174774782,278,140,27
Las Condes,2017-2,trato_directo,Mediana,74280168,29,23,13
Las Condes,2017-2,trato_directo,Micro,331159521,130,84,29
Las Condes,2017-2,trato_directo,Pequeña,114519951,38,29,24
Las Condes,2018-1,convenio_marco,Grande,774843772,487,210,52
Las Condes,2018-1,convenio_marco,Mediana,78021010,100,61,27
Las Condes,2018-1,convenio_marco,Micro,467702319,400,201,66
Las Condes,2018-1,convenio_marco,NoClasificado,10072280,1,1,1
Las Condes,2018-1,convenio_marco,Pequeña,373395216,205,151,52
Las Condes,2018-1,licitacion,Grande,5520881007,411,31,13
Las Condes,2018-1,licitacion,Mediana,3247601456,43,24,19
Las Condes,2018-1,licitacion,Micro,248833277,303,80,62
Las Condes,2018-1,licitacion,NoClasificado,515528,17,2,2
Las Condes,2018-1,licitacion,Pequeña,677978752,178,63,51
Las Condes,2018-1,trato_directo,Grande,93789505,224,110,27
Las Condes,2018-1,trato_directo,Mediana,106708519,42,35,22
Las Condes,2018-1,trato_directo,Micro,164955570,223,152,44
Las Condes,2018-1,trato_directo,Pequeña,92847289,91,54,33
Las Condes,2018-2,convenio_marco,Grande,1781293694,427,175,45
Las Condes,2018-2,convenio_marco,Mediana,194178860,155,65,26
Las Condes,2018-2,convenio_marco,Micro,322578349,280,183,67
Las Condes,2018-2,convenio_marco,Pequeña,706436240,247,178,48
Las Condes,2018-2,licitacion,Grande,5274510646,295,34,21
Las Condes,2018-2,licitacion,Mediana,387702863,59,23,20
Las Condes,2018-2,licitacion,Micro,261951916,333,82,65
Las Condes,2018-2,licitacion,Pequeña,7451581327,198,54,42
Las Condes,2018-2,trato_directo,Grande,56084608,116,66,31
Las Condes,2018-2,trato_directo,Mediana,67030261,38,26,18
Las Condes,2018-2,trato_directo,Micro,94640649,196,129,38
Las Condes,2018-2,trato_directo,Pequeña,95284328,67,36,25
Las Condes,2019-1,convenio_marco,Grande,564194775,473,192,50
Las Condes,2019-1,convenio_marco,Mediana,311633445,244,102,26
Las Condes,2019-1,convenio_marco,Micro,361775676,287,174,71
Las Condes,2019-1,convenio_marco,Pequeña,396010532,286,199,57
Las Condes,2019-1,licitacion,Grande,100837531,422,30,9
Las Condes,2019-1,licitacion,Mediana,711292924,36,20,17
Las Condes,2019-1,licitacion,Micro,304694883,396,70,58
Las Condes,2019-1,licitacion,Pequeña,220108449,158,47,40
Las Condes,2019-1,trato_directo,Grande,133445268,171,75,29
Las Condes,2019-1,trato_directo,Mediana,401112709,34,20,17
Las Condes,2019-1,trato_directo,Micro,112624916,227,109,43
Las Condes,2019-1,trato_directo,Pequeña,171174987,137,81,47
Las Condes,2019-2,convenio_marco,Grande,572665416,317,154,41
Las Condes,2019-2,convenio_marco,Mediana,267331296,214,93,29
Las Condes,2019-2,convenio_marco,Micro,620301715,399,200,74
Las Condes,2019-2,convenio_marco,Pequeña,733059035,351,221,55
Las Condes,2019-2,licitacion,Grande,231956615,254,22,8
Las Condes,2019-2,licitacion,Mediana,2036401460,29,17,15
Las Condes,2019-2,licitacion,Micro,275990092,254,64,54
Las Condes,2019-2,licitacion,Pequeña,101427564,50,29,25
Las Condes,2019-2,trato_directo,Grande,315663810,243,109,33
Las Condes,2019-2,trato_directo,Mediana,118663842,33,28,14
Las Condes,2019-2,trato_directo,Micro,305711235,276,160,63
Las Condes,2019-2,trato_directo,NoClasificado,612165,2,2,1
Las Condes,2019-2,trato_directo,Pequeña,233442039,145,85,49
Las Condes,2020-1,convenio_marco,Grande,519643617,133,74,29
Las Condes,2020-1,convenio_marco,Mediana,306674638,95,43,19
Las Condes,2020-1,convenio_marco,Micro,854446922,348,113,42
Las Condes,2020-1,convenio_marco,Pequeña,396535438,166,110,33
Las Condes,2020-1,licitacion,Grande,140329638,85,23,9
Las Condes,2020-1,licitacion,Mediana,117794056,16,11,10
Las Condes,2020-1,licitacion,Micro,235329797,125,45,37
Las Condes,2020-1,licitacion,Pequeña,289850236,72,37,31
Las Condes,2020-1,trato_directo,Grande,366017413,281,130,42
Las Condes,2020-1,trato_directo,Mediana,1268732439,159,46,29
Las Condes,2020-1,trato_directo,Micro,1913186258,338,187,80
Las Condes,2020-1,trato_directo,NoClasificado,89308522,12,11,10
Las Condes,2020-1,trato_directo,Pequeña,367810681,157,116,53
Las Condes,2020-2,compra_agil,Grande,141240,4,1,1
Las Condes,2020-2,compra_agil,Mediana,960969,2,2,2
Las Condes,2020-2,compra_agil,Micro,30377057,183,47,25
Las Condes,2020-2,compra_agil,NoClasificado,4904792,83,7,7
Las Condes,2020-2,compra_agil,Pequeña,3991235,76,5,5
Las Condes,2020-2,convenio_marco,Grande,467964442,139,76,27
Las Condes,2020-2,convenio_marco,Mediana,66745601,48,27,10
Las Condes,2020-2,convenio_marco,Micro,1995563069,202,88,33
Las Condes,2020-2,convenio_marco,Pequeña,205642871,151,105,21
Las Condes,2020-2,licitacion,Grande,998959134,17,7,6
Las Condes,2020-2,licitacion,Mediana,43560180,50,7,7
Las Condes,2020-2,licitacion,Micro,593124685,25,23,20
Las Condes,2020-2,licitacion,NoClasificado,260377208,14,4,3
Las Condes,2020-2,licitacion,Pequeña,111756585,20,15,14
Las Condes,2020-2,trato_directo,Grande,351295608,107,65,39
Las Condes,2020-2,trato_directo,Mediana,287863050,47,45,23
Las Condes,2020-2,trato_directo,Micro,753892189,297,181,53
Las Condes,2020-2,trato_directo,NoClasificado,178798881,31,30,20
Las Condes,2020-2,trato_directo,Pequeña,891059382,204,153,57
Las Condes,2021-1,compra_agil,Grande,9902613,70,12,10
Las Condes,2021-1,compra_agil,Mediana,8788230,28,13,11
Las Condes,2021-1,compra_agil,Micro,47176883,558,82,55
Las Condes,2021-1,compra_agil,NoClasificado,165000,1,1,1
Las Condes,2021-1,compra_agil,Pequeña,10963623,95,13,12
Las Condes,2021-1,convenio_marco,Grande,1125218223,71,43,19
Las Condes,2021-1,convenio_marco,Mediana,37329747,15,10,9
Las Condes,2021-1,convenio_marco,Micro,854300788,142,95,21
Las Condes,2021-1,convenio_marco,Pequeña,98565841,44,29,17
Las Condes,2021-1,licitacion,Grande,82482341,15,13,9
Las Condes,2021-1,licitacion,Mediana,2006017393,33,15,10
Las Condes,2021-1,licitacion,Micro,703189496,47,30,26
Las Condes,2021-1,licitacion,NoClasificado,12329500,2,2,1
Las Condes,2021-1,licitacion,Pequeña,755581019,39,19,14
Las Condes,2021-1,trato_directo,Grande,854467354,113,75,43
Las Condes,2021-1,trato_directo,Mediana,377981311,67,41,21
Las Condes,2021-1,trato_directo,Micro,1039529931,603,271,80
Las Condes,2021-1,trato_directo,NoClasificado,361922,2,2,1
Las Condes,2021-1,trato_directo,Pequeña,406792410,98,87,39
Las Condes,2021-2,compra_agil,Grande,4191360,54,7,4
Las Condes,2021-2,compra_agil,Mediana,12341119,231,11,11
Las Condes,2021-2,compra_agil,Micro,35195065,290,58,34
Las Condes,2021-2,compra_agil,NoClasificado,7487503,62,16,15
Las Condes,2021-2,compra_agil,Pequeña,8389037,36,15,15
Las Condes,2021-2,convenio_marco,Grande,343239828,41,38,12
Las Condes,2021-2,convenio_marco,Mediana,11236163,7,3,2
Las Condes,2021-2,convenio_marco,Micro,96818321,53,24,8
Las Condes,2021-2,convenio_marco,Pequeña,165197123,28,23,3
Las Condes,2021-2,licitacion,Grande,181326115,7,7,5
Las Condes,2021-2,licitacion,Mediana,11891182274,18,13,12
Las Condes,2021-2,licitacion,Micro,704989125,104,56,44
Las Condes,2021-2,licitacion,NoClasificado,19306576,3,3,3
Las Condes,2021-2,licitacion,Pequeña,1083447285,84,45,24
Las Condes,2021-2,trato_directo,Grande,274233090,138,58,28
Las Condes,2021-2,trato_directo,Mediana,141666975,77,49,21
Las Condes,2021-2,trato_directo,Micro,549194276,360,215,77
Las Condes,2021-2,trato_directo,NoClasificado,195673288,36,26,24
Las Condes,2021-2,trato_directo,Pequeña,448061383,218,162,39
Las Condes,2022-1,compra_agil,Grande,6121079,40,18,14
Las Condes,2022-1,compra_agil,Mediana,8306965,52,15,13
Las Condes,2022-1,compra_agil,Micro,49274319,246,71,46
Las Condes,2022-1,compra_agil,NoClasificado,8540066,41,20,14
Las Condes,2022-1,compra_agil,Pequeña,15004062,74,23,20
Las Condes,2022-1,convenio_marco,Grande,442096696,51,33,8
Las Condes,2022-1,convenio_marco,Mediana,2972625,1,1,1
Las Condes,2022-1,convenio_marco,Micro,36985452,36,5,2
Las Condes,2022-1,convenio_marco,Pequeña,6940807,2,1,1
Las Condes,2022-1,licitacion,Grande,21766738550,25,16,16
Las Condes,2022-1,licitacion,Mediana,3531968666,27,20,12
Las Condes,2022-1,licitacion,Micro,1219099396,74,51,39
Las Condes,2022-1,licitacion,NoClasificado,127483894,31,12,9
Las Condes,2022-1,licitacion,Pequeña,1560160774,33,24,21
Las Condes,2022-1,trato_directo,Grande,198273012,68,52,30
Las Condes,2022-1,trato_directo,Mediana,337921666,68,57,16
Las Condes,2022-1,trato_directo,Micro,836521290,290,165,61
Las Condes,2022-1,trato_directo,NoClasificado,24850000,5,5,2
Las Condes,2022-1,trato_directo,Pequeña,517109330,168,106,34
Las Condes,2022-2,convenio_marco,Grande,395298730,85,47,10
Las Condes,2022-2,convenio_marco,Mediana,768165,4,1,1
Las Condes,2022-2,convenio_marco,Pequeña,22189729,2,2,2
Las Condes,2022-2,licitacion,Grande,14879233787,23,21,19
Las Condes,2022-2,licitacion,Mediana,3660957486,37,33,25
Las Condes,2022-2,licitacion,Micro,2166550672,76,45,32
Las Condes,2022-2,licitacion,NoClasificado,513247991,27,23,18
Las Condes,2022-2,licitacion,Pequeña,1648022132,38,31,25
Las Condes,2022-2,trato_directo,Grande,413776414,35,35,23
Las Condes,2022-2,trato_directo,Mediana,235809187,111,88,21
Las Condes,2022-2,trato_directo,Micro,359889014,190,106,49
Las Condes,2022-2,trato_directo,NoClasificado,103157653,22,21,16
Las Condes,2022-2,trato_directo,Pequeña,501584281,156,113,41
Las Condes,2023-1,compra_agil,Grande,22553956,133,36,25
Las Condes,2023-1,compra_agil,Mediana,24710636,150,33,22
Las Condes,2023-1,compra_agil,Micro,58189471,307,110,59
Las Condes,2023-1,compra_agil,NoClasificado,51827442,382,92,65
Las Condes,2023-1,compra_agil,Pequeña,31025501,123,65,46
Las Condes,2023-1,convenio_marco,Grande,622300404,72,47,10
Las Condes,2023-1,convenio_marco,Mediana,635220,2,1,1
Las Condes,2023-1,convenio_marco,Micro,22093100,6,3,3
Las Condes,2023-1,convenio_marco,Pequeña,29586455,4,1,1
Las Condes,2023-1,licitacion,Grande,39585594900,41,32,25
Las Condes,2023-1,licitacion,Mediana,742469437,40,33,20
Las Condes,2023-1,licitacion,Micro,254116212,39,34,26
Las Condes,2023-1,licitacion,NoClasificado,319667845,44,32,26
Las Condes,2023-1,licitacion,Pequeña,5995286250,57,47,41
Las Condes,2023-1,trato_directo,Grande,1037067881,77,63,32
Las Condes,2023-1,trato_directo,Mediana,1779286775,41,37,10
Las Condes,2023-1,trato_directo,Micro,195580254,26,25,24
Las Condes,2023-1,trato_directo,NoClasificado,89665265,43,42,13
Las Condes,2023-1,trato_directo,Pequeña,255842529,85,58,21
Las Condes,2023-2,compra_agil,Grande,23712551,110,39,23
Las Condes,2023-2,compra_agil,Mediana,19128412,80,29,23
Las Condes,2023-2,compra_agil,Micro,49473717,372,72,47
Las Condes,2023-2,compra_agil,NoClasificado,20602970,299,23,19
Las Condes,2023-2,compra_agil,Pequeña,104565019,910,141,97
Las Condes,2023-2,convenio_marco,Grande,161224308,98,28,10
Las Condes,2023-2,convenio_marco,Mediana,42384544,31,4,3
Las Condes,2023-2,convenio_marco,Micro,1788832,4,1,1
Las Condes,2023-2,licitacion,Grande,25651307584,70,48,38
Las Condes,2023-2,licitacion,Mediana,969898056,65,45,34
Las Condes,2023-2,licitacion,Micro,209716630,32,24,21
Las Condes,2023-2,licitacion,NoClasificado,247797598,11,9,5
Las Condes,2023-2,licitacion,Pequeña,1133743299,168,93,59
Las Condes,2023-2,trato_directo,Grande,894342340,38,26,20
Las Condes,2023-2,trato_directo,Mediana,329851102,23,23,8
Las Condes,2023-2,trato_directo,Micro,33074484,11,10,7
Las Condes,2023-2,trato_directo,NoClasificado,42477759,5,5,5
Las Condes,2023-2,trato_directo,Pequeña,403151995,40,39,29
Las Condes,2024-1,compra_agil,Grande,20575128,67,24,18
Las Condes,2024-1,compra_agil,Mediana,35069687,164,47,34
Las Condes,2024-1,compra_agil,Micro,53603537,560,77,47
Las Condes,2024-1,compra_agil,NoClasificado,26161180,258,38,31
Las Condes,2024-1,compra_agil,Pequeña,97469274,1165,122,82
Las Condes,2024-1,convenio_marco,Grande,632930394,76,30,14
Las Condes,2024-1,convenio_marco,Mediana,10519500,4,3,3
Las Condes,2024-1,convenio_marco,Micro,10615200,1,1,1
Las Condes,2024-1,convenio_marco,Pequeña,11305000,1,1,1
Las Condes,2024-1,licitacion,Grande,2922843128,53,33,30
Las Condes,2024-1,licitacion,Mediana,3342610479,42,18,14
Las Condes,2024-1,licitacion,Micro,2719396965,42,29,29
Las Condes,2024-1,licitacion,NoClasificado,439806001,25,17,16
Las Condes,2024-1,licitacion,Pequeña,633414682,109,77,67
Las Condes,2024-1,trato_directo,Grande,1376876685,23,23,19
Las Condes,2024-1,trato_directo,Mediana,89530953,7,7,6
Las Condes,2024-1,trato_directo,Micro,43983228,5,5,5
Las Condes,2024-1,trato_directo,NoClasificado,220238339,2,2,2
Las Condes,2024-1,trato_directo,Pequeña,335682378,18,18,16
Las Condes,2024-2,compra_agil,1.0,21407619,136,33,24
Las Condes,2024-2,compra_agil,2.0,17810384,100,35,27
Las Condes,2024-2,compra_agil,3.0,45615644,245,72,52
Las Condes,2024-2,compra_agil,4.0,100005000,819,125,94
Las Condes,2024-2,compra_agil,Micro,1050000,2,2,1
Las Condes,2024-2,compra_agil,NoClasificado,42815613,258,62,50
Las Condes,2024-2,convenio_marco,1.0,384907782,89,34,16
Las Condes,2024-2,convenio_marco,2.0,130529323,25,11,9
Las Condes,2024-2,convenio_marco,3.0,13197717,1,1,1
Las Condes,2024-2,convenio_marco,4.0,161183286,11,11,10
Las Condes,2024-2,convenio_marco,NoClasificado,6247440,2,1,1
Las Condes,2024-2,licitacion,1.0,7981894764,52,41,32
Las Condes,2024-2,licitacion,2.0,10655269550,68,47,37
Las Condes,2024-2,licitacion,3.0,433096406,110,31,27
Las Condes,2024-2,licitacion,4.0,3829992555,115,82,58
Las Condes,2024-2,licitacion,NoClasificado,370055631,80,34,24
Las Condes,2024-2,trato_directo,1.0,1829766265,18,18,17
Las Condes,2024-2,trato_directo,2.0,426273959,10,10,9
Las Condes,2024-2,trato_directo,3.0,119786060,9,9,9
Las Condes,2024-2,trato_directo,4.0,106465795,13,13,11
Las Condes,2024-2,trato_directo,Grande,46679920,2,2,1
Las Condes,2024-2,trato_directo,Micro,3731092,1,1,1
Las Condes,2024-2,trato_directo,NoClasificado,109347605,9,9,7
Las Condes,2025-1,compra_agil,Grande,81890226,191,16,12
Las Condes,2025-1,compra_agil,Mediana,161828946,437,37,29
Las Condes,2025-1,compra_agil,Micro,171427740,737,69,59
Las Condes,2025-1,compra_agil,NoClasificado,116426550,532,50,47
Las Condes,2025-1,compra_agil,Pequeña,257878341,744,96,83
Las Condes,2025-1,convenio_marco,Grande,620242812,108,33,18
Las Condes,2025-1,convenio_marco,Mediana,91260971,23,4,3
Las Condes,2025-1,convenio_marco,Micro,30732683,1,1,1
Las Condes,2025-1,convenio_marco,Pequeña,15200800,4,3,3
Las Condes,2025-1,licitacion,Grande,25674260069,30,28,24
Las Condes,2025-1,licitacion,Mediana,4048291789,12,9,9
Las Condes,2025-1,licitacion,Micro,559459118,11,7,6
Las Condes,2025-1,licitacion,NoClasificado,226859617,76,7,7
Las Condes,2025-1,licitacion,Pequeña,8269249522,40,28,25
Las Condes,2025-1,trato_directo,Grande,394637936,7,7,5
Las Condes,2025-1,trato_directo,Mediana,75463287,3,3,3
Las Condes,2025-1,trato_directo,NoClasificado,27782099,1,1,1
Las Condes,2025-1,trato_directo,Pequeña,61225627,3,3,3
Las Condes,2025-2,compra_agil,Grande,40309366,41,14,10
Las Condes,2025-2,compra_agil,Mediana,111080022,108,19,14
Las Condes,2025-2,compra_agil,Micro,88102633,166,29,28
Las Condes,2025-2,compra_agil,NoClasificado,109774219,132,32,30
Las Condes,2025-2,compra_agil,Pequeña,351831516,723,75,68
Las Condes,2025-2,convenio_marco,Grande,216590470,57,14,11
Las Condes,2025-2,convenio_marco,Mediana,61437459,4,2,2
Las Condes,2025-2,convenio_marco,Micro,66548342,54,4,2
Las Condes,2025-2,convenio_marco,NoClasificado,7089000,10,2,1
Las Condes,2025-2,convenio_marco,Pequeña,8407908,28,2,2
Las Condes,2025-2,licitacion,Grande,9693819167,35,35,29
Las Condes,2025-2,licitacion,Mediana,56687183085,24,18,13
Las Condes,2025-2,licitacion,Micro,319889150,7,6,6
Las Condes,2025-2,licitacion,NoClasificado,904232903,19,18,13
Las Condes,2025-2,licitacion,Pequeña,1981938508,46,44,33
Las Condes,2025-2,trato_directo,Grande,165642539,5,5,5
Las Condes,2025-2,trato_directo,Mediana,5820000,1,1,1
Las Condes,2025-2,trato_directo,Micro,4100000,1,1,1
Las Condes,2025-2,trato_directo,NoClasificado,31522291,4,4,4
Las Condes,2025-2,trato_directo,Pequeña,39632840,3,3,3
Lo Barnechea,2015-1,convenio_marco,Grande,343185027,962,166,32
Lo Barnechea,2015-1,convenio_marco,Mediana,57483177,267,97,26
Lo Barnechea,2015-1,convenio_marco,Micro,67243571,106,71,30
Lo Barnechea,2015-1,convenio_marco,Pequeña,61639743,154,65,34
Lo Barnechea,2015-1,licitacion,Grande,7741074911,75,68,24
Lo Barnechea,2015-1,licitacion,Mediana,2894852606,46,37,22
Lo Barnechea,2015-1,licitacion,Micro,578148587,61,48,24
Lo Barnechea,2015-1,licitacion,NoClasificado,260742,2,2,1
Lo Barnechea,2015-1,licitacion,Pequeña,2342044890,60,54,39
Lo Barnechea,2015-1,trato_directo,Grande,591162625,47,34,17
Lo Barnechea,2015-1,trato_directo,Mediana,15152666,84,29,14
Lo Barnechea,2015-1,trato_directo,Micro,66978370,28,24,11
Lo Barnechea,2015-1,trato_directo,Pequeña,109248262,17,17,13
Lo Barnechea,2015-2,convenio_marco,Grande,448976639,1723,298,49
Lo Barnechea,2015-2,convenio_marco,Mediana,151792079,513,133,32
Lo Barnechea,2015-2,convenio_marco,Micro,299552090,255,104,44
Lo Barnechea,2015-2,convenio_marco,NoClasificado,7031576,2,1,1
Lo Barnechea,2015-2,convenio_marco,Pequeña,129723102,250,97,42
Lo Barnechea,2015-2,licitacion,Grande,1849576429,79,55,26
Lo Barnechea,2015-2,licitacion,Mediana,1265022615,68,55,30
Lo Barnechea,2015-2,licitacion,Micro,807700838,155,79,46
Lo Barnechea,2015-2,licitacion,NoClasificado,2754393,3,3,2
Lo Barnechea,2015-2,licitacion,Pequeña,2371318957,102,86,49
Lo Barnechea,2015-2,trato_directo,Grande,266983277,70,39,20
Lo Barnechea,2015-2,trato_directo,Mediana,28163348,72,21,14
Lo Barnechea,2015-2,trato_directo,Micro,134475972,66,38,24
Lo Barnechea,2015-2,trato_directo,Pequeña,64821027,49,37,23
Lo Barnechea,2016-1,convenio_marco,Grande,466023095,1591,290,47
Lo Barnechea,2016-1,convenio_marco,Mediana,201602170,510,132,38
Lo Barnechea,2016-1,convenio_marco,Micro,282150200,451,166,76
Lo Barnechea,2016-1,convenio_marco,Pequeña,218322513,217,122,61
Lo Barnechea,2016-1,licitacion,Grande,7206222352,216,87,30
Lo Barnechea,2016-1,licitacion,Mediana,960439452,128,90,31
Lo Barnechea,2016-1,licitacion,Micro,2407922909,126,77,43
Lo Barnechea,2016-1,licitacion,NoClasificado,4966932,6,5,2
Lo Barnechea,2016-1,licitacion,Pequeña,4341004673,176,127,52
Lo Barnechea,2016-1,trato_directo,Grande,485620892,64,44,21
Lo Barnechea,2016-1,trato_directo,Mediana,71336084,44,24,17
Lo Barnechea,2016-1,trato_directo,Micro,52130401,45,29,24
Lo Barnechea,2016-1,trato_directo,Pequeña,113296340,135,30,23
Lo Barnechea,2016-2,convenio_marco,Grande,481194218,1629,331,52
Lo Barnechea,2016-2,convenio_marco,Mediana,197205427,544,166,41
Lo Barnechea,2016-2,convenio_marco,Micro,357792358,750,271,104
Lo Barnechea,2016-2,convenio_marco,Pequeña,127134354,523,201,95
Lo Barnechea,2016-2,licitacion,Grande,2974550476,167,84,36
Lo Barnechea,2016-2,licitacion,Mediana,1251010426,110,79,33
Lo Barnechea,2016-2,licitacion,Micro,1792670703,154,110,59
Lo Barnechea,2016-2,licitacion,NoClasificado,157429,2,1,1
Lo Barnechea,2016-2,licitacion,Pequeña,1775470086,192,136,55
Lo Barnechea,2016-2,trato_directo,Grande,648601330,45,36,21
Lo Barnechea,2016-2,trato_directo,Mediana,85145339,20,17,14
Lo Barnechea,2016-2,trato_directo,Micro,27377511,55,34,25
Lo Barnechea,2016-2,trato_directo,Pequeña,574509244,84,37,19
Lo Barnechea,2017-1,convenio_marco,Grande,481687075,1226,273,51
Lo Barnechea,2017-1,convenio_marco,Mediana,190120590,517,137,31
Lo Barnechea,2017-1,convenio_marco,Micro,418793634,569,220,90
Lo Barnechea,2017-1,convenio_marco,NoClasificado,69300,1,1,1
Lo Barnechea,2017-1,convenio_marco,Pequeña,179179995,166,95,50
Lo Barnechea,2017-1,licitacion,Grande,6847277664,205,136,41
Lo Barnechea,2017-1,licitacion,Mediana,3454405111,84,79,27
Lo Barnechea,2017-1,licitacion,Micro,1225981535,119,73,40
Lo Barnechea,2017-1,licitacion,NoClasificado,5052881,5,2,2
Lo Barnechea,2017-1,licitacion,Pequeña,3789162816,135,95,44
Lo Barnechea,2017-1,trato_directo,Grande,601178948,38,34,20
Lo Barnechea,2017-1,trato_directo,Mediana,109796776,27,18,13
Lo Barnechea,2017-1,trato_directo,Micro,134124554,36,33,28
Lo Barnechea,2017-1,trato_directo,Pequeña,315352930,56,35,24
Lo Barnechea,2017-2,convenio_marco,Grande,339825344,1865,386,67
Lo Barnechea,2017-2,convenio_marco,Mediana,428267988,795,240,56
Lo Barnechea,2017-2,convenio_marco,Micro,526401432,1002,367,141
Lo Barnechea,2017-2,convenio_marco,NoClasificado,487000,2,1,1
Lo Barnechea,2017-2,convenio_marco,Pequeña,261280957,585,226,94
Lo Barnechea,2017-2,licitacion,Grande,4514217342,244,101,39
Lo Barnechea,2017-2,licitacion,Mediana,1952258625,186,70,28
Lo Barnechea,2017-2,licitacion,Micro,583515603,99,57,40
Lo Barnechea,2017-2,licitacion,NoClasificado,66461,1,1,1
Lo Barnechea,2017-2,licitacion,Pequeña,2250351029,160,123,44
Lo Barnechea,2017-2,trato_directo,Grande,443600156,39,32,23
Lo Barnechea,2017-2,trato_directo,Mediana,57263716,34,19,14
Lo Barnechea,2017-2,trato_directo,Micro,105414430,35,26,22
Lo Barnechea,2017-2,trato_directo,Pequeña,342828021,71,50,35
Lo Barnechea,2018-1,convenio_marco,Grande,544585999,1321,274,58
Lo Barnechea,2018-1,convenio_marco,Mediana,471248069,525,136,42
Lo Barnechea,2018-1,convenio_marco,Micro,487592887,755,217,97
Lo Barnechea,2018-1,convenio_marco,Pequeña,267674090,528,164,69
Lo Barnechea,2018-1,licitacion,Grande,8505389184,317,101,40
Lo Barnechea,2018-1,licitacion,Mediana,1099556370,102,37,20
Lo Barnechea,2018-1,licitacion,Micro,518121653,93,50,40
Lo Barnechea,2018-1,licitacion,Pequeña,5020307427,100,66,32
Lo Barnechea,2018-1,trato_directo,Grande,974759049,48,39,24
Lo Barnechea,2018-1,trato_directo,Mediana,125071284,30,28,13
Lo Barnechea,2018-1,trato_directo,Micro,145368261,29,23,16
Lo Barnechea,2018-1,trato_directo,Pequeña,262682744,19,19,17
Lo Barnechea,2018-2,convenio_marco,Grande,383979524,753,224,48
Lo Barnechea,2018-2,convenio_marco,Mediana,406724137,403,118,31
Lo Barnechea,2018-2,convenio_marco,Micro,1137644511,745,246,104
Lo Barnechea,2018-2,convenio_marco,Pequeña,235513171,247,129,61
Lo Barnechea,2018-2,licitacion,Grande,11042467061,412,116,39
Lo Barnechea,2018-2,licitacion,Mediana,451831482,175,55,23
Lo Barnechea,2018-2,licitacion,Micro,419670063,150,63,38
Lo Barnechea,2018-2,licitacion,NoClasificado,11764229,2,2,1
Lo Barnechea,2018-2,licitacion,Pequeña,2629660696,121,90,38
Lo Barnechea,2018-2,trato_directo,Grande,898127582,74,49,23
Lo Barnechea,2018-2,trato_directo,Mediana,18838755,44,12,7
Lo Barnechea,2018-2,trato_directo,Micro,82088925,35,20,14
Lo Barnechea,2018-2,trato_directo,Pequeña,189810447,31,15,14
Lo Barnechea,2019-1,convenio_marco,Grande,700161652,805,252,56
Lo Barnechea,2019-1,convenio_marco,Mediana,426225029,1007,155,39
Lo Barnechea,2019-1,convenio_marco,Micro,827024872,959,296,114
Lo Barnechea,2019-1,convenio_marco,Pequeña,473681854,709,242,78
Lo Barnechea,2019-1,licitacion,Grande,10518846983,421,168,51
Lo Barnechea,2019-1,licitacion,Mediana,3055933379,193,51,23
Lo Barnechea,2019-1,licitacion,Micro,1425503048,141,70,44
Lo Barnechea,2019-1,licitacion,Pequeña,5552782021,171,103,43
Lo Barnechea,2019-1,trato_directo,Grande,296029408,160,45,16
Lo Barnechea,2019-1,trato_directo,Mediana,35910397,15,13,9
Lo Barnechea,2019-1,trato_directo,Micro,58194909,45,22,11
Lo Barnechea,2019-1,trato_directo,Pequeña,146126579,22,19,17
Lo Barnechea,2019-2,convenio_marco,Grande,556385886,626,178,47
Lo Barnechea,2019-2,convenio_marco,Mediana,315768782,480,125,38
Lo Barnechea,2019-2,convenio_marco,Micro,907655021,829,263,119
Lo Barnechea,2019-2,convenio_marco,NoClasificado,398990,1,1,1
Lo Barnechea,2019-2,convenio_marco,Pequeña,668251727,488,194,86
Lo Barnechea,2019-2,licitacion,Grande,3659776938,487,210,41
Lo Barnechea,2019-2,licitacion,Mediana,5564423241,200,38,21
Lo Barnechea,2019-2,licitacion,Micro,606306141,132,58,27
Lo Barnechea,2019-2,licitacion,Pequeña,4904218402,223,135,42
Lo Barnechea,2019-2,trato_directo,Grande,111522606,83,29,13
Lo Barnechea,2019-2,trato_directo,Mediana,116126693,30,20,16
Lo Barnechea,2019-2,trato_directo,Micro,23880456,20,14,10
Lo Barnechea,2019-2,trato_directo,Pequeña,39922137,30,18,14
Lo Barnechea,2020-1,compra_agil,Grande,4938029,7,6,4
Lo Barnechea,2020-1,compra_agil,Mediana,4210410,7,6,5
Lo Barnechea,2020-1,compra_agil,Micro,32644849,53,40,28
Lo Barnechea,2020-1,compra_agil,NoClasificado,1277119,7,3,3
Lo Barnechea,2020-1,compra_agil,Pequeña,23840529,33,29,22
Lo Barnechea,2020-1,convenio_marco,Grande,889544045,300,116,36
Lo Barnechea,2020-1,convenio_marco,Mediana,162698642,227,68,32
Lo Barnechea,2020-1,convenio_marco,Micro,483153838,380,151,84
Lo Barnechea,2020-1,convenio_marco,Pequeña,447102821,373,113,61
Lo Barnechea,2020-1,licitacion,Grande,9007335095,331,176,42
Lo Barnechea,2020-1,licitacion,Mediana,4631322721,189,56,29
Lo Barnechea,2020-1,licitacion,Micro,1181058702,132,70,37
Lo Barnechea,2020-1,licitacion,Pequeña,4177385483,195,115,67
Lo Barnechea,2020-1,trato_directo,Grande,550922415,81,31,19
Lo Barnechea,2020-1,trato_directo,Mediana,404327026,23,21,17
Lo Barnechea,2020-1,trato_directo,Micro,272471627,29,21,19
Lo Barnechea,2020-1,trato_directo,NoClasificado,487348248,7,7,4
Lo Barnechea,2020-1,trato_directo,Pequeña,409494135,29,26,18
Lo Barnechea,2020-2,compra_agil,Grande,14204230,44,24,16
Lo Barnechea,2020-2,compra_agil,Mediana,19092267,31,25,15
Lo Barnechea,2020-2,compra_agil,Micro,62751859,109,95,66
Lo Barnechea,2020-2,compra_agil,NoClasificado,7178854,10,10,10
Lo Barnechea,2020-2,compra_agil,Pequeña,37464578,50,46,31
Lo Barnechea,2020-2,convenio_marco,Grande,289702358,164,85,33
Lo Barnechea,2020-2,convenio_marco,Mediana,105046847,242,84,37
Lo Barnechea,2020-2,convenio_marco,Micro,350117504,609,179,97
Lo Barnechea,2020-2,convenio_marco,NoClasificado,76036900,9,1,1
Lo Barnechea,2020-2,convenio_marco,Pequeña,397222534,480,117,58
Lo Barnechea,2020-2,licitacion,Grande,20404715982,244,142,42
Lo Barnechea,2020-2,licitacion,Mediana,1559085992,281,46,31
Lo Barnechea,2020-2,licitacion,Micro,1086771986,87,54,29
Lo Barnechea,2020-2,licitacion,NoClasificado,40036993,2,2,2
Lo Barnechea,2020-2,licitacion,Pequeña,5091842192,162,102,44
Lo Barnechea,2020-2,trato_directo,Grande,721805700,66,25,11
Lo Barnechea,2020-2,trato_directo,Mediana,376905061,9,6,6
Lo Barnechea,2020-2,trato_directo,Micro,10170273,6,5,5
Lo Barnechea,2020-2,trato_directo,NoClasificado,52890000,2,2,2
Lo Barnechea,2020-2,trato_directo,Pequeña,212055574,10,10,7
Lo Barnechea,2021-1,compra_agil,Grande,88153863,293,149,50
Lo Barnechea,2021-1,compra_agil,Mediana,15518408,43,24,19
Lo Barnechea,2021-1,compra_agil,Micro,110085561,247,154,96
Lo Barnechea,2021-1,compra_agil,NoClasificado,1560000,3,3,2
Lo Barnechea,2021-1,compra_agil,Pequeña,53580807,197,67,39
Lo Barnechea,2021-1,convenio_marco,Grande,441553894,205,84,40
Lo Barnechea,2021-1,convenio_marco,Mediana,308913650,64,33,19
Lo Barnechea,2021-1,convenio_marco,Micro,142545598,292,73,48
Lo Barnechea,2021-1,convenio_marco,Pequeña,61267855,49,26,23
Lo Barnechea,2021-1,licitacion,Grande,10692288145,150,109,51
Lo Barnechea,2021-1,licitacion,Mediana,2902961344,98,31,20
Lo Barnechea,2021-1,licitacion,Micro,3660229683,53,50,28
Lo Barnechea,2021-1,licitacion,Pequeña,1956601038,82,66,45
Lo Barnechea,2021-1,trato_directo,Grande,451550719,34,22,21
Lo Barnechea,2021-1,trato_directo,Mediana,255903346,11,11,9
Lo Barnechea,2021-1,trato_directo,Micro,136829711,21,8,8
Lo Barnechea,2021-1,trato_directo,Pequeña,240016107,7,6,6
Lo Barnechea,2021-2,compra_agil,Grande,27815276,92,52,31
Lo Barnechea,2021-2,compra_agil,Mediana,21071514,114,31,20
Lo Barnechea,2021-2,compra_agil,Micro,135844836,380,185,129
Lo Barnechea,2021-2,compra_agil,NoClasificado,26809159,73,34,31
Lo Barnechea,2021-2,compra_agil,Pequeña,50507247,149,87,57
Lo Barnechea,2021-2,convenio_marco,Grande,157317396,97,59,26
Lo Barnechea,2021-2,convenio_marco,Mediana,100131368,89,36,17
Lo Barnechea,2021-2,convenio_marco,Micro,170493207,263,91,64
Lo Barnechea,2021-2,convenio_marco,Pequeña,114185418,163,67,31
Lo Barnechea,2021-2,licitacion,Grande,17665712099,113,56,32
Lo Barnechea,2021-2,licitacion,Mediana,14194475157,209,42,26
Lo Barnechea,2021-2,licitacion,Micro,3575234699,62,50,34
Lo Barnechea,2021-2,licitacion,NoClasificado,5772113,1,1,1
Lo Barnechea,2021-2,licitacion,Pequeña,8386807620,112,66,43
Lo Barnechea,2021-2,trato_directo,Grande,2521386786,13,13,6
Lo Barnechea,2021-2,trato_directo,Mediana,435883096,30,6,5
Lo Barnechea,2021-2,trato_directo,Micro,335146073,21,11,10
Lo Barnechea,2021-2,trato_directo,NoClasificado,54500000,1,1,1
Lo Barnechea,2021-2,trato_directo,Pequeña,436406487,17,14,14
Lo Barnechea,2022-1,compra_agil,Grande,60810436,128,101,51
Lo Barnechea,2022-1,compra_agil,Mediana,29718498,64,46,30
Lo Barnechea,2022-1,compra_agil,Micro,69588005,141,96,80
Lo Barnechea,2022-1,compra_agil,NoClasificado,15301444,25,21,18
Lo Barnechea,2022-1,compra_agil,Pequeña,51827406,120,64,51
Lo Barnechea,2022-1,convenio_marco,Grande,299370153,131,56,23
Lo Barnechea,2022-1,convenio_marco,Mediana,34926731,73,13,9
Lo Barnechea,2022-1,convenio_marco,Micro,48745039,31,18,11
Lo Barnechea,2022-1,convenio_marco,Pequeña,21828337,12,8,6
Lo Barnechea,2022-1,licitacion,Grande,5956155584,410,213,54
Lo Barnechea,2022-1,licitacion,Mediana,2794335229,114,35,25
Lo Barnechea,2022-1,licitacion,Micro,1548348188,28,24,21
Lo Barnechea,2022-1,licitacion,NoClasificado,76011608,7,5,3
Lo Barnechea,2022-1,licitacion,Pequeña,2700362027,88,37,26
Lo Barnechea,2022-1,trato_directo,Grande,4318283340,26,18,14
Lo Barnechea,2022-1,trato_directo,Mediana,514143451,20,15,14
Lo Barnechea,2022-1,trato_directo,Micro,142484785,37,15,13
Lo Barnechea,2022-1,trato_directo,Pequeña,221274802,18,16,12
Lo Barnechea,2022-2,convenio_marco,Grande,415170201,172,89,20
Lo Barnechea,2022-2,convenio_marco,Mediana,87771967,75,15,8
Lo Barnechea,2022-2,convenio_marco,Micro,59515531,9,8,4
Lo Barnechea,2022-2,convenio_marco,NoClasificado,4095000,1,1,1
Lo Barnechea,2022-2,convenio_marco,Pequeña,22695607,42,8,4
Lo Barnechea,2022-2,licitacion,Grande,9010762823,149,123,50
Lo Barnechea,2022-2,licitacion,Mediana,3166842035,47,26,19
Lo Barnechea,2022-2,licitacion,Micro,222466156,21,17,15
Lo Barnechea,2022-2,licitacion,NoClasificado,380739706,6,5,4
Lo Barnechea,2022-2,licitacion,Pequeña,2106306941,70,50,32
Lo Barnechea,2022-2,trato_directo,Grande,294132994,19,18,15
Lo Barnechea,2022-2,trato_directo,Mediana,170181991,12,12,12
Lo Barnechea,2022-2,trato_directo,Micro,8936069,3,3,3
Lo Barnechea,2022-2,trato_directo,NoClasificado,10915000,3,3,3
Lo Barnechea,2022-2,trato_directo,Pequeña,850660484,15,15,14
Lo Barnechea,2023-1,compra_agil,Grande,79976636,236,169,76
Lo Barnechea,2023-1,compra_agil,Mediana,46604066,114,88,47
Lo Barnechea,2023-1,compra_agil,Micro,72929516,92,92,79
Lo Barnechea,2023-1,compra_agil,NoClasificado,67990450,92,90,60
Lo Barnechea,2023-1,compra_agil,Pequeña,78364542,161,125,79
Lo Barnechea,2023-1,convenio_marco,Grande,540834090,109,52,19
Lo Barnechea,2023-1,convenio_marco,Mediana,92174739,62,18,13
Lo Barnechea,2023-1,convenio_marco,Micro,27280350,33,5,3
Lo Barnechea,2023-1,convenio_marco,NoClasificado,14513820,5,5,3
Lo Barnechea,2023-1,convenio_marco,Pequeña,82441658,52,14,11
Lo Barnechea,2023-1,licitacion,Grande,10584871288,313,300,70
Lo Barnechea,2023-1,licitacion,Mediana,3049585959,79,75,43
Lo Barnechea,2023-1,licitacion,Micro,424163293,35,30,14
Lo Barnechea,2023-1,licitacion,NoClasificado,1179986737,23,20,9
Lo Barnechea,2023-1,licitacion,Pequeña,3013692686,119,111,41
Lo Barnechea,2023-1,trato_directo,Grande,338541776,26,25,21
Lo Barnechea,2023-1,trato_directo,Mediana,357514057,18,18,11
Lo Barnechea,2023-1,trato_directo,Micro,21192951,5,4,4
Lo Barnechea,2023-1,trato_directo,NoClasificado,98919372,7,7,7
Lo Barnechea,2023-1,trato_directo,Pequeña,147977543,15,14,14
Lo Barnechea,2023-2,compra_agil,Grande,109524886,236,203,89
Lo Barnechea,2023-2,compra_agil,Mediana,70884728,252,132,67
Lo Barnechea,2023-2,compra_agil,Micro,95750730,224,116,74
Lo Barnechea,2023-2,compra_agil,NoClasificado,26164393,32,32,22
Lo Barnechea,2023-2,compra_agil,Pequeña,160177593,353,243,155
Lo Barnechea,2023-2,convenio_marco,Grande,392668633,137,67,22
Lo Barnechea,2023-2,convenio_marco,Mediana,61638595,37,13,9
Lo Barnechea,2023-2,convenio_marco,Micro,10298990,22,4,3
Lo Barnechea,2023-2,convenio_marco,Pequeña,17862050,2,2,2
Lo Barnechea,2023-2,licitacion,Grande,40712916020,142,121,69
Lo Barnechea,2023-2,licitacion,Mediana,3342721717,52,43,32
Lo Barnechea,2023-2,licitacion,Micro,374439233,15,14,11
Lo Barnechea,2023-2,licitacion,NoClasificado,165553914,2,2,2
Lo Barnechea,2023-2,licitacion,Pequeña,3461209555,75,64,52
Lo Barnechea,2023-2,trato_directo,Grande,414329074,26,23,15
Lo Barnechea,2023-2,trato_directo,Mediana,65542875,78,13,7
Lo Barnechea,2023-2,trato_directo,Micro,17005679,8,5,4
Lo Barnechea,2023-2,trato_directo,Pequeña,89234294,18,17,15
Lo Barnechea,2024-1,compra_agil,Grande,103608518,298,159,80
Lo Barnechea,2024-1,compra_agil,Mediana,63950307,193,154,63
Lo Barnechea,2024-1,compra_agil,Micro,65329507,87,84,61
Lo Barnechea,2024-1,compra_agil,NoClasificado,22295514,40,39,26
Lo Barnechea,2024-1,compra_agil,Pequeña,110417910,220,174,113
Lo Barnechea,2024-1,convenio_marco,Grande,615894611,238,76,22
Lo Barnechea,2024-1,convenio_marco,Mediana,178762635,151,24,12
Lo Barnechea,2024-1,convenio_marco,Micro,18680925,7,6,5
Lo Barnechea,2024-1,convenio_marco,Pequeña,108677813,18,12,10
Lo Barnechea,2024-1,licitacion,Grande,20374902993,81,75,54
Lo Barnechea,2024-1,licitacion,Mediana,5104658896,30,30,23
Lo Barnechea,2024-1,licitacion,Micro,731897588,24,21,15
Lo Barnechea,2024-1,licitacion,NoClasificado,56693188,2,1,1
Lo Barnechea,2024-1,licitacion,Pequeña,5027595746,49,39,33
Lo Barnechea,2024-1,trato_directo,Grande,1054841881,17,17,15
Lo Barnechea,2024-1,trato_directo,Mediana,70547513,16,15,10
Lo Barnechea,2024-1,trato_directo,Micro,15718656,4,4,3
Lo Barnechea,2024-1,trato_directo,NoClasificado,9368324,4,4,3
Lo Barnechea,2024-1,trato_directo,Pequeña,234064716,28,28,25
Lo Barnechea,2024-2,compra_agil,1.0,86116726,224,112,69
Lo Barnechea,2024-2,compra_agil,2.0,105074325,1376,128,60
Lo Barnechea,2024-2,compra_agil,3.0,66869896,114,97,56
Lo Barnechea,2024-2,compra_agil,4.0,91245933,225,167,95
Lo Barnechea,2024-2,compra_agil,Micro,15243242,13,13,2
Lo Barnechea,2024-2,compra_agil,NoClasificado,46449646,65,64,51
Lo Barnechea,2024-2,convenio_marco,1.0,469658682,263,91,20
Lo Barnechea,2024-2,convenio_marco,2.0,171067887,256,29,13
Lo Barnechea,2024-2,convenio_marco,3.0,36110679,11,8,6
Lo Barnechea,2024-2,convenio_marco,4.0,45300017,34,11,9
Lo Barnechea,2024-2,convenio_marco,NoClasificado,20012498,13,7,5
Lo Barnechea,2024-2,licitacion,1.0,13100716906,87,85,53
Lo Barnechea,2024-2,licitacion,2.0,2354114564,36,26,21
Lo Barnechea,2024-2,licitacion,3.0,991145338,22,18,17
Lo Barnechea,2024-2,licitacion,4.0,2601218505,53,47,36
Lo Barnechea,2024-2,licitacion,NoClasificado,305320603,12,12,8
Lo Barnechea,2024-2,trato_directo,1.0,464999528,41,30,22
Lo Barnechea,2024-2,trato_directo,2.0,32083107,7,6,6
Lo Barnechea,2024-2,trato_directo,3.0,32071210,8,8,8
Lo Barnechea,2024-2,trato_directo,4.0,102978210,23,20,17
Lo Barnechea,2024-2,trato_directo,Micro,600000,1,1,1
Lo Barnechea,2024-2,trato_directo,NoClasificado,40421952,9,8,7
Lo Barnechea,2025-1,compra_agil,Grande,128274322,97,76,43
Lo Barnechea,2025-1,compra_agil,Mediana,144638105,593,134,62
Lo Barnechea,2025-1,compra_agil,Micro,82774522,78,61,53
Lo Barnechea,2025-1,compra_agil,NoClasificado,151322978,478,80,59
Lo Barnechea,2025-1,compra_agil,Pequeña,247149624,246,214,129
Lo Barnechea,2025-1,convenio_marco,Grande,247886953,220,53,14
Lo Barnechea,2025-1,convenio_marco,Mediana,112089494,16,9,6
Lo Barnechea,2025-1,convenio_marco,Micro,22204402,22,6,5
Lo Barnechea,2025-1,convenio_marco,NoClasificado,44553684,7,5,3
Lo Barnechea,2025-1,convenio_marco,Pequeña,189836860,12,8,6
Lo Barnechea,2025-1,licitacion,Grande,21914358857,54,49,33
Lo Barnechea,2025-1,licitacion,Mediana,24417682034,20,20,16
Lo Barnechea,2025-1,licitacion,Micro,757242921,6,5,5
Lo Barnechea,2025-1,licitacion,NoClasificado,2825253075,6,6,5
Lo Barnechea,2025-1,licitacion,Pequeña,1571446989,32,30,26
Lo Barnechea,2025-1,trato_directo,Grande,819542193,5,5,5
Lo Barnechea,2025-1,trato_directo,Mediana,17542541,2,2,2
Lo Barnechea,2025-1,trato_directo,Micro,4805607,2,2,2
Lo Barnechea,2025-1,trato_directo,NoClasificado,7394062,3,3,3
Lo Barnechea,2025-1,trato_directo,Pequeña,39792451,4,4,4
Lo Barnechea,2025-2,compra_agil,Grande,193284536,251,120,47
Lo Barnechea,2025-2,compra_agil,Mediana,255948559,1650,148,73
Lo Barnechea,2025-2,compra_agil,Micro,209654786,778,92,75
Lo Barnechea,2025-2,compra_agil,NoClasificado,199798987,738,129,92
Lo Barnechea,2025-2,compra_agil,Pequeña,562233021,6562,228,147
Lo Barnechea,2025-2,convenio_marco,Grande,266487347,311,80,18
Lo Barnechea,2025-2,convenio_marco,Mediana,45101230,59,10,6
Lo Barnechea,2025-2,convenio_marco,Micro,22033145,33,6,3
Lo Barnechea,2025-2,convenio_marco,NoClasificado,10795928,47,3,3
Lo Barnechea,2025-2,convenio_marco,Pequeña,5122376,32,1,1
Lo Barnechea,2025-2,licitacion,Grande,17657953413,89,85,48
Lo Barnechea,2025-2,licitacion,Mediana,4803241534,28,20,17
Lo Barnechea,2025-2,licitacion,Micro,97640532,6,6,6
Lo Barnechea,2025-2,licitacion,NoClasificado,819699450,8,7,7
Lo Barnechea,2025-2,licitacion,Pequeña,3406235092,37,35,30
Lo Barnechea,2025-2,trato_directo,Grande,572572165,19,19,18
Lo Barnechea,2025-2,trato_directo,Mediana,120327074,4,4,4
Lo Barnechea,2025-2,trato_directo,Micro,11254084,3,3,3
Lo Barnechea,2025-2,trato_directo,NoClasificado,30542776,7,7,7
Lo Barnechea,2025-2,trato_directo,Pequeña,35158040,9,9,9
Lo Espejo,2015-1,convenio_marco,Grande,69615584,104,38,19
Lo Espejo,2015-1,convenio_marco,Mediana,18746273,75,33,17
Lo Espejo,2015-1,convenio_marco,Micro,35600380,145,36,21
Lo Espejo,2015-1,convenio_marco,Pequeña,41235247,133,36,26
Lo Espejo,2015-1,licitacion,Grande,588574164,60,34,24
Lo Espejo,2015-1,licitacion,Mediana,457452853,198,48,19
Lo Espejo,2015-1,licitacion,Micro,345253412,280,185,122
Lo Espejo,2015-1,licitacion,NoClasificado,541722,7,5,2
Lo Espejo,2015-1,licitacion,Pequeña,1000679107,204,143,74
Lo Espejo,2015-1,trato_directo,Grande,8028207,7,7,4
Lo Espejo,2015-1,trato_directo,Mediana,834124,7,5,4
Lo Espejo,2015-1,trato_directo,Micro,38722975,32,24,20
Lo Espejo,2015-1,trato_directo,NoClasificado,3838657,7,7,2
Lo Espejo,2015-1,trato_directo,Pequeña,2580000,6,5,4
Lo Espejo,2015-2,convenio_marco,Grande,184490420,162,56,26
Lo Espejo,2015-2,convenio_marco,Mediana,208194376,535,95,33
Lo Espejo,2015-2,convenio_marco,Micro,104386132,189,107,46
Lo Espejo,2015-2,convenio_marco,Pequeña,199787872,212,109,42
Lo Espejo,2015-2,licitacion,Grande,72344433,60,32,17
Lo Espejo,2015-2,licitacion,Mediana,255732193,78,50,24
Lo Espejo,2015-2,licitacion,Micro,582695935,487,366,200
Lo Espejo,2015-2,licitacion,NoClasificado,6459476,18,18,3
Lo Espejo,2015-2,licitacion,Pequeña,1220757060,277,207,91
Lo Espejo,2015-2,trato_directo,Grande,9949889,8,8,4
Lo Espejo,2015-2,trato_directo,Mediana,47451967,57,18,11
Lo Espejo,2015-2,trato_directo,Micro,58113824,78,68,59
Lo Espejo,2015-2,trato_directo,Pequeña,7284264,26,19,15
Lo Espejo,2016-1,convenio_marco,Grande,71601016,313,49,22
Lo Espejo,2016-1,convenio_marco,Mediana,37680083,157,45,20
Lo Espejo,2016-1,convenio_marco,Micro,101724372,180,77,48
Lo Espejo,2016-1,convenio_marco,Pequeña,71314102,175,57,31
Lo Espejo,2016-1,licitacion,Grande,43677054,37,22,18
Lo Espejo,2016-1,licitacion,Mediana,260215421,112,36,24
Lo Espejo,2016-1,licitacion,Micro,928527262,271,184,135
Lo Espejo,2016-1,licitacion,NoClasificado,3560548,18,18,2
Lo Espejo,2016-1,licitacion,Pequeña,856078118,157,101,58
Lo Espejo,2016-1,trato_directo,Grande,35454895,9,9,5
Lo Espejo,2016-1,trato_directo,Mediana,20268300,51,8,7
Lo Espejo,2016-1,trato_directo,Micro,15875280,36,30,22
Lo Espejo,2016-1,trato_directo,Pequeña,12384995,18,17,9
Lo Espejo,2016-2,convenio_marco,Grande,107677101,120,65,27
Lo Espejo,2016-2,convenio_marco,Mediana,86794771,303,66,27
Lo Espejo,2016-2,convenio_marco,Micro,319908753,535,181,79
Lo Espejo,2016-2,convenio_marco,Pequeña,211702810,635,140,53
Lo Espejo,2016-2,licitacion,Grande,61375628,19,16,10
Lo Espejo,2016-2,licitacion,Mediana,122790092,138,39,18
Lo Espejo,2016-2,licitacion,Micro,1441099417,413,225,128
Lo Espejo,2016-2,licitacion,NoClasificado,6094654,16,16,2
Lo Espejo,2016-2,licitacion,Pequeña,232389010,129,118,63
Lo Espejo,2016-2,trato_directo,Grande,9150985,6,4,4
Lo Espejo,2016-2,trato_directo,Mediana,31828857,60,18,7
Lo Espejo,2016-2,trato_directo,Micro,46166440,142,86,44
Lo Espejo,2016-2,trato_directo,Pequeña,95319006,47,22,16
Lo Espejo,2017-1,convenio_marco,Grande,37830557,109,36,23
Lo Espejo,2017-1,convenio_marco,Mediana,25560082,313,45,16
Lo Espejo,2017-1,convenio_marco,Micro,100544490,318,93,51
Lo Espejo,2017-1,convenio_marco,Pequeña,69029005,284,93,42
Lo Espejo,2017-1,licitacion,Grande,23776896,29,19,16
Lo Espejo,2017-1,licitacion,Mediana,373185815,66,25,20
Lo Espejo,2017-1,licitacion,Micro,390362384,116,104,80
Lo Espejo,2017-1,licitacion,NoClasificado,1174864,9,9,2
Lo Espejo,2017-1,licitacion,Pequeña,146555478,74,71,44
Lo Espejo,2017-1,trato_directo,Grande,19250406,4,3,2
Lo Espejo,2017-1,trato_directo,Mediana,433490,3,3,2
Lo Espejo,2017-1,trato_directo,Micro,17760155,110,54,24
Lo Espejo,2017-1,trato_directo,Pequeña,18870504,12,12,9
Lo Espejo,2017-2,convenio_marco,Grande,55755854,132,67,26
Lo Espejo,2017-2,convenio_marco,Mediana,85527705,729,82,25
Lo Espejo,2017-2,convenio_marco,Micro,239047114,432,177,72
Lo Espejo,2017-2,convenio_marco,Pequeña,308658407,689,211,61
Lo Espejo,2017-2,licitacion,Grande,80217722,73,27,12
Lo Espejo,2017-2,licitacion,Mediana,572374170,124,30,14
Lo Espejo,2017-2,licitacion,Micro,584300883,155,143,88
Lo Espejo,2017-2,licitacion,NoClasificado,5846159,12,12,4
Lo Espejo,2017-2,licitacion,Pequeña,85742126,90,85,46
Lo Espejo,2017-2,trato_directo,Grande,19627915,6,5,4
Lo Espejo,2017-2,trato_directo,Mediana,9180563,19,15,6
Lo Espejo,2017-2,trato_directo,Micro,25891831,57,54,31
Lo Espejo,2017-2,trato_directo,Pequeña,17401094,26,14,10
Lo Espejo,2018-1,convenio_marco,Grande,77790524,337,85,24
Lo Espejo,2018-1,convenio_marco,Mediana,43695096,276,54,19
Lo Espejo,2018-1,convenio_marco,Micro,406286350,360,143,68
Lo Espejo,2018-1,convenio_marco,Pequeña,184164687,463,92,45
Lo Espejo,2018-1,licitacion,Grande,86878808,79,36,16
Lo Espejo,2018-1,licitacion,Mediana,1063166550,179,24,13
Lo Espejo,2018-1,licitacion,Micro,1004110789,113,111,87
Lo Espejo,2018-1,licitacion,NoClasificado,3213724,14,14,2
Lo Espejo,2018-1,licitacion,Pequeña,41774308,59,54,38
Lo Espejo,2018-1,trato_directo,Grande,15697050,5,5,2
Lo Espejo,2018-1,trato_directo,Mediana,811473,5,4,2
Lo Espejo,2018-1,trato_directo,Micro,87423304,50,41,28
Lo Espejo,2018-1,trato_directo,Pequeña,3846916,7,7,6
Lo Espejo,2018-2,convenio_marco,Grande,207583722,645,110,37
Lo Espejo,2018-2,convenio_marco,Mediana,71329962,308,57,24
Lo Espejo,2018-2,convenio_marco,Micro,531406971,970,207,87
Lo Espejo,2018-2,convenio_marco,Pequeña,233440500,959,131,54
Lo Espejo,2018-2,licitacion,Grande,123010635,127,49,14
Lo Espejo,2018-2,licitacion,Mediana,1500849794,330,32,14
Lo Espejo,2018-2,licitacion,Micro,370819283,189,161,103
Lo Espejo,2018-2,licitacion,NoClasificado,3887009,14,14,2
Lo Espejo,2018-2,licitacion,Pequeña,90215496,82,72,44
Lo Espejo,2018-2,trato_directo,Grande,12930076,9,6,5
Lo Espejo,2018-2,trato_directo,Mediana,17951529,40,16,10
Lo Espejo,2018-2,trato_directo,Micro,64607566,56,45,30
Lo Espejo,2018-2,trato_directo,Pequeña,22971920,53,30,17
Lo Espejo,2019-1,convenio_marco,Grande,121199653,333,104,30
Lo Espejo,2019-1,convenio_marco,Mediana,36848226,89,53,24
Lo Espejo,2019-1,convenio_marco,Micro,279834767,270,117,64
Lo Espejo,2019-1,convenio_marco,NoClasificado,60750,1,1,1
Lo Espejo,2019-1,convenio_marco,Pequeña,127342390,202,70,37
Lo Espejo,2019-1,licitacion,Grande,843930289,75,39,11
Lo Espejo,2019-1,licitacion,Mediana,426718453,192,51,14
Lo Espejo,2019-1,licitacion,Micro,763634936,161,122,80
Lo Espejo,2019-1,licitacion,NoClasificado,1756796,13,13,2
Lo Espejo,2019-1,licitacion,Pequeña,909337249,49,43,34
Lo Espejo,2019-1,trato_directo,Grande,5659676,7,7,7
Lo Espejo,2019-1,trato_directo,Mediana,31103293,58,8,7
Lo Espejo,2019-1,trato_directo,Micro,14433478,24,22,19
Lo Espejo,2019-1,trato_directo,Pequeña,19125673,18,12,11
Lo Espejo,2019-2,convenio_marco,Grande,255994874,329,126,38
Lo Espejo,2019-2,convenio_marco,Mediana,64164038,261,50,24
Lo Espejo,2019-2,convenio_marco,Micro,860540964,1021,217,94
Lo Espejo,2019-2,convenio_marco,Pequeña,400328938,726,120,56
Lo Espejo,2019-2,licitacion,Grande,59290515,91,40,14
Lo Espejo,2019-2,licitacion,Mediana,198626523,127,43,18
Lo Espejo,2019-2,licitacion,Micro,1818095003,166,152,102
Lo Espejo,2019-2,licitacion,NoClasificado,3367897,14,14,2
Lo Espejo,2019-2,licitacion,Pequeña,325407749,58,50,36
Lo Espejo,2019-2,trato_directo,Grande,8542116,7,6,5
Lo Espejo,2019-2,trato_directo,Mediana,40032653,108,12,6
Lo Espejo,2019-2,trato_directo,Micro,114734541,27,25,17
Lo Espejo,2019-2,trato_directo,Pequeña,8419762,27,13,10
Lo Espejo,2020-1,compra_agil,Micro,876160,2,2,2
Lo Espejo,2020-1,compra_agil,Pequeña,504202,1,1,1
Lo Espejo,2020-1,convenio_marco,Grande,106725719,66,36,19
Lo Espejo,2020-1,convenio_marco,Mediana,33051026,122,13,10
Lo Espejo,2020-1,convenio_marco,Micro,308028971,220,66,46
Lo Espejo,2020-1,convenio_marco,Pequeña,106793352,126,38,30
Lo Espejo,2020-1,licitacion,Grande,24172263,71,31,18
Lo Espejo,2020-1,licitacion,Mediana,79647696,100,32,11
Lo Espejo,2020-1,licitacion,Micro,2199616700,69,61,46
Lo Espejo,2020-1,licitacion,NoClasificado,910908,2,2,1
Lo Espejo,2020-1,licitacion,Pequeña,109591301,53,40,24
Lo Espejo,2020-1,trato_directo,Grande,14288412,6,6,5
Lo Espejo,2020-1,trato_directo,Mediana,11597189,6,6,5
Lo Espejo,2020-1,trato_directo,Micro,208802033,40,36,20
Lo Espejo,2020-1,trato_directo,NoClasificado,248888128,30,17,10
Lo Espejo,2020-1,trato_directo,Pequeña,138888199,35,26,16
Lo Espejo,2020-2,compra_agil,Grande,2946096,7,7,6
Lo Espejo,2020-2,compra_agil,Mediana,7003414,24,13,12
Lo Espejo,2020-2,compra_agil,Micro,22724397,53,52,35
Lo Espejo,2020-2,compra_agil,NoClasificado,10356028,24,24,15
Lo Espejo,2020-2,compra_agil,Pequeña,7198194,18,16,15
Lo Espejo,2020-2,convenio_marco,Grande,73907561,140,36,24
Lo Espejo,2020-2,convenio_marco,Mediana,25464016,42,11,9
Lo Espejo,2020-2,convenio_marco,Micro,279559951,257,79,52
Lo Espejo,2020-2,convenio_marco,Pequeña,102094775,78,31,22
Lo Espejo,2020-2,licitacion,Grande,22911346,71,27,12
Lo Espejo,2020-2,licitacion,Mediana,81610226,115,29,9
Lo Espejo,2020-2,licitacion,Micro,1711679821,82,65,40
Lo Espejo,2020-2,licitacion,NoClasificado,94793460,4,4,2
Lo Espejo,2020-2,licitacion,Pequeña,22375294,43,27,19
Lo Espejo,2020-2,trato_directo,Grande,13681219,10,7,5
Lo Espejo,2020-2,trato_directo,Mediana,20462541,10,5,4
Lo Espejo,2020-2,trato_directo,Micro,854420089,78,50,23
Lo Espejo,2020-2,trato_directo,NoClasificado,825507053,48,26,12
Lo Espejo,2020-2,trato_directo,Pequeña,175278343,42,23,15
Lo Espejo,2021-1,compra_agil,Grande,4079691,18,17,10
Lo Espejo,2021-1,compra_agil,Mediana,3363192,10,9,7
Lo Espejo,2021-1,compra_agil,Micro,39216590,76,76,63
Lo Espejo,2021-1,compra_agil,NoClasificado,1218249,3,3,2
Lo Espejo,2021-1,compra_agil,Pequeña,11767947,25,23,20
Lo Espejo,2021-1,convenio_marco,Grande,126474550,68,35,19
Lo Espejo,2021-1,convenio_marco,Mediana,139836073,66,25,16
Lo Espejo,2021-1,convenio_marco,Micro,270574696,88,36,18
Lo Espejo,2021-1,convenio_marco,Pequeña,31131982,39,19,9
Lo Espejo,2021-1,licitacion,Grande,57542383,85,34,18
Lo Espejo,2021-1,licitacion,Mediana,282717136,106,23,7
Lo Espejo,2021-1,licitacion,Micro,2636580202,89,82,55
Lo Espejo,2021-1,licitacion,NoClasificado,3145600,1,1,1
Lo Espejo,2021-1,licitacion,Pequeña,284939974,42,22,14
Lo Espejo,2021-1,trato_directo,Grande,90575498,16,9,8
Lo Espejo,2021-1,trato_directo,Mediana,13286971,11,3,3
Lo Espejo,2021-1,trato_directo,Micro,600188297,76,52,30
Lo Espejo,2021-1,trato_directo,NoClasificado,685000,1,1,1
Lo Espejo,2021-1,trato_directo,Pequeña,99512216,24,16,8
Lo Espejo,2021-2,compra_agil,Grande,4282433,14,14,9
Lo Espejo,2021-2,compra_agil,Mediana,2748304,9,7,6
Lo Espejo,2021-2,compra_agil,Micro,33907330,77,65,57
Lo Espejo,2021-2,compra_agil,NoClasificado,6830462,18,11,9
Lo Espejo,2021-2,compra_agil,Pequeña,11409322,37,27,21
Lo Espejo,2021-2,convenio_marco,Grande,87440571,47,27,15
Lo Espejo,2021-2,convenio_marco,Mediana,79849639,48,19,10
Lo Espejo,2021-2,convenio_marco,Micro,244087725,130,39,25
Lo Espejo,2021-2,convenio_marco,Pequeña,26657037,41,17,10
Lo Espejo,2021-2,licitacion,Grande,42341015,73,32,14
Lo Espejo,2021-2,licitacion,Mediana,107466037,74,21,6
Lo Espejo,2021-2,licitacion,Micro,255421602,106,67,45
Lo Espejo,2021-2,licitacion,NoClasificado,6485719,3,3,3
Lo Espejo,2021-2,licitacion,Pequeña,116025144,43,31,17
Lo Espejo,2021-2,trato_directo,Grande,14733042,8,6,3
Lo Espejo,2021-2,trato_directo,Mediana,7561960,6,2,2
Lo Espejo,2021-2,trato_directo,Micro,263784825,13,13,10
Lo Espejo,2021-2,trato_directo,NoClasificado,16739000,3,3,2
Lo Espejo,2021-2,trato_directo,Pequeña,46235143,8,8,6
Lo Espejo,2022-1,compra_agil,Grande,6082069,16,16,12
Lo Espejo,2022-1,compra_agil,Mediana,6513639,23,12,12
Lo Espejo,2022-1,compra_agil,Micro,43889023,94,67,59
Lo Espejo,2022-1,compra_agil,NoClasificado,10310558,23,23,18
Lo Espejo,2022-1,compra_agil,Pequeña,21958416,49,34,30
Lo Espejo,2022-1,convenio_marco,Grande,166115062,54,24,17
Lo Espejo,2022-1,convenio_marco,Mediana,47904227,27,10,4
Lo Espejo,2022-1,convenio_marco,Micro,4419905,3,3,3
Lo Espejo,2022-1,convenio_marco,NoClasificado,5827032,2,2,2
Lo Espejo,2022-1,convenio_marco,Pequeña,46096684,37,6,4
Lo Espejo,2022-1,licitacion,Grande,2483500108,175,55,24
Lo Espejo,2022-1,licitacion,Mediana,92351910,26,23,10
Lo Espejo,2022-1,licitacion,Micro,158806047,64,39,29
Lo Espejo,2022-1,licitacion,NoClasificado,18308590,5,5,4
Lo Espejo,2022-1,licitacion,Pequeña,158907080,31,22,21
Lo Espejo,2022-1,trato_directo,Grande,82129119,12,8,7
Lo Espejo,2022-1,trato_directo,Micro,6422249,5,5,4
Lo Espejo,2022-1,trato_directo,NoClasificado,2908116,2,2,2
Lo Espejo,2022-1,trato_directo,Pequeña,31636344,7,7,6
Lo Espejo,2022-2,convenio_marco,Grande,217434415,134,31,17
Lo Espejo,2022-2,convenio_marco,Mediana,95253224,28,10,8
Lo Espejo,2022-2,convenio_marco,Micro,16168744,13,2,2
Lo Espejo,2022-2,convenio_marco,NoClasificado,63964900,50,7,5
Lo Espejo,2022-2,convenio_marco,Pequeña,54911729,84,8,4
Lo Espejo,2022-2,licitacion,Grande,811366519,451,114,44
Lo Espejo,2022-2,licitacion,Mediana,1615912970,94,47,28
Lo Espejo,2022-2,licitacion,Micro,301839977,88,52,37
Lo Espejo,2022-2,licitacion,NoClasificado,68675250,13,13,12
Lo Espejo,2022-2,licitacion,Pequeña,557472104,290,39,30
Lo Espejo,2022-2,trato_directo,Grande,312056329,75,15,14
Lo Espejo,2022-2,trato_directo,Mediana,38117269,20,5,5
Lo Espejo,2022-2,trato_directo,Micro,301012151,22,19,15
Lo Espejo,2022-2,trato_directo,NoClasificado,548780693,26,17,12
Lo Espejo,2022-2,trato_directo,Pequeña,20350380,23,7,7
Lo Espejo,2023-1,compra_agil,Grande,8283632,20,20,14
Lo Espejo,2023-1,compra_agil,Mediana,6361212,15,15,11
Lo Espejo,2023-1,compra_agil,Micro,34878764,55,55,51
Lo Espejo,2023-1,compra_agil,NoClasificado,34361451,54,53,42
Lo Espejo,2023-1,compra_agil,Pequeña,22835023,42,42,37
Lo Espejo,2023-1,convenio_marco,Grande,321588427,93,34,19
Lo Espejo,2023-1,convenio_marco,Mediana,56382784,64,13,6
Lo Espejo,2023-1,convenio_marco,Micro,22503812,10,4,3
Lo Espejo,2023-1,convenio_marco,NoClasificado,64023552,60,6,1
Lo Espejo,2023-1,convenio_marco,Pequeña,30808422,13,5,5
Lo Espejo,2023-1,licitacion,Grande,1948215512,165,71,48
Lo Espejo,2023-1,licitacion,Mediana,421522896,59,35,30
Lo Espejo,2023-1,licitacion,Micro,1192285423,59,48,35
Lo Espejo,2023-1,licitacion,NoClasificado,271346732,58,43,33
Lo Espejo,2023-1,licitacion,Pequeña,835978186,88,49,41
Lo Espejo,2023-1,trato_directo,Grande,548079407,15,13,10
Lo Espejo,2023-1,trato_directo,Mediana,46525890,3,3,3
Lo Espejo,2023-1,trato_directo,Micro,107255656,13,12,8
Lo Espejo,2023-1,trato_directo,NoClasificado,24000000,1,1,1
Lo Espejo,2023-1,trato_directo,Pequeña,1894966,3,2,2
Lo Espejo,2023-2,compra_agil,Grande,12203030,37,37,24
Lo Espejo,2023-2,compra_agil,Mediana,15949950,37,37,28
Lo Espejo,2023-2,compra_agil,Micro,42093921,69,67,57
Lo Espejo,2023-2,compra_agil,NoClasificado,18043243,38,38,27
Lo Espejo,2023-2,compra_agil,Pequeña,76425561,146,146,100
Lo Espejo,2023-2,convenio_marco,Grande,142484077,50,19,6
Lo Espejo,2023-2,convenio_marco,Mediana,77903463,44,10,10
Lo Espejo,2023-2,convenio_marco,Micro,82895752,82,9,3
Lo Espejo,2023-2,convenio_marco,Pequeña,73444165,91,12,9
Lo Espejo,2023-2,licitacion,Grande,1881109978,264,76,45
Lo Espejo,2023-2,licitacion,Mediana,405484097,88,39,31
Lo Espejo,2023-2,licitacion,Micro,342997699,82,65,39
Lo Espejo,2023-2,licitacion,NoClasificado,146043964,17,15,14
Lo Espejo,2023-2,licitacion,Pequeña,2111129324,210,127,97
Lo Espejo,2023-2,trato_directo,Grande,8073997,19,9,8
Lo Espejo,2023-2,trato_directo,Mediana,9988354,4,4,4
Lo Espejo,2023-2,trato_directo,Micro,6015000,4,4,4
Lo Espejo,2023-2,trato_directo,Pequeña,397119891,31,16,15
Lo Espejo,2024-1,compra_agil,Grande,6670257,15,15,11
Lo Espejo,2024-1,compra_agil,Mediana,13802470,26,26,21
Lo Espejo,2024-1,compra_agil,Micro,18866150,33,33,31
Lo Espejo,2024-1,compra_agil,NoClasificado,15470046,27,27,22
Lo Espejo,2024-1,compra_agil,Pequeña,40852797,80,80,66
Lo Espejo,2024-1,convenio_marco,Grande,300110428,180,46,22
Lo Espejo,2024-1,convenio_marco,Mediana,63803573,55,14,11
Lo Espejo,2024-1,convenio_marco,Micro,120001040,114,7,3
Lo Espejo,2024-1,convenio_marco,Pequeña,41411204,101,11,7
Lo Espejo,2024-1,licitacion,Grande,930099485,181,55,40
Lo Espejo,2024-1,licitacion,Mediana,3238331958,42,31,26
Lo Espejo,2024-1,licitacion,Micro,100930968,33,32,18
Lo Espejo,2024-1,licitacion,NoClasificado,27049974,12,10,10
Lo Espejo,2024-1,licitacion,Pequeña,2946774104,113,91,69
Lo Espejo,2024-1,trato_directo,Grande,968350974,112,56,33
Lo Espejo,2024-1,trato_directo,Mediana,10867237,4,4,4
Lo Espejo,2024-1,trato_directo,Micro,7036944,5,5,4
Lo Espejo,2024-1,trato_directo,NoClasificado,3200000,1,1,1
Lo Espejo,2024-1,trato_directo,Pequeña,112889480,13,13,12
Lo Espejo,2024-2,compra_agil,1.0,3429693,15,15,14
Lo Espejo,2024-2,compra_agil,2.0,12625087,24,24,21
Lo Espejo,2024-2,compra_agil,3.0,32324629,51,51,44
Lo Espejo,2024-2,compra_agil,4.0,42802429,81,81,59
Lo Espejo,2024-2,compra_agil,NoClasificado,26077465,49,49,38
Lo Espejo,2024-2,convenio_marco,1.0,137349293,250,27,11
Lo Espejo,2024-2,convenio_marco,2.0,43365065,212,13,5
Lo Espejo,2024-2,convenio_marco,3.0,24908019,54,3,2
Lo Espejo,2024-2,convenio_marco,4.0,49824305,99,12,9
Lo Espejo,2024-2,licitacion,1.0,7565935937,60,41,31
Lo Espejo,2024-2,licitacion,2.0,927793927,61,28,23
Lo Espejo,2024-2,licitacion,3.0,473961936,59,40,26
Lo Espejo,2024-2,licitacion,4.0,7474659969,150,77,55
Lo Espejo,2024-2,licitacion,NoClasificado,147693640,23,14,13
Lo Espejo,2024-2,trato_directo,1.0,253321371,71,57,32
Lo Espejo,2024-2,trato_directo,2.0,11287223,3,3,3
Lo Espejo,2024-2,trato_directo,3.0,67889874,4,4,4
Lo Espejo,2024-2,trato_directo,4.0,26560749,6,5,4
Lo Espejo,2025-1,compra_agil,Grande,7734030,5,5,5
Lo Espejo,2025-1,compra_agil,Mediana,52716322,30,29,22
Lo Espejo,2025-1,compra_agil,Micro,60548261,47,47,39
Lo Espejo,2025-1,compra_agil,NoClasificado,80499297,47,46,38
Lo Espejo,2025-1,compra_agil,Pequeña,110210391,106,104,73
Lo Espejo,2025-1,convenio_marco,Grande,163845963,71,21,11
Lo Espejo,2025-1,convenio_marco,Mediana,91572018,41,12,8
Lo Espejo,2025-1,convenio_marco,Micro,2515000,2,1,1
Lo Espejo,2025-1,convenio_marco,NoClasificado,13975892,4,3,3
Lo Espejo,2025-1,convenio_marco,Pequeña,141926761,142,6,2
Lo Espejo,2025-1,licitacion,Grande,916856829,70,31,25
Lo Espejo,2025-1,licitacion,Mediana,362970569,9,6,6
Lo Espejo,2025-1,licitacion,Micro,158162643,19,18,10
Lo Espejo,2025-1,licitacion,NoClasificado,35218542,7,4,4
Lo Espejo,2025-1,licitacion,Pequeña,1888628374,22,19,16
Lo Espejo,2025-1,trato_directo,Grande,911904062,6,6,5
Lo Espejo,2025-1,trato_directo,Micro,20168067,3,3,2
Lo Espejo,2025-1,trato_directo,Pequeña,136231310,3,3,2
Lo Espejo,2025-2,compra_agil,Grande,8141095,3,3,3
Lo Espejo,2025-2,compra_agil,Mediana,79995408,53,53,40
Lo Espejo,2025-2,compra_agil,Micro,109535017,81,81,63
Lo Espejo,2025-2,compra_agil,NoClasificado,114647216,91,91,68
Lo Espejo,2025-2,compra_agil,Pequeña,177540345,122,122,89
Lo Espejo,2025-2,convenio_marco,Grande,59734113,22,13,7
Lo Espejo,2025-2,convenio_marco,Mediana,157793173,96,10,6
Lo Espejo,2025-2,convenio_marco,Micro,699379,6,1,1
Lo Espejo,2025-2,convenio_marco,NoClasificado,9958032,5,1,1
Lo Espejo,2025-2,convenio_marco,Pequeña,20620105,58,6,3
Lo Espejo,2025-2,licitacion,Grande,1257179979,47,19,17
Lo Espejo,2025-2,licitacion,Mediana,101394140,7,5,5
Lo Espejo,2025-2,licitacion,Micro,157741484,36,30,9
Lo Espejo,2025-2,licitacion,NoClasificado,385639659,11,10,8
Lo Espejo,2025-2,licitacion,Pequeña,541392618,40,23,16
Lo Espejo,2025-2,trato_directo,Grande,59548370,10,10,6
Lo Espejo,2025-2,trato_directo,Mediana,6743885,4,4,2
Lo Espejo,2025-2,trato_directo,Micro,139700000,5,5,5
Lo Espejo,2025-2,trato_directo,NoClasificado,240100000,7,7,7
Lo Espejo,2025-2,trato_directo,Pequeña,50237596,6,6,6
Lo Prado,2015-1,convenio_marco,Grande,83878072,546,191,32
Lo Prado,2015-1,convenio_marco,Mediana,180517050,204,105,28
Lo Prado,2015-1,convenio_marco,Micro,17955890,222,102,36
Lo Prado,2015-1,convenio_marco,Pequeña,31416912,101,64,34
Lo Prado,2015-1,licitacion,Grande,53323158,97,26,16
Lo Prado,2015-1,licitacion,Mediana,42773314,116,26,17
Lo Prado,2015-1,licitacion,Micro,795060111,390,92,53
Lo Prado,2015-1,licitacion,Pequeña,142247552,246,63,41
Lo Prado,2015-1,trato_directo,Grande,9364508,12,11,4
Lo Prado,2015-1,trato_directo,Mediana,493007,5,5,1
Lo Prado,2015-1,trato_directo,Micro,46862237,47,35,27
Lo Prado,2015-1,trato_directo,Pequeña,18286439,21,15,11
Lo Prado,2015-2,convenio_marco,Grande,92087619,542,216,32
Lo Prado,2015-2,convenio_marco,Mediana,174148965,235,122,27
Lo Prado,2015-2,convenio_marco,Micro,28992397,201,115,48
Lo Prado,2015-2,convenio_marco,NoClasificado,154560,1,1,1
Lo Prado,2015-2,convenio_marco,Pequeña,40184309,148,95,42
Lo Prado,2015-2,licitacion,Grande,12402672,24,12,9
Lo Prado,2015-2,licitacion,Mediana,507964419,114,33,21
Lo Prado,2015-2,licitacion,Micro,95236474,188,102,67
Lo Prado,2015-2,licitacion,Pequeña,110601034,210,64,40
Lo Prado,2015-2,trato_directo,Grande,13343355,20,20,9
Lo Prado,2015-2,trato_directo,Mediana,100579,1,1,1
Lo Prado,2015-2,trato_directo,Micro,56104030,39,32,22
Lo Prado,2015-2,trato_directo,Pequeña,11935682,20,7,4
Lo Prado,2016-1,convenio_marco,Grande,126073871,494,193,29
Lo Prado,2016-1,convenio_marco,Mediana,34269434,196,90,26
Lo Prado,2016-1,convenio_marco,Micro,33532424,158,94,45
Lo Prado,2016-1,convenio_marco,NoClasificado,382900,2,2,1
Lo Prado,2016-1,convenio_marco,Pequeña,27735712,114,81,42
Lo Prado,2016-1,licitacion,Grande,37500158,46,16,7
Lo Prado,2016-1,licitacion,Mediana,117420436,78,31,19
Lo Prado,2016-1,licitacion,Micro,196967386,191,84,57
Lo Prado,2016-1,licitacion,Pequeña,1044015027,213,45,29
Lo Prado,2016-1,trato_directo,Grande,19733263,25,21,8
Lo Prado,2016-1,trato_directo,Mediana,19822918,7,7,3
Lo Prado,2016-1,trato_directo,Micro,16343530,34,25,17
Lo Prado,2016-1,trato_directo,Pequeña,7105000,3,3,3
Lo Prado,2016-2,convenio_marco,Grande,58236857,628,232,31
Lo Prado,2016-2,convenio_marco,Mediana,13995173,180,92,21
Lo Prado,2016-2,convenio_marco,Micro,45403337,259,169,75
Lo Prado,2016-2,convenio_marco,Pequeña,34017659,204,118,57
Lo Prado,2016-2,licitacion,Grande,3563977,12,6,6
Lo Prado,2016-2,licitacion,Mediana,62828420,95,21,8
Lo Prado,2016-2,licitacion,Micro,101180261,184,94,51
Lo Prado,2016-2,licitacion,Pequeña,69314388,201,48,27
Lo Prado,2016-2,trato_directo,Grande,50898844,20,20,9
Lo Prado,2016-2,trato_directo,Mediana,23062631,6,6,3
Lo Prado,2016-2,trato_directo,Micro,33802338,36,23,17
Lo Prado,2016-2,trato_directo,Pequeña,144466931,5,4,3
Lo Prado,2017-1,convenio_marco,Grande,183558288,499,219,36
Lo Prado,2017-1,convenio_marco,Mediana,53417795,180,86,28
Lo Prado,2017-1,convenio_marco,Micro,217193497,298,201,75
Lo Prado,2017-1,convenio_marco,Pequeña,30285864,165,92,52
Lo Prado,2017-1,licitacion,Grande,7229770,23,17,8
Lo Prado,2017-1,licitacion,Mediana,229182727,49,14,7
Lo Prado,2017-1,licitacion,Micro,151924510,146,88,48
Lo Prado,2017-1,licitacion,Pequeña,1216522372,103,55,30
Lo Prado,2017-1,trato_directo,Grande,17143694,18,14,5
Lo Prado,2017-1,trato_directo,Mediana,17308111,6,6,4
Lo Prado,2017-1,trato_directo,Micro,29029070,34,29,17
Lo Prado,2017-1,trato_directo,Pequeña,172153197,8,7,6
Lo Prado,2017-2,convenio_marco,Grande,86401739,524,230,32
Lo Prado,2017-2,convenio_marco,Mediana,11089669,172,89,25
Lo Prado,2017-2,convenio_marco,Micro,60546676,346,232,73
Lo Prado,2017-2,convenio_marco,Pequeña,27167429,132,83,46
Lo Prado,2017-2,licitacion,Grande,4052224,22,11,7
Lo Prado,2017-2,licitacion,Mediana,60739089,41,14,10
Lo Prado,2017-2,licitacion,Micro,147185502,207,106,54
Lo Prado,2017-2,licitacion,Pequeña,270992059,267,60,33
Lo Prado,2017-2,trato_directo,Grande,7203870,19,13,10
Lo Prado,2017-2,trato_directo,Mediana,9302192,10,10,6
Lo Prado,2017-2,trato_directo,Micro,53406995,40,33,20
Lo Prado,2017-2,trato_directo,Pequeña,155867449,18,10,9
Lo Prado,2018-1,convenio_marco,Grande,145991561,427,174,33
Lo Prado,2018-1,convenio_marco,Mediana,31949449,165,76,22
Lo Prado,2018-1,convenio_marco,Micro,46145222,273,165,67
Lo Prado,2018-1,convenio_marco,Pequeña,21190293,135,78,47
Lo Prado,2018-1,licitacion,Grande,64294708,24,11,6
Lo Prado,2018-1,licitacion,Mediana,14810055,54,12,8
Lo Prado,2018-1,licitacion,Micro,310635821,205,74,44
Lo Prado,2018-1,licitacion,Pequeña,42504346,139,46,27
Lo Prado,2018-1,trato_directo,Grande,16623662,16,15,6
Lo Prado,2018-1,trato_directo,Mediana,4909832,6,5,4
Lo Prado,2018-1,trato_directo,Micro,19084030,23,17,14
Lo Prado,2018-1,trato_directo,Pequeña,9012363,7,6,5
Lo Prado,2018-2,convenio_marco,Grande,88870016,289,135,32
Lo Prado,2018-2,convenio_marco,Mediana,13849500,99,66,19
Lo Prado,2018-2,convenio_marco,Micro,77738272,266,152,63
Lo Prado,2018-2,convenio_marco,Pequeña,28917523,81,54,28
Lo Prado,2018-2,licitacion,Grande,39923855,10,9,6
Lo Prado,2018-2,licitacion,Mediana,2131049454,22,8,7
Lo Prado,2018-2,licitacion,Micro,367939580,178,93,62
Lo Prado,2018-2,licitacion,Pequeña,149665982,176,41,27
Lo Prado,2018-2,trato_directo,Grande,7218832,10,9,7
Lo Prado,2018-2,trato_directo,Mediana,18182612,17,5,2
Lo Prado,2018-2,trato_directo,Micro,38516648,15,14,12
Lo Prado,2018-2,trato_directo,Pequeña,8726252,6,5,5
Lo Prado,2019-1,convenio_marco,Grande,192695201,305,149,32
Lo Prado,2019-1,convenio_marco,Mediana,12401756,88,65,23
Lo Prado,2019-1,convenio_marco,Micro,87360042,257,151,56
Lo Prado,2019-1,convenio_marco,Pequeña,32691630,123,71,34
Lo Prado,2019-1,licitacion,Grande,8761256,12,10,6
Lo Prado,2019-1,licitacion,Mediana,2531932,52,8,6
Lo Prado,2019-1,licitacion,Micro,204698829,146,73,43
Lo Prado,2019-1,licitacion,Pequeña,49482734,70,24,19
Lo Prado,2019-1,trato_directo,Grande,32586578,45,17,10
Lo Prado,2019-1,trato_directo,Mediana,991447935,52,15,6
Lo Prado,2019-1,trato_directo,Micro,11596941,52,21,13
Lo Prado,2019-1,trato_directo,Pequeña,12582627,17,9,8
Lo Prado,2019-2,convenio_marco,Grande,103092571,272,151,35
Lo Prado,2019-2,convenio_marco,Mediana,5018977,70,44,18
Lo Prado,2019-2,convenio_marco,Micro,158896529,208,120,50
Lo Prado,2019-2,convenio_marco,Pequeña,29276418,140,82,36
Lo Prado,2019-2,licitacion,Grande,1230486793,64,27,9
Lo Prado,2019-2,licitacion,Mediana,603896479,86,28,13
Lo Prado,2019-2,licitacion,Micro,1246399163,381,103,45
Lo Prado,2019-2,licitacion,Pequeña,49862245,57,18,15
Lo Prado,2019-2,trato_directo,Grande,372405329,75,58,14
Lo Prado,2019-2,trato_directo,Mediana,380081718,51,22,5
Lo Prado,2019-2,trato_directo,Micro,23039805,111,25,16
Lo Prado,2019-2,trato_directo,Pequeña,72136271,11,11,11
Lo Prado,2020-1,compra_agil,Grande,373980,2,1,1
Lo Prado,2020-1,compra_agil,Mediana,1244000,2,2,2
Lo Prado,2020-1,compra_agil,Micro,3587804,13,4,4
Lo Prado,2020-1,compra_agil,NoClasificado,420000,1,1,1
Lo Prado,2020-1,compra_agil,Pequeña,2012000,3,3,3
Lo Prado,2020-1,convenio_marco,Grande,177846867,119,69,25
Lo Prado,2020-1,convenio_marco,Mediana,5818728,26,15,12
Lo Prado,2020-1,convenio_marco,Micro,85858759,156,70,33
Lo Prado,2020-1,convenio_marco,Pequeña,48232372,38,21,16
Lo Prado,2020-1,licitacion,Grande,414498488,25,13,6
Lo Prado,2020-1,licitacion,Mediana,22068924,23,15,8
Lo Prado,2020-1,licitacion,Micro,357510743,167,64,33
Lo Prado,2020-1,licitacion,Pequeña,62201400,38,17,13
Lo Prado,2020-1,trato_directo,Grande,353245190,62,42,13
Lo Prado,2020-1,trato_directo,Mediana,422700848,35,18,12
Lo Prado,2020-1,trato_directo,Micro,81679999,48,32,24
Lo Prado,2020-1,trato_directo,NoClasificado,105336040,31,8,6
Lo Prado,2020-1,trato_directo,Pequeña,44138508,19,14,10
Lo Prado,2020-2,compra_agil,Grande,1857396,106,6,4
Lo Prado,2020-2,compra_agil,Mediana,7626463,75,12,9
Lo Prado,2020-2,compra_agil,Micro,12010661,316,27,22
Lo Prado,2020-2,compra_agil,NoClasificado,3892486,5,5,5
Lo Prado,2020-2,compra_agil,Pequeña,3534848,82,14,12
Lo Prado,2020-2,convenio_marco,Grande,139092693,150,60,24
Lo Prado,2020-2,convenio_marco,Mediana,18998770,37,21,12
Lo Prado,2020-2,convenio_marco,Micro,80127718,139,102,42
Lo Prado,2020-2,convenio_marco,Pequeña,17683796,58,39,21
Lo Prado,2020-2,licitacion,Grande,1229986284,18,10,5
Lo Prado,2020-2,licitacion,Mediana,4595685417,19,15,6
Lo Prado,2020-2,licitacion,Micro,409993207,110,52,20
Lo Prado,2020-2,licitacion,Pequeña,138642649,8,6,5
Lo Prado,2020-2,trato_directo,Grande,443220956,57,42,10
Lo Prado,2020-2,trato_directo,Mediana,97826723,9,9,5
Lo Prado,2020-2,trato_directo,Micro,116916005,33,24,19
Lo Prado,2020-2,trato_directo,NoClasificado,75965750,16,5,4
Lo Prado,2020-2,trato_directo,Pequeña,108707495,32,17,10
Lo Prado,2021-1,compra_agil,Grande,13604784,110,20,9
Lo Prado,2021-1,compra_agil,Mediana,7180850,32,8,6
Lo Prado,2021-1,compra_agil,Micro,28736057,262,45,38
Lo Prado,2021-1,compra_agil,Pequeña,8937770,78,21,16
Lo Prado,2021-1,convenio_marco,Grande,356426179,80,47,21
Lo Prado,2021-1,convenio_marco,Mediana,27273747,9,7,7
Lo Prado,2021-1,convenio_marco,Micro,102596857,46,33,14
Lo Prado,2021-1,convenio_marco,Pequeña,9385661,16,8,8
Lo Prado,2021-1,licitacion,Grande,528468389,38,21,8
Lo Prado,2021-1,licitacion,Mediana,9147369,8,4,3
Lo Prado,2021-1,licitacion,Micro,774760236,70,32,11
Lo Prado,2021-1,licitacion,Pequeña,402146060,17,9,6
Lo Prado,2021-1,trato_directo,Grande,867719616,62,55,13
Lo Prado,2021-1,trato_directo,Mediana,40234850,5,5,4
Lo Prado,2021-1,trato_directo,Micro,67491202,18,15,11
Lo Prado,2021-1,trato_directo,Pequeña,13993094,12,5,5
Lo Prado,2021-2,compra_agil,Grande,14947152,204,37,13
Lo Prado,2021-2,compra_agil,Mediana,16635898,265,30,18
Lo Prado,2021-2,compra_agil,Micro,52516708,777,97,72
Lo Prado,2021-2,compra_agil,NoClasificado,9404781,152,22,14
Lo Prado,2021-2,compra_agil,Pequeña,15439422,136,23,16
Lo Prado,2021-2,convenio_marco,Grande,130021971,48,26,11
Lo Prado,2021-2,convenio_marco,Mediana,26668975,3,3,3
Lo Prado,2021-2,convenio_marco,Micro,101874721,20,13,13
Lo Prado,2021-2,convenio_marco,Pequeña,46464450,15,9,5
Lo Prado,2021-2,licitacion,Grande,222331480,19,10,7
Lo Prado,2021-2,licitacion,Mediana,223742473,23,13,7
Lo Prado,2021-2,licitacion,Micro,505139497,102,50,30
Lo Prado,2021-2,licitacion,NoClasificado,12847149,4,4,4
Lo Prado,2021-2,licitacion,Pequeña,3528749520,34,11,9
Lo Prado,2021-2,trato_directo,Grande,723274950,76,43,12
Lo Prado,2021-2,trato_directo,Mediana,20230680,5,5,5
Lo Prado,2021-2,trato_directo,Micro,102556110,30,28,19
Lo Prado,2021-2,trato_directo,NoClasificado,12400387,4,4,4
Lo Prado,2021-2,trato_directo,Pequeña,61308273,9,9,5
Lo Prado,2022-1,compra_agil,Grande,27341609,337,56,23
Lo Prado,2022-1,compra_agil,Mediana,12843866,92,19,13
Lo Prado,2022-1,compra_agil,Micro,41494512,485,58,46
Lo Prado,2022-1,compra_agil,NoClasificado,9828375,107,28,23
Lo Prado,2022-1,compra_agil,Pequeña,14660325,324,48,29
Lo Prado,2022-1,convenio_marco,Grande,267103910,56,33,13
Lo Prado,2022-1,convenio_marco,Mediana,138615460,10,10,5
Lo Prado,2022-1,convenio_marco,Micro,6646330,3,3,1
Lo Prado,2022-1,convenio_marco,Pequeña,3975072,3,2,1
Lo Prado,2022-1,licitacion,Grande,1020358448,31,18,9
Lo Prado,2022-1,licitacion,Mediana,1292939141,75,49,12
Lo Prado,2022-1,licitacion,Micro,84122965,47,27,17
Lo Prado,2022-1,licitacion,NoClasificado,38682318,41,8,7
Lo Prado,2022-1,licitacion,Pequeña,125625011,85,27,12
Lo Prado,2022-1,trato_directo,Grande,539693093,48,39,16
Lo Prado,2022-1,trato_directo,Mediana,1929432,2,2,2
Lo Prado,2022-1,trato_directo,Micro,62068159,19,16,8
Lo Prado,2022-1,trato_directo,NoClasificado,23459215,7,5,3
Lo Prado,2022-1,trato_directo,Pequeña,25607300,5,5,5
Lo Prado,2022-2,convenio_marco,Grande,183143099,53,34,11
Lo Prado,2022-2,convenio_marco,Mediana,101194096,10,10,3
Lo Prado,2022-2,convenio_marco,Micro,3695760,2,2,2
Lo Prado,2022-2,convenio_marco,Pequeña,3761636,5,3,1
Lo Prado,2022-2,licitacion,Grande,85129080,54,26,9
Lo Prado,2022-2,licitacion,Mediana,34095929,19,8,7
Lo Prado,2022-2,licitacion,Micro,47222326,23,17,7
Lo Prado,2022-2,licitacion,NoClasificado,25029111,20,16,4
Lo Prado,2022-2,licitacion,Pequeña,100709877,42,18,9
Lo Prado,2022-2,trato_directo,Grande,493694220,68,46,19
Lo Prado,2022-2,trato_directo,Mediana,46950132,10,7,6
Lo Prado,2022-2,trato_directo,Micro,15965601,21,17,12
Lo Prado,2022-2,trato_directo,NoClasificado,37575227,15,15,6
Lo Prado,2022-2,trato_directo,Pequeña,63019549,26,11,11
Lo Prado,2023-1,compra_agil,Grande,30615982,358,69,25
Lo Prado,2023-1,compra_agil,Mediana,17183347,612,33,19
Lo Prado,2023-1,compra_agil,Micro,32909945,661,74,49
Lo Prado,2023-1,compra_agil,NoClasificado,22326327,667,51,39
Lo Prado,2023-1,compra_agil,Pequeña,23866549,231,58,49
Lo Prado,2023-1,convenio_marco,Grande,307144821,55,38,11
Lo Prado,2023-1,convenio_marco,Mediana,126140158,15,15,6
Lo Prado,2023-1,convenio_marco,Pequeña,10766435,5,5,2
Lo Prado,2023-1,licitacion,Grande,5241799354,83,34,15
Lo Prado,2023-1,licitacion,Mediana,381528178,33,16,11
Lo Prado,2023-1,licitacion,Micro,194818308,24,10,9
Lo Prado,2023-1,licitacion,NoClasificado,109011280,25,19,5
Lo Prado,2023-1,licitacion,Pequeña,523648000,69,30,16
Lo Prado,2023-1,trato_directo,Grande,1071913662,54,47,17
Lo Prado,2023-1,trato_directo,Mediana,10963500,6,2,2
Lo Prado,2023-1,trato_directo,Micro,5087569,5,4,4
Lo Prado,2023-1,trato_directo,NoClasificado,17677701,6,6,3
Lo Prado,2023-1,trato_directo,Pequeña,45832166,8,8,7
Lo Prado,2023-2,compra_agil,Grande,24902774,318,63,23
Lo Prado,2023-2,compra_agil,Mediana,30545578,515,65,41
Lo Prado,2023-2,compra_agil,Micro,40339166,348,51,45
Lo Prado,2023-2,compra_agil,NoClasificado,10921135,363,18,15
Lo Prado,2023-2,compra_agil,Pequeña,52145314,1599,121,83
Lo Prado,2023-2,convenio_marco,Grande,213103808,58,32,10
Lo Prado,2023-2,convenio_marco,Mediana,93400182,14,12,6
Lo Prado,2023-2,convenio_marco,Pequeña,111402355,9,9,3
Lo Prado,2023-2,licitacion,Grande,218777508,34,20,10
Lo Prado,2023-2,licitacion,Mediana,1000394759,51,33,13
Lo Prado,2023-2,licitacion,Micro,189540909,47,37,10
Lo Prado,2023-2,licitacion,NoClasificado,1808000,7,1,1
Lo Prado,2023-2,licitacion,Pequeña,335374606,52,23,17
Lo Prado,2023-2,trato_directo,Grande,374580761,43,43,11
Lo Prado,2023-2,trato_directo,Mediana,21947575,3,3,2
Lo Prado,2023-2,trato_directo,Micro,28003697,9,8,5
Lo Prado,2023-2,trato_directo,Pequeña,110758349,12,11,9
Lo Prado,2024-1,compra_agil,Grande,42666202,329,75,33
Lo Prado,2024-1,compra_agil,Mediana,28526381,285,53,33
Lo Prado,2024-1,compra_agil,Micro,24138096,161,48,41
Lo Prado,2024-1,compra_agil,NoClasificado,15772154,205,34,25
Lo Prado,2024-1,compra_agil,Pequeña,84038847,1359,125,86
Lo Prado,2024-1,convenio_marco,Grande,475191766,76,41,15
Lo Prado,2024-1,convenio_marco,Mediana,83426654,19,14,7
Lo Prado,2024-1,convenio_marco,Pequeña,31927299,4,4,3
Lo Prado,2024-1,licitacion,Grande,829666252,78,49,18
Lo Prado,2024-1,licitacion,Mediana,1297544852,53,45,16
Lo Prado,2024-1,licitacion,Micro,177346031,43,28,11
Lo Prado,2024-1,licitacion,NoClasificado,98820323,9,5,4
Lo Prado,2024-1,licitacion,Pequeña,1331175974,70,30,18
Lo Prado,2024-1,trato_directo,Grande,367099643,41,40,18
Lo Prado,2024-1,trato_directo,Mediana,13485795,6,6,6
Lo Prado,2024-1,trato_directo,Micro,51629614,15,14,9
Lo Prado,2024-1,trato_directo,Pequeña,45101166,5,5,5
Lo Prado,2024-2,compra_agil,1.0,32276749,278,71,31
Lo Prado,2024-2,compra_agil,2.0,28124419,273,65,40
Lo Prado,2024-2,compra_agil,3.0,39004906,197,63,53
Lo Prado,2024-2,compra_agil,4.0,82994634,1369,150,101
Lo Prado,2024-2,compra_agil,NoClasificado,30342294,329,52,46
Lo Prado,2024-2,convenio_marco,1.0,458880822,120,54,19
Lo Prado,2024-2,convenio_marco,2.0,89404967,24,10,6
Lo Prado,2024-2,convenio_marco,3.0,1637900,2,1,1
Lo Prado,2024-2,convenio_marco,4.0,78154143,5,5,5
Lo Prado,2024-2,convenio_marco,NoClasificado,58605785,3,3,2
Lo Prado,2024-2,licitacion,1.0,1911544108,285,42,23
Lo Prado,2024-2,licitacion,2.0,1335691761,73,50,19
Lo Prado,2024-2,licitacion,3.0,138066747,44,31,5
Lo Prado,2024-2,licitacion,4.0,893949532,238,32,26
Lo Prado,2024-2,licitacion,NoClasificado,110891832,14,8,5
Lo Prado,2024-2,trato_directo,1.0,238982571,40,40,20
Lo Prado,2024-2,trato_directo,2.0,6607166,2,2,2
Lo Prado,2024-2,trato_directo,3.0,61980221,11,11,8
Lo Prado,2024-2,trato_directo,4.0,80865191,17,16,13
Lo Prado,2024-2,trato_directo,NoClasificado,215643391,8,8,6
Lo Prado,2025-1,compra_agil,Grande,1288895,7,4,3
Lo Prado,2025-1,compra_agil,Mediana,84132910,520,91,50
Lo Prado,2025-1,compra_agil,Micro,67479495,741,44,39
Lo Prado,2025-1,compra_agil,NoClasificado,69747964,272,58,43
Lo Prado,2025-1,compra_agil,Pequeña,186724581,1439,136,97
Lo Prado,2025-1,convenio_marco,Grande,164747569,41,31,12
Lo Prado,2025-1,convenio_marco,Mediana,82357489,13,10,6
Lo Prado,2025-1,convenio_marco,Micro,1437040,3,1,1
Lo Prado,2025-1,convenio_marco,NoClasificado,640000,1,1,1
Lo Prado,2025-1,convenio_marco,Pequeña,46965578,5,5,4
Lo Prado,2025-1,licitacion,Grande,2282192099,53,17,11
Lo Prado,2025-1,licitacion,Mediana,4919400285,24,15,13
Lo Prado,2025-1,licitacion,Micro,124295693,35,29,8
Lo Prado,2025-1,licitacion,NoClasificado,64225545,10,7,7
Lo Prado,2025-1,licitacion,Pequeña,975676526,81,19,12
Lo Prado,2025-1,trato_directo,Grande,413778590,52,49,16
Lo Prado,2025-1,trato_directo,Mediana,14294870,7,7,4
Lo Prado,2025-1,trato_directo,Micro,265273690,22,22,7
Lo Prado,2025-1,trato_directo,NoClasificado,14352278,4,4,4
Lo Prado,2025-1,trato_directo,Pequeña,10641628,5,5,3
Lo Prado,2025-2,compra_agil,Grande,2095327,15,4,4
Lo Prado,2025-2,compra_agil,Mediana,46828952,334,69,41
Lo Prado,2025-2,compra_agil,Micro,136510225,1187,64,57
Lo Prado,2025-2,compra_agil,NoClasificado,102843782,593,81,64
Lo Prado,2025-2,compra_agil,Pequeña,163434220,1736,169,114
Lo Prado,2025-2,convenio_marco,Grande,80259356,30,22,11
Lo Prado,2025-2,convenio_marco,Mediana,65052921,12,8,6
Lo Prado,2025-2,convenio_marco,Micro,30890155,3,3,3
Lo Prado,2025-2,convenio_marco,NoClasificado,66747624,7,7,3
Lo Prado,2025-2,convenio_marco,Pequeña,58062995,3,3,3
Lo Prado,2025-2,licitacion,Grande,1066049809,41,24,12
Lo Prado,2025-2,licitacion,Mediana,3440148469,16,9,7
Lo Prado,2025-2,licitacion,Micro,733098647,56,49,11
Lo Prado,2025-2,licitacion,NoClasificado,326785427,20,10,9
Lo Prado,2025-2,licitacion,Pequeña,711312888,10,7,6
Lo Prado,2025-2,trato_directo,Grande,242314701,46,46,14
Lo Prado,2025-2,trato_directo,Mediana,4103473,2,2,2
Lo Prado,2025-2,trato_directo,Micro,6530182,5,5,5
Lo Prado,2025-2,trato_directo,NoClasificado,26343800,2,2,2
Lo Prado,2025-2,trato_directo,Pequeña,17680000,3,3,3
Macul,2015-1,convenio_marco,Grande,69219946,399,103,23
Macul,2015-1,convenio_marco,Mediana,19133168,52,31,15
Macul,2015-1,convenio_marco,Micro,4247575,22,11,9
Macul,2015-1,convenio_marco,Pequeña,3602352,46,25,14
Macul,2015-1,licitacion,Grande,348865451,116,60,28
Macul,2015-1,licitacion,Mediana,438456843,100,58,23
Macul,2015-1,licitacion,Micro,292950345,367,190,99
Macul,2015-1,licitacion,NoClasificado,227300,1,1,1
Macul,2015-1,licitacion,Pequeña,47666750,447,114,61
Macul,2015-1,trato_directo,Grande,451694328,44,42,13
Macul,2015-1,trato_directo,Mediana,3342128,5,5,4
Macul,2015-1,trato_directo,Micro,54427109,52,44,26
Macul,2015-1,trato_directo,Pequeña,1250414,7,6,5
Macul,2015-2,convenio_marco,Grande,74603560,488,124,26
Macul,2015-2,convenio_marco,Mediana,34118822,56,42,16
Macul,2015-2,convenio_marco,Micro,38209581,111,52,26
Macul,2015-2,convenio_marco,Pequeña,18446750,129,59,24
Macul,2015-2,licitacion,Grande,332534684,104,55,19
Macul,2015-2,licitacion,Mediana,393137912,96,57,21
Macul,2015-2,licitacion,Micro,318911519,392,218,120
Macul,2015-2,licitacion,Pequeña,50277722,335,114,61
Macul,2015-2,trato_directo,Grande,481436955,49,49,10
Macul,2015-2,trato_directo,Mediana,61754728,5,5,5
Macul,2015-2,trato_directo,Micro,75946442,46,40,25
Macul,2015-2,trato_directo,Pequeña,101448284,13,13,11
Macul,2016-1,convenio_marco,Grande,75056779,900,197,21
Macul,2016-1,convenio_marco,Mediana,25364445,125,65,23
Macul,2016-1,convenio_marco,Micro,32587565,255,94,39
Macul,2016-1,convenio_marco,Pequeña,26258430,226,87,26
Macul,2016-1,licitacion,Grande,480434190,67,51,20
Macul,2016-1,licitacion,Mediana,438646391,61,48,14
Macul,2016-1,licitacion,Micro,365988384,320,204,87
Macul,2016-1,licitacion,Pequeña,60010203,133,60,40
Macul,2016-1,trato_directo,Grande,515688132,52,51,12
Macul,2016-1,trato_directo,Mediana,22078818,4,3,3
Macul,2016-1,trato_directo,Micro,111630914,38,38,28
Macul,2016-1,trato_directo,Pequeña,18711697,8,6,6
Macul,2016-2,convenio_marco,Grande,59284442,567,134,17
Macul,2016-2,convenio_marco,Mediana,35214103,110,55,18
Macul,2016-2,convenio_marco,Micro,33662534,201,127,36
Macul,2016-2,convenio_marco,Pequeña,25804974,179,76,26
Macul,2016-2,licitacion,Grande,458978780,49,47,15
Macul,2016-2,licitacion,Mediana,573295111,68,52,14
Macul,2016-2,licitacion,Micro,319063880,229,170,59
Macul,2016-2,licitacion,Pequeña,205662561,80,55,29
Macul,2016-2,trato_directo,Grande,626569128,62,57,18
Macul,2016-2,trato_directo,Mediana,58799668,5,5,4
Macul,2016-2,trato_directo,Micro,130103454,46,46,26
Macul,2016-2,trato_directo,NoClasificado,882353,1,1,1
Macul,2016-2,trato_directo,Pequeña,114970680,20,20,14
Macul,2017-1,convenio_marco,Grande,170441694,792,191,28
Macul,2017-1,convenio_marco,Mediana,30225155,129,86,21
Macul,2017-1,convenio_marco,Micro,112655425,296,157,65
Macul,2017-1,convenio_marco,Pequeña,37495898,293,118,37
Macul,2017-1,licitacion,Grande,231203682,57,30,16
Macul,2017-1,licitacion,Mediana,267423512,66,51,23
Macul,2017-1,licitacion,Micro,301075263,361,223,84
Macul,2017-1,licitacion,Pequeña,197860355,160,84,44
Macul,2017-1,trato_directo,Grande,519630313,44,43,13
Macul,2017-1,trato_directo,Mediana,545529924,2,2,2
Macul,2017-1,trato_directo,Micro,50039878,35,30,25
Macul,2017-1,trato_directo,Pequeña,19009454,14,12,7
Macul,2017-2,convenio_marco,Grande,106733655,904,191,30
Macul,2017-2,convenio_marco,Mediana,96103606,201,92,23
Macul,2017-2,convenio_marco,Micro,116622148,477,242,64
Macul,2017-2,convenio_marco,Pequeña,50995270,292,134,48
Macul,2017-2,licitacion,Grande,414271840,37,30,10
Macul,2017-2,licitacion,Mediana,69801938,39,32,10
Macul,2017-2,licitacion,Micro,132869945,241,150,65
Macul,2017-2,licitacion,Pequeña,190208599,76,61,32
Macul,2017-2,trato_directo,Grande,425359230,44,42,11
Macul,2017-2,trato_directo,Mediana,334925969,6,6,5
Macul,2017-2,trato_directo,Micro,26070442,46,21,17
Macul,2017-2,trato_directo,Pequeña,10536315,14,10,5
Macul,2018-1,convenio_marco,Grande,146184225,822,207,33
Macul,2018-1,convenio_marco,Mediana,149862024,243,110,24
Macul,2018-1,convenio_marco,Micro,191121339,676,316,98
Macul,2018-1,convenio_marco,Pequeña,109582362,340,127,51
Macul,2018-1,licitacion,Grande,407170770,54,43,18
Macul,2018-1,licitacion,Mediana,93389112,21,16,5
Macul,2018-1,licitacion,Micro,309826081,178,88,47
Macul,2018-1,licitacion,Pequeña,118209855,72,48,28
Macul,2018-1,trato_directo,Grande,319969713,35,34,13
Macul,2018-1,trato_directo,Mediana,143538562,7,7,4
Macul,2018-1,trato_directo,Micro,57957643,16,16,14
Macul,2018-1,trato_directo,Pequeña,13260132,9,7,5
Macul,2018-2,convenio_marco,Grande,74887603,348,131,30
Macul,2018-2,convenio_marco,Mediana,63541637,152,82,19
Macul,2018-2,convenio_marco,Micro,130414835,314,188,75
Macul,2018-2,convenio_marco,Pequeña,93310881,219,109,49
Macul,2018-2,licitacion,Grande,91682842,33,26,9
Macul,2018-2,licitacion,Mediana,76501195,19,19,9
Macul,2018-2,licitacion,Micro,593068621,131,97,43
Macul,2018-2,licitacion,Pequeña,339991854,48,37,21
Macul,2018-2,trato_directo,Grande,395403676,79,38,8
Macul,2018-2,trato_directo,Mediana,10419630,6,4,3
Macul,2018-2,trato_directo,Micro,15070268,11,9,8
Macul,2018-2,trato_directo,Pequeña,877287,2,2,2
Macul,2019-1,convenio_marco,Grande,69314396,347,129,30
Macul,2019-1,convenio_marco,Mediana,24708572,109,60,28
Macul,2019-1,convenio_marco,Micro,190935962,375,235,85
Macul,2019-1,convenio_marco,Pequeña,42864411,151,70,34
Macul,2019-1,licitacion,Grande,75219154,29,24,9
Macul,2019-1,licitacion,Mediana,428891162,36,33,10
Macul,2019-1,licitacion,Micro,728362309,113,103,49
Macul,2019-1,licitacion,Pequeña,456590303,64,63,29
Macul,2019-1,trato_directo,Grande,513914975,121,54,11
Macul,2019-1,trato_directo,Mediana,1144189,4,4,2
Macul,2019-1,trato_directo,Micro,26061000,13,13,9
Macul,2019-1,trato_directo,Pequeña,24625837,11,11,6
Macul,2019-2,convenio_marco,Grande,43524766,314,99,25
Macul,2019-2,convenio_marco,Mediana,30226548,125,47,16
Macul,2019-2,convenio_marco,Micro,156151329,322,180,70
Macul,2019-2,convenio_marco,Pequeña,54794712,197,91,39
Macul,2019-2,licitacion,Grande,111689998,33,28,9
Macul,2019-2,licitacion,Mediana,410495092,34,32,10
Macul,2019-2,licitacion,Micro,487665446,75,69,35
Macul,2019-2,licitacion,Pequeña,358392211,41,41,20
Macul,2019-2,trato_directo,Grande,414085420,229,56,11
Macul,2019-2,trato_directo,Mediana,14513227,11,6,3
Macul,2019-2,trato_directo,Micro,10621498,16,13,9
Macul,2019-2,trato_directo,Pequeña,23573494,14,14,7
Macul,2020-1,compra_agil,Micro,499090,5,3,3
Macul,2020-1,compra_agil,Pequeña,71428,1,1,1
Macul,2020-1,convenio_marco,Grande,66504260,186,53,24
Macul,2020-1,convenio_marco,Mediana,19904817,47,23,14
Macul,2020-1,convenio_marco,Micro,183361525,139,89,41
Macul,2020-1,convenio_marco,Pequeña,53169331,98,39,25
Macul,2020-1,licitacion,Grande,81620291,33,26,6
Macul,2020-1,licitacion,Mediana,227893670,33,33,10
Macul,2020-1,licitacion,Micro,532857864,55,55,32
Macul,2020-1,licitacion,Pequeña,358963482,33,33,14
Macul,2020-1,trato_directo,Grande,411482753,60,42,12
Macul,2020-1,trato_directo,Mediana,7557978,31,13,8
Macul,2020-1,trato_directo,Micro,306201201,55,49,22
Macul,2020-1,trato_directo,Pequeña,88788579,22,16,13
Macul,2020-2,compra_agil,Grande,4399374,74,15,9
Macul,2020-2,compra_agil,Mediana,2997293,32,9,8
Macul,2020-2,compra_agil,Micro,12210117,96,35,30
Macul,2020-2,compra_agil,NoClasificado,4776102,44,9,9
Macul,2020-2,compra_agil,Pequeña,6746777,44,11,11
Macul,2020-2,convenio_marco,Grande,128575151,139,46,14
Macul,2020-2,convenio_marco,Mediana,28686346,30,18,15
Macul,2020-2,convenio_marco,Micro,117629432,142,55,33
Macul,2020-2,convenio_marco,Pequeña,21638131,31,22,17
Macul,2020-2,licitacion,Grande,97086780,22,16,3
Macul,2020-2,licitacion,Mediana,143044870,25,25,6
Macul,2020-2,licitacion,Micro,499562129,52,34,9
Macul,2020-2,licitacion,Pequeña,244351690,24,18,9
Macul,2020-2,trato_directo,Grande,359396450,27,27,5
Macul,2020-2,trato_directo,Micro,269328626,24,16,14
Macul,2020-2,trato_directo,NoClasificado,105898000,6,6,5
Macul,2020-2,trato_directo,Pequeña,29170952,6,3,2
Macul,2021-1,compra_agil,Grande,16568277,128,40,22
Macul,2021-1,compra_agil,Mediana,5615180,34,15,7
Macul,2021-1,compra_agil,Micro,32970251,166,90,66
Macul,2021-1,compra_agil,NoClasificado,757208,2,2,1
Macul,2021-1,compra_agil,Pequeña,7742388,97,26,18
Macul,2021-1,convenio_marco,Grande,121410729,50,17,9
Macul,2021-1,convenio_marco,Mediana,2426600,4,3,3
Macul,2021-1,convenio_marco,Micro,154542177,120,36,16
Macul,2021-1,convenio_marco,Pequeña,13928900,7,4,3
Macul,2021-1,licitacion,Grande,556390393,38,34,9
Macul,2021-1,licitacion,Mediana,79094716,18,16,7
Macul,2021-1,licitacion,Micro,38683112,28,24,20
Macul,2021-1,licitacion,Pequeña,365011260,32,27,15
Macul,2021-1,trato_directo,Grande,530000791,40,39,12
Macul,2021-1,trato_directo,Mediana,3082947,1,1,1
Macul,2021-1,trato_directo,Micro,183071218,9,8,8
Macul,2021-1,trato_directo,Pequeña,47030925,8,8,7
Macul,2021-2,compra_agil,Grande,6192372,57,30,20
Macul,2021-2,compra_agil,Mediana,6567527,62,17,9
Macul,2021-2,compra_agil,Micro,30159032,254,80,60
Macul,2021-2,compra_agil,NoClasificado,6355401,35,21,21
Macul,2021-2,compra_agil,Pequeña,16933244,142,43,27
Macul,2021-2,convenio_marco,Grande,84464631,9,7,5
Macul,2021-2,convenio_marco,Mediana,8412596,2,2,2
Macul,2021-2,convenio_marco,Micro,96998180,62,16,12
Macul,2021-2,convenio_marco,Pequeña,10411376,10,6,5
Macul,2021-2,licitacion,Grande,410944264,35,23,10
Macul,2021-2,licitacion,Mediana,38456471,18,18,4
Macul,2021-2,licitacion,Micro,475265156,41,33,19
Macul,2021-2,licitacion,NoClasificado,12706804,5,5,3
Macul,2021-2,licitacion,Pequeña,307091349,26,23,13
Macul,2021-2,trato_directo,Grande,664534610,44,44,9
Macul,2021-2,trato_directo,Mediana,23230615,3,3,2
Macul,2021-2,trato_directo,Micro,37248986,5,5,4
Macul,2021-2,trato_directo,NoClasificado,40213000,2,2,2
Macul,2021-2,trato_directo,Pequeña,56931846,7,6,5
Macul,2022-1,compra_agil,Grande,21552163,141,61,31
Macul,2022-1,compra_agil,Mediana,17563532,133,36,27
Macul,2022-1,compra_agil,Micro,37668046,210,108,84
Macul,2022-1,compra_agil,NoClasificado,16831192,203,43,36
Macul,2022-1,compra_agil,Pequeña,44960577,380,59,39
Macul,2022-1,convenio_marco,Grande,48554180,32,11,6
Macul,2022-1,convenio_marco,Mediana,15500905,8,6,5
Macul,2022-1,convenio_marco,Micro,10306708,15,2,2
Macul,2022-1,convenio_marco,Pequeña,17773189,3,3,2
Macul,2022-1,licitacion,Grande,884779648,60,51,16
Macul,2022-1,licitacion,Mediana,36714775,12,12,6
Macul,2022-1,licitacion,Micro,275382598,37,36,16
Macul,2022-1,licitacion,NoClasificado,8373341,3,3,3
Macul,2022-1,licitacion,Pequeña,173190728,25,23,20
Macul,2022-1,trato_directo,Grande,665332619,47,40,11
Macul,2022-1,trato_directo,Mediana,6395847,2,2,2
Macul,2022-1,trato_directo,Micro,45027801,7,7,7
Macul,2022-1,trato_directo,NoClasificado,2400000,2,2,2
Macul,2022-1,trato_directo,Pequeña,75991619,6,6,6
Macul,2022-2,convenio_marco,Grande,51015359,26,14,8
Macul,2022-2,convenio_marco,Mediana,29481258,7,6,3
Macul,2022-2,convenio_marco,Pequeña,4842500,1,1,1
Macul,2022-2,licitacion,Grande,791773923,95,75,15
Macul,2022-2,licitacion,Mediana,82441766,14,14,7
Macul,2022-2,licitacion,Micro,342508113,29,20,11
Macul,2022-2,licitacion,NoClasificado,21959744,4,4,4
Macul,2022-2,licitacion,Pequeña,109193800,19,14,9
Macul,2022-2,trato_directo,Grande,631192693,41,40,11
Macul,2022-2,trato_directo,Micro,58730000,5,5,3
Macul,2022-2,trato_directo,Pequeña,42971123,3,3,3
Macul,2023-1,compra_agil,Grande,19732539,156,48,23
Macul,2023-1,compra_agil,Mediana,8501774,53,27,25
Macul,2023-1,compra_agil,Micro,38525343,214,77,63
Macul,2023-1,compra_agil,NoClasificado,30204611,232,85,49
Macul,2023-1,compra_agil,Pequeña,39529941,118,66,55
Macul,2023-1,convenio_marco,Grande,43890891,29,15,7
Macul,2023-1,convenio_marco,Mediana,27229950,3,3,3
Macul,2023-1,convenio_marco,Pequeña,5852910,6,4,3
Macul,2023-1,licitacion,Grande,590651121,106,82,26
Macul,2023-1,licitacion,Mediana,171511639,25,24,11
Macul,2023-1,licitacion,Micro,80311895,26,15,12
Macul,2023-1,licitacion,NoClasificado,28095243,6,5,5
Macul,2023-1,licitacion,Pequeña,594381683,56,36,19
Macul,2023-1,trato_directo,Grande,1351675015,48,47,10
Macul,2023-1,trato_directo,Mediana,2358000,1,1,1
Macul,2023-1,trato_directo,Micro,28236692,8,8,2
Macul,2023-1,trato_directo,NoClasificado,10533331,3,3,3
Macul,2023-1,trato_directo,Pequeña,19923925,5,5,5
Macul,2023-2,compra_agil,Grande,23448182,100,60,32
Macul,2023-2,compra_agil,Mediana,11920153,102,46,33
Macul,2023-2,compra_agil,Micro,27822225,153,70,43
Macul,2023-2,compra_agil,NoClasificado,14399934,57,31,24
Macul,2023-2,compra_agil,Pequeña,34520634,145,87,66
Macul,2023-2,convenio_marco,Grande,16011216,21,9,4
Macul,2023-2,convenio_marco,Mediana,6447935,3,2,2
Macul,2023-2,convenio_marco,Pequeña,48530945,7,6,2
Macul,2023-2,licitacion,Grande,741956951,108,90,19
Macul,2023-2,licitacion,Mediana,455259310,27,26,8
Macul,2023-2,licitacion,Micro,7039916,3,3,2
Macul,2023-2,licitacion,Pequeña,65039454,32,21,15
Macul,2023-2,trato_directo,Grande,619400314,38,38,7
Macul,2023-2,trato_directo,Mediana,2393919,3,2,1
Macul,2023-2,trato_directo,Micro,13388235,3,3,3
Macul,2023-2,trato_directo,Pequeña,5630000,2,2,2
Macul,2024-1,compra_agil,Grande,20856607,104,49,28
Macul,2024-1,compra_agil,Mediana,18333220,87,45,27
Macul,2024-1,compra_agil,Micro,34648882,103,64,56
Macul,2024-1,compra_agil,NoClasificado,16934230,50,34,29
Macul,2024-1,compra_agil,Pequeña,57869060,275,125,80
Macul,2024-1,convenio_marco,Grande,38055328,128,22,10
Macul,2024-1,convenio_marco,Mediana,28200931,15,8,5
Macul,2024-1,convenio_marco,Pequeña,46788250,6,5,3
Macul,2024-1,licitacion,Grande,1315579430,121,94,22
Macul,2024-1,licitacion,Mediana,229632108,22,22,10
Macul,2024-1,licitacion,Micro,24151000,10,4,4
Macul,2024-1,licitacion,NoClasificado,1200000,1,1,1
Macul,2024-1,licitacion,Pequeña,545714776,46,45,23
Macul,2024-1,trato_directo,Grande,843868605,50,42,9
Macul,2024-1,trato_directo,Mediana,53837204,2,2,2
Macul,2024-1,trato_directo,Micro,3500000,1,1,1
Macul,2024-1,trato_directo,Pequeña,28528620,5,5,3
Macul,2024-2,compra_agil,1.0,29643824,128,49,29
Macul,2024-2,compra_agil,2.0,23726551,74,52,42
Macul,2024-2,compra_agil,3.0,17944600,70,43,31
Macul,2024-2,compra_agil,4.0,38798729,148,85,61
Macul,2024-2,compra_agil,Micro,430000,1,1,1
Macul,2024-2,compra_agil,NoClasificado,23631252,82,40,30
Macul,2024-2,convenio_marco,1.0,66953954,84,17,9
Macul,2024-2,convenio_marco,2.0,10267510,7,4,4
Macul,2024-2,convenio_marco,3.0,3717270,4,1,1
Macul,2024-2,convenio_marco,4.0,43441700,5,5,2
Macul,2024-2,licitacion,1.0,2069669697,133,113,24
Macul,2024-2,licitacion,2.0,109546485,23,23,8
Macul,2024-2,licitacion,3.0,21715315,5,5,4
Macul,2024-2,licitacion,4.0,690949774,55,50,20
Macul,2024-2,licitacion,NoClasificado,2686900,1,1,1
Macul,2024-2,licitacion,Pequeña,490370278,10,10,1
Macul,2024-2,trato_directo,1.0,379948033,26,25,8
Macul,2024-2,trato_directo,3.0,10924335,2,2,2
Macul,2024-2,trato_directo,4.0,57865073,4,4,4
Macul,2025-1,compra_agil,Grande,2718486,7,7,6
Macul,2025-1,compra_agil,Mediana,56779810,105,52,36
Macul,2025-1,compra_agil,Micro,59323224,77,47,39
Macul,2025-1,compra_agil,NoClasificado,31769484,38,35,28
Macul,2025-1,compra_agil,Pequeña,117268123,226,114,81
Macul,2025-1,convenio_marco,Grande,21856164,54,9,5
Macul,2025-1,convenio_marco,Mediana,8438166,2,2,2
Macul,2025-1,convenio_marco,Pequeña,8801738,3,1,1
Macul,2025-1,licitacion,Grande,2244345046,120,92,19
Macul,2025-1,licitacion,Mediana,163665918,31,30,11
Macul,2025-1,licitacion,NoClasificado,501973467,16,15,3
Macul,2025-1,licitacion,Pequeña,262425793,30,30,11
Macul,2025-1,trato_directo,Grande,705140343,33,29,6
Macul,2025-1,trato_directo,Micro,4900000,1,1,1
Macul,2025-1,trato_directo,Pequeña,26019235,7,5,3
Macul,2025-2,compra_agil,Grande,580160,3,3,2
Macul,2025-2,compra_agil,Mediana,37247302,79,44,33
Macul,2025-2,compra_agil,Micro,27107120,28,28,26
Macul,2025-2,compra_agil,NoClasificado,38242312,109,50,37
Macul,2025-2,compra_agil,Pequeña,77455566,286,83,48
Macul,2025-2,convenio_marco,Grande,11786980,4,3,3
Macul,2025-2,convenio_marco,Mediana,6412000,12,2,2
Macul,2025-2,convenio_marco,NoClasificado,9371250,1,1,1
Macul,2025-2,convenio_marco,Pequeña,21413155,8,5,5
Macul,2025-2,licitacion,Grande,2734922531,115,87,17
Macul,2025-2,licitacion,Mediana,211349008,32,31,5
Macul,2025-2,licitacion,Micro,18700000,1,1,1
Macul,2025-2,licitacion,NoClasificado,454074432,9,9,2
Macul,2025-2,licitacion,Pequeña,238587414,43,33,7
Macul,2025-2,trato_directo,Grande,472277269,23,22,5
Macul,2025-2,trato_directo,Pequeña,11124155,2,2,1
Maipú,2015-1,convenio_marco,Grande,1480694267,689,148,50
Maipú,2015-1,convenio_marco,Mediana,182229365,317,105,35
Maipú,2015-1,convenio_marco,Micro,220181818,262,128,68
Maipú,2015-1,convenio_marco,Pequeña,231479845,204,109,54
Maipú,2015-1,licitacion,Grande,46706441,58,37,27
Maipú,2015-1,licitacion,Mediana,113166991,71,42,29
Maipú,2015-1,licitacion,Micro,440151305,493,241,149
Maipú,2015-1,licitacion,Pequeña,172558358,219,101,71
Maipú,2015-1,trato_directo,Grande,29138939,23,19,13
Maipú,2015-1,trato_directo,Mediana,16165250,7,7,7
Maipú,2015-1,trato_directo,Micro,8940633,21,12,11
Maipú,2015-1,trato_directo,Pequeña,6815636,9,8,8
Maipú,2015-2,convenio_marco,Grande,1728387541,1334,258,57
Maipú,2015-2,convenio_marco,Mediana,290743729,372,145,45
Maipú,2015-2,convenio_marco,Micro,575295579,610,276,114
Maipú,2015-2,convenio_marco,NoClasificado,1539000,2,2,1
Maipú,2015-2,convenio_marco,Pequeña,1094416273,428,192,91
Maipú,2015-2,licitacion,Grande,114443467,120,58,36
Maipú,2015-2,licitacion,Mediana,142041448,331,87,40
Maipú,2015-2,licitacion,Micro,507001538,654,303,182
Maipú,2015-2,licitacion,NoClasificado,287000,1,1,1
Maipú,2015-2,licitacion,Pequeña,246977660,338,171,105
Maipú,2015-2,trato_directo,Grande,67324182,19,16,9
Maipú,2015-2,trato_directo,Mediana,9786084,7,7,6
Maipú,2015-2,trato_directo,Micro,10989710,24,18,16
Maipú,2015-2,trato_directo,Pequeña,122131543,19,15,10
Maipú,2016-1,convenio_marco,Grande,1266041453,769,214,63
Maipú,2016-1,convenio_marco,Mediana,767723560,428,146,47
Maipú,2016-1,convenio_marco,Micro,906785247,505,279,125
Maipú,2016-1,convenio_marco,NoClasificado,1293500,2,2,1
Maipú,2016-1,convenio_marco,Pequeña,457941882,525,169,81
Maipú,2016-1,licitacion,Grande,218283558,111,46,32
Maipú,2016-1,licitacion,Mediana,159792414,200,74,39
Maipú,2016-1,licitacion,Micro,388582425,582,186,134
Maipú,2016-1,licitacion,Pequeña,399121476,451,163,95
Maipú,2016-1,trato_directo,Grande,45233526,91,15,13
Maipú,2016-1,trato_directo,Mediana,29287832,9,7,7
Maipú,2016-1,trato_directo,Micro,8262765,33,7,7
Maipú,2016-1,trato_directo,Pequeña,66249380,13,10,9
Maipú,2016-2,convenio_marco,Grande,2447371362,627,202,53
Maipú,2016-2,convenio_marco,Mediana,283862408,791,146,50
Maipú,2016-2,convenio_marco,Micro,912798608,733,312,140
Maipú,2016-2,convenio_marco,NoClasificado,2255040,1,1,1
Maipú,2016-2,convenio_marco,Pequeña,368492947,472,175,94
Maipú,2016-2,licitacion,Grande,172482127,143,63,32
Maipú,2016-2,licitacion,Mediana,68121522,205,56,24
Maipú,2016-2,licitacion,Micro,371248529,550,222,145
Maipú,2016-2,licitacion,Pequeña,256281852,378,119,85
Maipú,2016-2,trato_directo,Grande,155465268,199,33,27
Maipú,2016-2,trato_directo,Mediana,70199750,54,11,10
Maipú,2016-2,trato_directo,Micro,5876043,15,11,9
Maipú,2016-2,trato_directo,Pequeña,11819120,16,11,8
Maipú,2017-1,convenio_marco,Grande,942185011,918,257,57
Maipú,2017-1,convenio_marco,Mediana,153998385,420,165,39
Maipú,2017-1,convenio_marco,Micro,528380643,959,356,152
Maipú,2017-1,convenio_marco,Pequeña,296911560,460,233,101
Maipú,2017-1,licitacion,Grande,282817099,437,53,28
Maipú,2017-1,licitacion,Mediana,76975230,47,37,21
Maipú,2017-1,licitacion,Micro,240840507,233,144,103
Maipú,2017-1,licitacion,Pequeña,185441756,240,108,64
Maipú,2017-1,trato_directo,Grande,23056893,15,6,6
Maipú,2017-1,trato_directo,Mediana,11117007,14,6,5
Maipú,2017-1,trato_directo,Micro,5841976,6,4,4
Maipú,2017-1,trato_directo,Pequeña,4370426,21,8,7
Maipú,2017-2,convenio_marco,Grande,755265520,1088,348,68
Maipú,2017-2,convenio_marco,Mediana,246789453,582,218,45
Maipú,2017-2,convenio_marco,Micro,1032046480,1361,628,206
Maipú,2017-2,convenio_marco,Pequeña,586981628,571,327,115
Maipú,2017-2,licitacion,Grande,1231770667,140,68,36
Maipú,2017-2,licitacion,Mediana,1065567531,230,53,29
Maipú,2017-2,licitacion,Micro,5757088979,382,192,144
Maipú,2017-2,licitacion,Pequeña,450537753,320,155,89
Maipú,2017-2,trato_directo,Grande,221394664,9,9,8
Maipú,2017-2,trato_directo,Mediana,54634153,8,6,6
Maipú,2017-2,trato_directo,Micro,104272754,21,11,9
Maipú,2017-2,trato_directo,Pequeña,54466870,14,13,11
Maipú,2018-1,convenio_marco,Grande,1919671549,744,251,71
Maipú,2018-1,convenio_marco,Mediana,373796698,474,201,59
Maipú,2018-1,convenio_marco,Micro,984726196,953,430,167
Maipú,2018-1,convenio_marco,Pequeña,836038595,645,277,108
Maipú,2018-1,licitacion,Grande,1227122927,454,98,41
Maipú,2018-1,licitacion,Mediana,432609477,216,64,35
Maipú,2018-1,licitacion,Micro,634244650,340,187,134
Maipú,2018-1,licitacion,NoClasificado,173800,1,1,1
Maipú,2018-1,licitacion,Pequeña,835055320,265,128,76
Maipú,2018-1,trato_directo,Grande,32205899,16,9,6
Maipú,2018-1,trato_directo,Mediana,147564268,42,12,11
Maipú,2018-1,trato_directo,Micro,9540434,7,7,7
Maipú,2018-1,trato_directo,Pequeña,140057336,22,17,12
Maipú,2018-2,convenio_marco,Grande,1356522902,731,278,70
Maipú,2018-2,convenio_marco,Mediana,333578758,787,207,56
Maipú,2018-2,convenio_marco,Micro,1034666924,1317,477,182
Maipú,2018-2,convenio_marco,NoClasificado,291264,1,1,1
Maipú,2018-2,convenio_marco,Pequeña,698424729,778,344,118
Maipú,2018-2,licitacion,Grande,116623031,111,73,32
Maipú,2018-2,licitacion,Mediana,130118798,327,58,31
Maipú,2018-2,licitacion,Micro,499263251,770,261,147
Maipú,2018-2,licitacion,NoClasificado,2400000,1,1,1
Maipú,2018-2,licitacion,Pequeña,593613380,774,177,106
Maipú,2018-2,trato_directo,Grande,38966888,15,14,11
Maipú,2018-2,trato_directo,Mediana,50152692,11,9,6
Maipú,2018-2,trato_directo,Micro,72662428,25,24,17
Maipú,2018-2,trato_directo,Pequeña,256742573,35,31,18
Maipú,2019-1,convenio_marco,Grande,1330819610,658,230,51
Maipú,2019-1,convenio_marco,Mediana,272799396,376,140,41
Maipú,2019-1,convenio_marco,Micro,1448445298,824,415,166
Maipú,2019-1,convenio_marco,NoClasificado,404000,1,1,1
Maipú,2019-1,convenio_marco,Pequeña,821992635,570,320,91
Maipú,2019-1,licitacion,Grande,235537161,50,40,23
Maipú,2019-1,licitacion,Mediana,4044128909,134,37,29
Maipú,2019-1,licitacion,Micro,341932351,463,159,114
Maipú,2019-1,licitacion,Pequeña,413372211,251,101,63
Maipú,2019-1,trato_directo,Grande,122978257,18,18,15
Maipú,2019-1,trato_directo,Mediana,131865337,8,8,7
Maipú,2019-1,trato_directo,Micro,151794437,21,18,18
Maipú,2019-1,trato_directo,Pequeña,148266880,19,19,18
Maipú,2019-2,convenio_marco,Grande,1842164722,505,191,57
Maipú,2019-2,convenio_marco,Mediana,431284538,490,143,50
Maipú,2019-2,convenio_marco,Micro,952511220,731,344,154
Maipú,2019-2,convenio_marco,NoClasificado,2800000,1,1,1
Maipú,2019-2,convenio_marco,Pequeña,737288442,550,267,101
Maipú,2019-2,licitacion,Grande,3585794101,73,52,32
Maipú,2019-2,licitacion,Mediana,116659301,356,64,32
Maipú,2019-2,licitacion,Micro,382042394,1000,205,133
Maipú,2019-2,licitacion,Pequeña,251602104,517,133,80
Maipú,2019-2,trato_directo,Grande,23680860,9,9,8
Maipú,2019-2,trato_directo,Mediana,15003502,8,7,7
Maipú,2019-2,trato_directo,Micro,173996949,34,30,24
Maipú,2019-2,trato_directo,NoClasificado,1965000,1,1,1
Maipú,2019-2,trato_directo,Pequeña,28930538,11,10,10
Maipú,2020-1,compra_agil,Grande,1128900,8,2,2
Maipú,2020-1,compra_agil,Mediana,6876560,33,7,4
Maipú,2020-1,compra_agil,Micro,4947923,16,7,7
Maipú,2020-1,compra_agil,NoClasificado,2611640,5,3,3
Maipú,2020-1,compra_agil,Pequeña,5981005,27,14,10
Maipú,2020-1,convenio_marco,Grande,1717306756,199,98,37
Maipú,2020-1,convenio_marco,Mediana,214740215,297,72,34
Maipú,2020-1,convenio_marco,Micro,1279339546,506,216,114
Maipú,2020-1,convenio_marco,Pequeña,806708889,473,195,84
Maipú,2020-1,licitacion,Grande,165239757,76,48,25
Maipú,2020-1,licitacion,Mediana,50884707,43,26,16
Maipú,2020-1,licitacion,Micro,905396494,289,102,83
Maipú,2020-1,licitacion,NoClasificado,13810529,6,6,6
Maipú,2020-1,licitacion,Pequeña,225388598,301,82,59
Maipú,2020-1,trato_directo,Grande,94603330,17,11,11
Maipú,2020-1,trato_directo,Mediana,116652883,30,18,14
Maipú,2020-1,trato_directo,Micro,284865741,61,48,38
Maipú,2020-1,trato_directo,NoClasificado,62101033,8,7,7
Maipú,2020-1,trato_directo,Pequeña,1071972555,34,30,21
Maipú,2020-2,compra_agil,Grande,11148109,196,17,11
Maipú,2020-2,compra_agil,Mediana,9349737,71,10,9
Maipú,2020-2,compra_agil,Micro,42039246,273,67,51
Maipú,2020-2,compra_agil,NoClasificado,6866391,26,12,10
Maipú,2020-2,compra_agil,Pequeña,15738723,58,35,32
Maipú,2020-2,convenio_marco,Grande,280569404,269,84,33
Maipú,2020-2,convenio_marco,Mediana,163261799,112,60,29
Maipú,2020-2,convenio_marco,Micro,1314755119,272,161,90
Maipú,2020-2,convenio_marco,Pequeña,398836785,286,130,64
Maipú,2020-2,licitacion,Grande,316141236,169,68,24
Maipú,2020-2,licitacion,Mediana,104497184,40,25,14
Maipú,2020-2,licitacion,Micro,360692953,95,44,40
Maipú,2020-2,licitacion,NoClasificado,33341348,6,6,6
Maipú,2020-2,licitacion,Pequeña,185039943,173,54,32
Maipú,2020-2,trato_directo,Grande,61916733,13,9,9
Maipú,2020-2,trato_directo,Mediana,67216986,14,11,10
Maipú,2020-2,trato_directo,Micro,83885127,25,16,12
Maipú,2020-2,trato_directo,NoClasificado,59991446,10,8,6
Maipú,2020-2,trato_directo,Pequeña,46021829,12,7,7
Maipú,2021-1,compra_agil,Grande,15753217,82,25,18
Maipú,2021-1,compra_agil,Mediana,8067866,69,11,8
Maipú,2021-1,compra_agil,Micro,48087535,362,76,64
Maipú,2021-1,compra_agil,NoClasificado,878000,3,1,1
Maipú,2021-1,compra_agil,Pequeña,24640440,445,29,28
Maipú,2021-1,convenio_marco,Grande,201561034,103,62,31
Maipú,2021-1,convenio_marco,Mediana,64146496,30,17,14
Maipú,2021-1,convenio_marco,Micro,271702734,122,56,44
Maipú,2021-1,convenio_marco,NoClasificado,9356656,4,4,1
Maipú,2021-1,convenio_marco,Pequeña,310743047,86,61,33
Maipú,2021-1,licitacion,Grande,205731750,53,42,28
Maipú,2021-1,licitacion,Mediana,657896386,63,17,16
Maipú,2021-1,licitacion,Micro,358721351,268,60,50
Maipú,2021-1,licitacion,NoClasificado,3432000,2,1,1
Maipú,2021-1,licitacion,Pequeña,531876815,219,36,28
Maipú,2021-1,trato_directo,Grande,89248794,9,9,9
Maipú,2021-1,trato_directo,Mediana,9123544,3,2,2
Maipú,2021-1,trato_directo,Micro,112598585,13,13,13
Maipú,2021-1,trato_directo,Pequeña,37367376,7,7,6
Maipú,2021-2,compra_agil,Grande,7747329,107,21,10
Maipú,2021-2,compra_agil,Mediana,7626136,35,15,11
Maipú,2021-2,compra_agil,Micro,39190451,392,71,61
Maipú,2021-2,compra_agil,NoClasificado,4042848,14,11,10
Maipú,2021-2,compra_agil,Pequeña,17104842,125,36,28
Maipú,2021-2,convenio_marco,Grande,875001741,65,49,20
Maipú,2021-2,convenio_marco,Mediana,209493170,58,21,12
Maipú,2021-2,convenio_marco,Micro,662430786,82,49,32
Maipú,2021-2,convenio_marco,Pequeña,82038863,61,35,19
Maipú,2021-2,licitacion,Grande,96749769,74,39,23
Maipú,2021-2,licitacion,Mediana,35720741,36,20,10
Maipú,2021-2,licitacion,Micro,425659743,445,77,65
Maipú,2021-2,licitacion,NoClasificado,34825849,25,14,13
Maipú,2021-2,licitacion,Pequeña,305852468,718,48,31
Maipú,2021-2,trato_directo,Grande,56192695,7,5,5
Maipú,2021-2,trato_directo,Mediana,15680000,3,2,2
Maipú,2021-2,trato_directo,Micro,123869487,7,7,7
Maipú,2021-2,trato_directo,NoClasificado,5798319,1,1,1
Maipú,2021-2,trato_directo,Pequeña,78353059,8,8,7
Maipú,2022-1,compra_agil,Grande,20143780,53,32,21
Maipú,2022-1,compra_agil,Mediana,5862318,115,8,8
Maipú,2022-1,compra_agil,Micro,28279489,76,49,42
Maipú,2022-1,compra_agil,NoClasificado,14667834,81,19,14
Maipú,2022-1,compra_agil,Pequeña,20552522,103,45,35
Maipú,2022-1,convenio_marco,Grande,636700389,54,40,14
Maipú,2022-1,convenio_marco,Mediana,7873895,5,4,4
Maipú,2022-1,convenio_marco,Micro,54693817,6,4,4
Maipú,2022-1,convenio_marco,NoClasificado,3580574,2,2,2
Maipú,2022-1,convenio_marco,Pequeña,36705771,7,6,6
Maipú,2022-1,licitacion,Grande,307480741,81,41,31
Maipú,2022-1,licitacion,Mediana,3231790211,142,23,20
Maipú,2022-1,licitacion,Micro,347590216,173,45,39
Maipú,2022-1,licitacion,NoClasificado,41165403,66,15,11
Maipú,2022-1,licitacion,Pequeña,2868149504,122,43,36
Maipú,2022-1,trato_directo,Grande,1951861384,17,17,13
Maipú,2022-1,trato_directo,Mediana,108881012,7,7,6
Maipú,2022-1,trato_directo,Micro,103859303,8,8,8
Maipú,2022-1,trato_directo,NoClasificado,22409160,2,2,2
Maipú,2022-1,trato_directo,Pequeña,159273833,13,13,12
Maipú,2022-2,convenio_marco,Grande,523382565,106,48,24
Maipú,2022-2,convenio_marco,Mediana,7038255,3,2,2
Maipú,2022-2,convenio_marco,Pequeña,12358351,4,4,4
Maipú,2022-2,licitacion,Grande,876012348,176,73,53
Maipú,2022-2,licitacion,Mediana,2801271414,105,48,41
Maipú,2022-2,licitacion,Micro,290288942,174,53,42
Maipú,2022-2,licitacion,NoClasificado,152837200,86,40,33
Maipú,2022-2,licitacion,Pequeña,698713192,340,78,60
Maipú,2022-2,trato_directo,Grande,72351734,7,7,6
Maipú,2022-2,trato_directo,Mediana,86831197,9,9,8
Maipú,2022-2,trato_directo,Micro,114383936,10,10,10
Maipú,2022-2,trato_directo,NoClasificado,32926031,15,13,13
Maipú,2022-2,trato_directo,Pequeña,107623118,12,12,12
Maipú,2023-1,compra_agil,Grande,28306918,97,39,27
Maipú,2023-1,compra_agil,Mediana,17986312,56,27,24
Maipú,2023-1,compra_agil,Micro,35078243,136,62,51
Maipú,2023-1,compra_agil,NoClasificado,34976369,121,58,46
Maipú,2023-1,compra_agil,Pequeña,43067037,98,65,55
Maipú,2023-1,convenio_marco,Grande,588406106,64,30,13
Maipú,2023-1,convenio_marco,Mediana,16434675,10,5,4
Maipú,2023-1,convenio_marco,Micro,5219340,1,1,1
Maipú,2023-1,convenio_marco,Pequeña,43605126,6,6,5
Maipú,2023-1,licitacion,Grande,475652238,149,86,58
Maipú,2023-1,licitacion,Mediana,1831086237,276,44,36
Maipú,2023-1,licitacion,Micro,514764085,152,53,38
Maipú,2023-1,licitacion,NoClasificado,455890801,160,52,49
Maipú,2023-1,licitacion,Pequeña,487190826,340,104,75
Maipú,2023-1,trato_directo,Grande,1002294772,36,35,29
Maipú,2023-1,trato_directo,Mediana,388332861,8,8,7
Maipú,2023-1,trato_directo,Micro,39016746,15,14,13
Maipú,2023-1,trato_directo,NoClasificado,6943120,15,15,15
Maipú,2023-1,trato_directo,Pequeña,1115147898,9,9,9
Maipú,2023-2,compra_agil,Grande,28988490,71,41,29
Maipú,2023-2,compra_agil,Mediana,28389634,93,53,37
Maipú,2023-2,compra_agil,Micro,38997527,132,62,56
Maipú,2023-2,compra_agil,NoClasificado,18566626,77,31,27
Maipú,2023-2,compra_agil,Pequeña,92488755,314,154,117
Maipú,2023-2,convenio_marco,Grande,927032137,199,61,18
Maipú,2023-2,convenio_marco,Mediana,53525681,21,6,6
Maipú,2023-2,convenio_marco,Micro,6319162,2,2,2
Maipú,2023-2,convenio_marco,Pequeña,20514890,5,5,3
Maipú,2023-2,licitacion,Grande,15118810208,321,143,86
Maipú,2023-2,licitacion,Mediana,1348797121,341,106,77
Maipú,2023-2,licitacion,Micro,425955617,81,56,48
Maipú,2023-2,licitacion,NoClasificado,40921886,39,16,13
Maipú,2023-2,licitacion,Pequeña,2930569739,610,191,156
Maipú,2023-2,trato_directo,Grande,684935728,16,16,14
Maipú,2023-2,trato_directo,Mediana,1709836312,8,8,8
Maipú,2023-2,trato_directo,Micro,48051819,23,23,21
Maipú,2023-2,trato_directo,NoClasificado,9916500,24,24,24
Maipú,2023-2,trato_directo,Pequeña,427349698,24,24,22
Maipú,2024-1,compra_agil,Grande,21917681,56,34,27
Maipú,2024-1,compra_agil,Mediana,16111650,56,27,25
Maipú,2024-1,compra_agil,Micro,24493049,114,40,37
Maipú,2024-1,compra_agil,NoClasificado,21170595,143,23,20
Maipú,2024-1,compra_agil,Pequeña,50200204,394,80,66
Maipú,2024-1,convenio_marco,Grande,1023404312,151,63,17
Maipú,2024-1,convenio_marco,Mediana,144664464,13,6,5
Maipú,2024-1,convenio_marco,Pequeña,51791609,4,4,4
Maipú,2024-1,licitacion,Grande,58728372552,368,133,88
Maipú,2024-1,licitacion,Mediana,20138105814,285,110,79
Maipú,2024-1,licitacion,Micro,864187586,77,51,44
Maipú,2024-1,licitacion,NoClasificado,319591646,36,27,24
Maipú,2024-1,licitacion,Pequeña,7016154731,522,169,133
Maipú,2024-1,trato_directo,Grande,7727178764,26,26,17
Maipú,2024-1,trato_directo,Mediana,3440356007,13,13,11
Maipú,2024-1,trato_directo,Micro,75277783,23,23,22
Maipú,2024-1,trato_directo,NoClasificado,54074376,23,23,22
Maipú,2024-1,trato_directo,Pequeña,238976959,11,11,9
Maipú,2024-2,compra_agil,1.0,22385028,40,31,24
Maipú,2024-2,compra_agil,2.0,13839931,39,24,19
Maipú,2024-2,compra_agil,3.0,35975012,171,70,55
Maipú,2024-2,compra_agil,4.0,81313087,318,121,101
Maipú,2024-2,compra_agil,Micro,500000,1,1,1
Maipú,2024-2,compra_agil,NoClasificado,29567431,138,43,40
Maipú,2024-2,convenio_marco,1.0,349923431,57,41,10
Maipú,2024-2,convenio_marco,2.0,12830646,3,3,3
Maipú,2024-2,convenio_marco,4.0,9352589,8,3,3
Maipú,2024-2,licitacion,1.0,40305285647,214,127,87
Maipú,2024-2,licitacion,2.0,5224723409,198,89,68
Maipú,2024-2,licitacion,3.0,1880962424,133,66,54
Maipú,2024-2,licitacion,4.0,2752584500,285,159,123
Maipú,2024-2,licitacion,NoClasificado,148602498,124,38,34
Maipú,2024-2,trato_directo,1.0,3259382530,15,15,9
Maipú,2024-2,trato_directo,2.0,217463764,14,14,8
Maipú,2024-2,trato_directo,3.0,16639581,12,12,12
Maipú,2024-2,trato_directo,4.0,361249094,16,16,16
Maipú,2024-2,trato_directo,Micro,4265092,10,10,10
Maipú,2024-2,trato_directo,NoClasificado,45086900,24,24,23
Maipú,2025-1,compra_agil,Grande,26706959,12,6,6
Maipú,2025-1,compra_agil,Mediana,77168765,147,47,40
Maipú,2025-1,compra_agil,Micro,78772198,205,46,39
Maipú,2025-1,compra_agil,NoClasificado,77254184,89,42,40
Maipú,2025-1,compra_agil,Pequeña,205447542,310,97,70
Maipú,2025-1,convenio_marco,Grande,1039054331,70,45,15
Maipú,2025-1,convenio_marco,Mediana,494373877,67,4,4
Maipú,2025-1,convenio_marco,Micro,1241450,2,1,1
Maipú,2025-1,convenio_marco,NoClasificado,28800850,3,2,2
Maipú,2025-1,convenio_marco,Pequeña,20298434,59,5,5
Maipú,2025-1,licitacion,Grande,30373508160,196,65,53
Maipú,2025-1,licitacion,Mediana,15247437611,80,54,44
Maipú,2025-1,licitacion,Micro,478955534,38,33,25
Maipú,2025-1,licitacion,NoClasificado,291478498,32,12,12
Maipú,2025-1,licitacion,Pequeña,6266210005,152,69,59
Maipú,2025-1,trato_directo,Grande,747204618,8,8,8
Maipú,2025-1,trato_directo,Mediana,1130594031,11,11,10
Maipú,2025-1,trato_directo,Micro,38816524,13,13,13
Maipú,2025-1,trato_directo,NoClasificado,47375189,34,34,30
Maipú,2025-1,trato_directo,Pequeña,91599754,9,9,9
Maipú,2025-2,compra_agil,Grande,97310787,82,21,18
Maipú,2025-2,compra_agil,Mediana,189803275,398,86,56
Maipú,2025-2,compra_agil,Micro,244211073,414,97,81
Maipú,2025-2,compra_agil,NoClasificado,315498267,424,88,78
Maipú,2025-2,compra_agil,Pequeña,337979638,620,166,121
Maipú,2025-2,convenio_marco,Grande,316534342,169,41,14
Maipú,2025-2,convenio_marco,Mediana,108493377,50,9,8
Maipú,2025-2,convenio_marco,Micro,45544950,4,2,2
Maipú,2025-2,convenio_marco,NoClasificado,6570000,2,1,1
Maipú,2025-2,convenio_marco,Pequeña,134565121,15,4,4
Maipú,2025-2,licitacion,Grande,22102070704,60,37,31
Maipú,2025-2,licitacion,Mediana,31841322828,78,33,25
Maipú,2025-2,licitacion,Micro,195457834,34,24,19
Maipú,2025-2,licitacion,NoClasificado,516954217,31,21,19
Maipú,2025-2,licitacion,Pequeña,5463303836,103,76,65
Maipú,2025-2,trato_directo,Grande,470189233,9,9,9
Maipú,2025-2,trato_directo,Mediana,128394498,3,3,3
Maipú,2025-2,trato_directo,Micro,26805036,11,11,11
Maipú,2025-2,trato_directo,NoClasificado,99691991,29,29,29
Maipú,2025-2,trato_directo,Pequeña,117916960,4,4,4
Pedro Aguirre Cerda,2015-1,convenio_marco,Grande,138676938,880,205,24
Pedro Aguirre Cerda,2015-1,convenio_marco,Mediana,77391997,305,107,25
Pedro Aguirre Cerda,2015-1,convenio_marco,Micro,23048185,170,74,32
Pedro Aguirre Cerda,2015-1,convenio_marco,Pequeña,47559386,154,87,30
Pedro Aguirre Cerda,2015-1,licitacion,Grande,87569112,204,93,40
Pedro Aguirre Cerda,2015-1,licitacion,Mediana,82104009,199,101,32
Pedro Aguirre Cerda,2015-1,licitacion,Micro,235044468,485,185,112
Pedro Aguirre Cerda,2015-1,licitacion,NoClasificado,9492586,235,12,1
Pedro Aguirre Cerda,2015-1,licitacion,Pequeña,114233952,359,156,87
Pedro Aguirre Cerda,2015-1,trato_directo,Grande,17065589,10,10,5
Pedro Aguirre Cerda,2015-1,trato_directo,Mediana,2187556,4,3,3
Pedro Aguirre Cerda,2015-1,trato_directo,Micro,1818429,12,8,7
Pedro Aguirre Cerda,2015-1,trato_directo,Pequeña,4112918,5,4,4
Pedro Aguirre Cerda,2015-2,convenio_marco,Grande,347114218,2203,509,35
Pedro Aguirre Cerda,2015-2,convenio_marco,Mediana,155423418,444,214,33
Pedro Aguirre Cerda,2015-2,convenio_marco,Micro,134603128,917,333,75
Pedro Aguirre Cerda,2015-2,convenio_marco,Pequeña,94755227,339,165,61
Pedro Aguirre Cerda,2015-2,licitacion,Grande,150983658,246,148,42
Pedro Aguirre Cerda,2015-2,licitacion,Mediana,82247711,198,89,23
Pedro Aguirre Cerda,2015-2,licitacion,Micro,311150684,819,350,203
Pedro Aguirre Cerda,2015-2,licitacion,NoClasificado,849673,23,6,1
Pedro Aguirre Cerda,2015-2,licitacion,Pequeña,145264946,440,217,117
Pedro Aguirre Cerda,2015-2,trato_directo,Grande,24094946,22,21,11
Pedro Aguirre Cerda,2015-2,trato_directo,Mediana,3012082,14,8,2
Pedro Aguirre Cerda,2015-2,trato_directo,Micro,2802302,7,6,6
Pedro Aguirre Cerda,2015-2,trato_directo,Pequeña,16915378,21,15,12
Pedro Aguirre Cerda,2016-1,convenio_marco,Grande,291654466,1353,306,34
Pedro Aguirre Cerda,2016-1,convenio_marco,Mediana,121991757,300,138,38
Pedro Aguirre Cerda,2016-1,convenio_marco,Micro,175025259,519,216,81
Pedro Aguirre Cerda,2016-1,convenio_marco,NoClasificado,1019310,1,1,1
Pedro Aguirre Cerda,2016-1,convenio_marco,Pequeña,67032851,299,127,56
Pedro Aguirre Cerda,2016-1,licitacion,Grande,187403094,136,95,29
Pedro Aguirre Cerda,2016-1,licitacion,Mediana,107477446,118,66,25
Pedro Aguirre Cerda,2016-1,licitacion,Micro,1073183810,384,178,110
Pedro Aguirre Cerda,2016-1,licitacion,NoClasificado,1296728,31,4,1
Pedro Aguirre Cerda,2016-1,licitacion,Pequeña,135220467,379,184,86
Pedro Aguirre Cerda,2016-1,trato_directo,Grande,47104550,16,10,5
Pedro Aguirre Cerda,2016-1,trato_directo,Mediana,554200,2,2,2
Pedro Aguirre Cerda,2016-1,trato_directo,Micro,88463000,13,10,9
Pedro Aguirre Cerda,2016-1,trato_directo,Pequeña,38983207,31,14,8
Pedro Aguirre Cerda,2016-2,convenio_marco,Grande,361601749,1917,466,49
Pedro Aguirre Cerda,2016-2,convenio_marco,Mediana,338456012,859,288,46
Pedro Aguirre Cerda,2016-2,convenio_marco,Micro,216778113,1094,389,119
Pedro Aguirre Cerda,2016-2,convenio_marco,NoClasificado,8505820,5,3,1
Pedro Aguirre Cerda,2016-2,convenio_marco,Pequeña,174280668,611,231,89
Pedro Aguirre Cerda,2016-2,licitacion,Grande,167965198,165,141,28
Pedro Aguirre Cerda,2016-2,licitacion,Mediana,53242424,187,83,31
Pedro Aguirre Cerda,2016-2,licitacion,Micro,242811184,534,244,142
Pedro Aguirre Cerda,2016-2,licitacion,NoClasificado,1287488,61,8,2
Pedro Aguirre Cerda,2016-2,licitacion,Pequeña,106055942,363,220,87
Pedro Aguirre Cerda,2016-2,trato_directo,Grande,51079920,462,44,20
Pedro Aguirre Cerda,2016-2,trato_directo,Mediana,18718924,70,17,6
Pedro Aguirre Cerda,2016-2,trato_directo,Micro,5452469,11,10,9
Pedro Aguirre Cerda,2016-2,trato_directo,Pequeña,6857969,28,15,9
Pedro Aguirre Cerda,2017-1,convenio_marco,Grande,129070386,1365,273,36
Pedro Aguirre Cerda,2017-1,convenio_marco,Mediana,79525964,363,118,35
Pedro Aguirre Cerda,2017-1,convenio_marco,Micro,72670732,195,114,71
Pedro Aguirre Cerda,2017-1,convenio_marco,Pequeña,50564575,205,114,52
Pedro Aguirre Cerda,2017-1,licitacion,Grande,70002222,116,99,37
Pedro Aguirre Cerda,2017-1,licitacion,Mediana,28717018,95,68,24
Pedro Aguirre Cerda,2017-1,licitacion,Micro,162719418,323,163,117
Pedro Aguirre Cerda,2017-1,licitacion,NoClasificado,3414252,40,6,1
Pedro Aguirre Cerda,2017-1,licitacion,Pequeña,106663762,345,210,86
Pedro Aguirre Cerda,2017-1,trato_directo,Grande,48075516,327,23,15
Pedro Aguirre Cerda,2017-1,trato_directo,Mediana,3075000,13,4,3
Pedro Aguirre Cerda,2017-1,trato_directo,Micro,11558926,12,12,10
Pedro Aguirre Cerda,2017-1,trato_directo,Pequeña,6378716,2,2,2
Pedro Aguirre Cerda,2017-2,convenio_marco,Grande,273496976,2374,401,50
Pedro Aguirre Cerda,2017-2,convenio_marco,Mediana,82279691,431,163,39
Pedro Aguirre Cerda,2017-2,convenio_marco,Micro,197928141,854,354,110
Pedro Aguirre Cerda,2017-2,convenio_marco,NoClasificado,222000,3,2,1
Pedro Aguirre Cerda,2017-2,convenio_marco,Pequeña,130323478,564,208,72
Pedro Aguirre Cerda,2017-2,licitacion,Grande,117315168,163,126,34
Pedro Aguirre Cerda,2017-2,licitacion,Mediana,86550694,665,119,25
Pedro Aguirre Cerda,2017-2,licitacion,Micro,200774035,451,223,128
Pedro Aguirre Cerda,2017-2,licitacion,NoClasificado,3990581,50,13,2
Pedro Aguirre Cerda,2017-2,licitacion,Pequeña,101132620,379,218,78
Pedro Aguirre Cerda,2017-2,trato_directo,Grande,46435122,275,30,17
Pedro Aguirre Cerda,2017-2,trato_directo,Mediana,9170928,32,16,6
Pedro Aguirre Cerda,2017-2,trato_directo,Micro,41158605,11,11,10
Pedro Aguirre Cerda,2017-2,trato_directo,Pequeña,3834000,26,18,5
Pedro Aguirre Cerda,2018-1,convenio_marco,Grande,503361410,1282,343,51
Pedro Aguirre Cerda,2018-1,convenio_marco,Mediana,269301918,313,129,37
Pedro Aguirre Cerda,2018-1,convenio_marco,Micro,119278974,555,275,104
Pedro Aguirre Cerda,2018-1,convenio_marco,Pequeña,104063738,489,211,80
Pedro Aguirre Cerda,2018-1,licitacion,Grande,90091596,132,119,31
Pedro Aguirre Cerda,2018-1,licitacion,Mediana,24777281,63,53,22
Pedro Aguirre Cerda,2018-1,licitacion,Micro,170222317,253,151,92
Pedro Aguirre Cerda,2018-1,licitacion,NoClasificado,1009139,3,2,1
Pedro Aguirre Cerda,2018-1,licitacion,Pequeña,45181784,186,108,51
Pedro Aguirre Cerda,2018-1,trato_directo,Grande,232920325,270,27,17
Pedro Aguirre Cerda,2018-1,trato_directo,Mediana,29114364,24,11,8
Pedro Aguirre Cerda,2018-1,trato_directo,Micro,103292722,17,16,10
Pedro Aguirre Cerda,2018-1,trato_directo,Pequeña,18381721,65,55,7
Pedro Aguirre Cerda,2018-2,convenio_marco,Grande,307208460,2349,524,52
Pedro Aguirre Cerda,2018-2,convenio_marco,Mediana,110883185,692,277,50
Pedro Aguirre Cerda,2018-2,convenio_marco,Micro,360515861,2144,872,185
Pedro Aguirre Cerda,2018-2,convenio_marco,Pequeña,268855539,1505,510,119
Pedro Aguirre Cerda,2018-2,licitacion,Grande,118009926,155,141,30
Pedro Aguirre Cerda,2018-2,licitacion,Mediana,55587999,115,60,24
Pedro Aguirre Cerda,2018-2,licitacion,Micro,138612192,368,169,95
Pedro Aguirre Cerda,2018-2,licitacion,NoClasificado,385285,1,1,1
Pedro Aguirre Cerda,2018-2,licitacion,Pequeña,88663492,246,142,52
Pedro Aguirre Cerda,2018-2,trato_directo,Grande,62007545,401,66,20
Pedro Aguirre Cerda,2018-2,trato_directo,Mediana,9872009,57,25,7
Pedro Aguirre Cerda,2018-2,trato_directo,Micro,48692228,25,25,14
Pedro Aguirre Cerda,2018-2,trato_directo,Pequeña,14419768,77,53,10
Pedro Aguirre Cerda,2019-1,convenio_marco,Grande,151338980,661,193,46
Pedro Aguirre Cerda,2019-1,convenio_marco,Mediana,61488653,636,158,28
Pedro Aguirre Cerda,2019-1,convenio_marco,Micro,166501580,605,340,121
Pedro Aguirre Cerda,2019-1,convenio_marco,Pequeña,112261610,372,192,68
Pedro Aguirre Cerda,2019-1,licitacion,Grande,78000148,87,84,28
Pedro Aguirre Cerda,2019-1,licitacion,Mediana,29428962,63,53,22
Pedro Aguirre Cerda,2019-1,licitacion,Micro,295208628,253,133,53
Pedro Aguirre Cerda,2019-1,licitacion,NoClasificado,1194180,24,2,1
Pedro Aguirre Cerda,2019-1,licitacion,Pequeña,102708074,167,106,49
Pedro Aguirre Cerda,2019-1,trato_directo,Grande,54156119,310,48,20
Pedro Aguirre Cerda,2019-1,trato_directo,Mediana,6811584,71,17,9
Pedro Aguirre Cerda,2019-1,trato_directo,Micro,57349239,22,20,15
Pedro Aguirre Cerda,2019-1,trato_directo,Pequeña,30495591,65,52,12
Pedro Aguirre Cerda,2019-2,convenio_marco,Grande,236951400,1367,401,56
Pedro Aguirre Cerda,2019-2,convenio_marco,Mediana,310279245,771,264,52
Pedro Aguirre Cerda,2019-2,convenio_marco,Micro,300764760,1448,649,163
Pedro Aguirre Cerda,2019-2,convenio_marco,NoClasificado,1000000,1,1,1
Pedro Aguirre Cerda,2019-2,convenio_marco,Pequeña,177842153,1064,414,94
Pedro Aguirre Cerda,2019-2,licitacion,Grande,189683901,150,129,30
Pedro Aguirre Cerda,2019-2,licitacion,Mediana,680704863,102,66,23
Pedro Aguirre Cerda,2019-2,licitacion,Micro,146207902,313,189,89
Pedro Aguirre Cerda,2019-2,licitacion,NoClasificado,1052483,24,4,2
Pedro Aguirre Cerda,2019-2,licitacion,Pequeña,186300362,181,125,56
Pedro Aguirre Cerda,2019-2,trato_directo,Grande,72483256,532,103,24
Pedro Aguirre Cerda,2019-2,trato_directo,Mediana,15056461,158,44,8
Pedro Aguirre Cerda,2019-2,trato_directo,Micro,37424634,40,25,16
Pedro Aguirre Cerda,2019-2,trato_directo,Pequeña,3442665219,128,96,16
Pedro Aguirre Cerda,2020-1,compra_agil,Grande,821400,5,2,2
Pedro Aguirre Cerda,2020-1,compra_agil,Mediana,749000,1,1,1
Pedro Aguirre Cerda,2020-1,compra_agil,Micro,2821720,6,6,6
Pedro Aguirre Cerda,2020-1,compra_agil,NoClasificado,1054800,3,2,2
Pedro Aguirre Cerda,2020-1,compra_agil,Pequeña,3138500,5,5,5
Pedro Aguirre Cerda,2020-1,convenio_marco,Grande,130640160,683,170,29
Pedro Aguirre Cerda,2020-1,convenio_marco,Mediana,49652769,141,57,27
Pedro Aguirre Cerda,2020-1,convenio_marco,Micro,155827757,242,108,57
Pedro Aguirre Cerda,2020-1,convenio_marco,Pequeña,88423717,243,98,47
Pedro Aguirre Cerda,2020-1,licitacion,Grande,157028502,166,141,21
Pedro Aguirre Cerda,2020-1,licitacion,Mediana,22320721,37,31,18
Pedro Aguirre Cerda,2020-1,licitacion,Micro,87899836,180,92,45
Pedro Aguirre Cerda,2020-1,licitacion,NoClasificado,7167114,19,5,5
Pedro Aguirre Cerda,2020-1,licitacion,Pequeña,150428823,161,101,36
Pedro Aguirre Cerda,2020-1,trato_directo,Grande,184334488,968,145,28
Pedro Aguirre Cerda,2020-1,trato_directo,Mediana,24365450,100,27,18
Pedro Aguirre Cerda,2020-1,trato_directo,Micro,256872731,134,103,47
Pedro Aguirre Cerda,2020-1,trato_directo,NoClasificado,8818000,4,4,4
Pedro Aguirre Cerda,2020-1,trato_directo,Pequeña,70499408,91,74,23
Pedro Aguirre Cerda,2020-2,compra_agil,Grande,2099658,6,3,3
Pedro Aguirre Cerda,2020-2,compra_agil,Mediana,3335575,9,4,3
Pedro Aguirre Cerda,2020-2,compra_agil,Micro,34066358,290,55,41
Pedro Aguirre Cerda,2020-2,compra_agil,NoClasificado,4398994,23,12,9
Pedro Aguirre Cerda,2020-2,compra_agil,Pequeña,16518085,66,34,26
Pedro Aguirre Cerda,2020-2,convenio_marco,Grande,227179960,809,206,47
Pedro Aguirre Cerda,2020-2,convenio_marco,Mediana,127105522,274,102,36
Pedro Aguirre Cerda,2020-2,convenio_marco,Micro,318061435,590,287,113
Pedro Aguirre Cerda,2020-2,convenio_marco,Pequeña,182977468,569,211,76
Pedro Aguirre Cerda,2020-2,licitacion,Grande,270186624,138,115,29
Pedro Aguirre Cerda,2020-2,licitacion,Mediana,137650668,40,32,18
Pedro Aguirre Cerda,2020-2,licitacion,Micro,144947206,96,69,32
Pedro Aguirre Cerda,2020-2,licitacion,NoClasificado,25549000,8,6,5
Pedro Aguirre Cerda,2020-2,licitacion,Pequeña,245367010,113,85,33
Pedro Aguirre Cerda,2020-2,trato_directo,Grande,93836610,770,120,26
Pedro Aguirre Cerda,2020-2,trato_directo,Mediana,39065190,62,28,12
Pedro Aguirre Cerda,2020-2,trato_directo,Micro,284656528,88,67,31
Pedro Aguirre Cerda,2020-2,trato_directo,NoClasificado,104216610,20,20,8
Pedro Aguirre Cerda,2020-2,trato_directo,Pequeña,82763716,38,28,17
Pedro Aguirre Cerda,2021-1,compra_agil,Grande,39669651,239,45,25
Pedro Aguirre Cerda,2021-1,compra_agil,Mediana,6621258,40,14,10
Pedro Aguirre Cerda,2021-1,compra_agil,Micro,73529674,591,138,77
Pedro Aguirre Cerda,2021-1,compra_agil,NoClasificado,1721280,5,4,2
Pedro Aguirre Cerda,2021-1,compra_agil,Pequeña,20874888,157,46,32
Pedro Aguirre Cerda,2021-1,convenio_marco,Grande,154078583,192,115,34
Pedro Aguirre Cerda,2021-1,convenio_marco,Mediana,60674252,149,61,15
Pedro Aguirre Cerda,2021-1,convenio_marco,Micro,72617322,137,70,36
Pedro Aguirre Cerda,2021-1,convenio_marco,Pequeña,79165050,60,47,22
Pedro Aguirre Cerda,2021-1,licitacion,Grande,214317458,233,179,41
Pedro Aguirre Cerda,2021-1,licitacion,Mediana,20460276,8,7,6
Pedro Aguirre Cerda,2021-1,licitacion,Micro,591136054,146,98,57
Pedro Aguirre Cerda,2021-1,licitacion,Pequeña,74215943,97,55,17
Pedro Aguirre Cerda,2021-1,trato_directo,Grande,80271016,825,110,28
Pedro Aguirre Cerda,2021-1,trato_directo,Mediana,3420005,10,8,6
Pedro Aguirre Cerda,2021-1,trato_directo,Micro,99926694,41,39,18
Pedro Aguirre Cerda,2021-1,trato_directo,Pequeña,15231195,21,20,13
Pedro Aguirre Cerda,2021-2,compra_agil,Grande,64878159,677,118,45
Pedro Aguirre Cerda,2021-2,compra_agil,Mediana,47155294,364,89,48
Pedro Aguirre Cerda,2021-2,compra_agil,Micro,260938491,1984,399,222
Pedro Aguirre Cerda,2021-2,compra_agil,NoClasificado,41223236,277,74,47
Pedro Aguirre Cerda,2021-2,compra_agil,Pequeña,91789642,399,161,86
Pedro Aguirre Cerda,2021-2,convenio_marco,Grande,409448661,191,87,36
Pedro Aguirre Cerda,2021-2,convenio_marco,Mediana,36552571,139,39,17
Pedro Aguirre Cerda,2021-2,convenio_marco,Micro,278081451,356,117,66
Pedro Aguirre Cerda,2021-2,convenio_marco,Pequeña,98072323,133,76,31
Pedro Aguirre Cerda,2021-2,licitacion,Grande,265622434,120,99,28
Pedro Aguirre Cerda,2021-2,licitacion,Mediana,189841415,63,47,24
Pedro Aguirre Cerda,2021-2,licitacion,Micro,635017466,182,127,87
Pedro Aguirre Cerda,2021-2,licitacion,NoClasificado,184623866,28,24,17
Pedro Aguirre Cerda,2021-2,licitacion,Pequeña,206254820,110,79,40
Pedro Aguirre Cerda,2021-2,trato_directo,Grande,54391570,384,68,18
Pedro Aguirre Cerda,2021-2,trato_directo,Mediana,9076957,9,7,3
Pedro Aguirre Cerda,2021-2,trato_directo,Micro,104649262,49,24,11
Pedro Aguirre Cerda,2021-2,trato_directo,Pequeña,6844449,6,4,4
Pedro Aguirre Cerda,2022-1,compra_agil,Grande,161479601,725,269,82
Pedro Aguirre Cerda,2022-1,compra_agil,Mediana,48741173,240,88,57
Pedro Aguirre Cerda,2022-1,compra_agil,Micro,256151242,1716,401,212
Pedro Aguirre Cerda,2022-1,compra_agil,NoClasificado,67998400,618,106,69
Pedro Aguirre Cerda,2022-1,compra_agil,Pequeña,138120152,744,204,114
Pedro Aguirre Cerda,2022-1,convenio_marco,Grande,219044976,275,80,31
Pedro Aguirre Cerda,2022-1,convenio_marco,Mediana,21235938,32,11,7
Pedro Aguirre Cerda,2022-1,convenio_marco,Micro,67365871,52,25,13
Pedro Aguirre Cerda,2022-1,convenio_marco,Pequeña,22251703,39,14,8
Pedro Aguirre Cerda,2022-1,licitacion,Grande,129244486,92,73,34
Pedro Aguirre Cerda,2022-1,licitacion,Mediana,140683632,27,23,21
Pedro Aguirre Cerda,2022-1,licitacion,Micro,442522413,118,86,50
Pedro Aguirre Cerda,2022-1,licitacion,NoClasificado,58620929,17,14,8
Pedro Aguirre Cerda,2022-1,licitacion,Pequeña,346179212,61,51,37
Pedro Aguirre Cerda,2022-1,trato_directo,Grande,79307417,249,52,20
Pedro Aguirre Cerda,2022-1,trato_directo,Mediana,3923300,1,1,1
Pedro Aguirre Cerda,2022-1,trato_directo,Micro,33232213,11,10,5
Pedro Aguirre Cerda,2022-1,trato_directo,NoClasificado,4453793,1,1,1
Pedro Aguirre Cerda,2022-1,trato_directo,Pequeña,23940650,4,4,4
Pedro Aguirre Cerda,2022-2,convenio_marco,Grande,406201340,206,90,25
Pedro Aguirre Cerda,2022-2,convenio_marco,Mediana,52235100,92,21,11
Pedro Aguirre Cerda,2022-2,convenio_marco,Micro,192599695,98,37,4
Pedro Aguirre Cerda,2022-2,convenio_marco,NoClasificado,14410595,7,4,4
Pedro Aguirre Cerda,2022-2,convenio_marco,Pequeña,15963005,11,7,7
Pedro Aguirre Cerda,2022-2,licitacion,Grande,1257093088,111,84,45
Pedro Aguirre Cerda,2022-2,licitacion,Mediana,221462972,41,32,19
Pedro Aguirre Cerda,2022-2,licitacion,Micro,335689906,125,84,57
Pedro Aguirre Cerda,2022-2,licitacion,NoClasificado,231204524,65,37,23
Pedro Aguirre Cerda,2022-2,licitacion,Pequeña,416575545,231,90,50
Pedro Aguirre Cerda,2022-2,trato_directo,Grande,101338450,124,35,21
Pedro Aguirre Cerda,2022-2,trato_directo,Mediana,27955612,5,3,3
Pedro Aguirre Cerda,2022-2,trato_directo,Micro,12784788,3,3,2
Pedro Aguirre Cerda,2022-2,trato_directo,Pequeña,16871432,4,4,3
Pedro Aguirre Cerda,2023-1,compra_agil,Grande,337942703,3302,381,96
Pedro Aguirre Cerda,2023-1,compra_agil,Mediana,248747665,4232,146,76
Pedro Aguirre Cerda,2023-1,compra_agil,Micro,259784829,1995,271,158
Pedro Aguirre Cerda,2023-1,compra_agil,NoClasificado,398707986,4261,343,143
Pedro Aguirre Cerda,2023-1,compra_agil,Pequeña,346553302,4668,294,154
Pedro Aguirre Cerda,2023-1,convenio_marco,Grande,280316764,298,82,26
Pedro Aguirre Cerda,2023-1,convenio_marco,Mediana,67263959,11,6,4
Pedro Aguirre Cerda,2023-1,convenio_marco,Micro,44927707,28,8,4
Pedro Aguirre Cerda,2023-1,convenio_marco,NoClasificado,20434426,67,5,3
Pedro Aguirre Cerda,2023-1,convenio_marco,Pequeña,12479692,3,3,3
Pedro Aguirre Cerda,2023-1,licitacion,Grande,334731449,136,102,44
Pedro Aguirre Cerda,2023-1,licitacion,Mediana,245623752,57,47,24
Pedro Aguirre Cerda,2023-1,licitacion,Micro,209892327,54,46,31
Pedro Aguirre Cerda,2023-1,licitacion,NoClasificado,141080221,63,34,20
Pedro Aguirre Cerda,2023-1,licitacion,Pequeña,623986664,97,85,46
Pedro Aguirre Cerda,2023-1,trato_directo,Grande,92666585,195,42,21
Pedro Aguirre Cerda,2023-1,trato_directo,Mediana,1196000,1,1,1
Pedro Aguirre Cerda,2023-1,trato_directo,Micro,3560000,1,1,1
Pedro Aguirre Cerda,2023-1,trato_directo,NoClasificado,821000,1,1,1
Pedro Aguirre Cerda,2023-1,trato_directo,Pequeña,21914759,4,4,4
Pedro Aguirre Cerda,2023-2,compra_agil,Grande,306089469,3698,309,91
Pedro Aguirre Cerda,2023-2,compra_agil,Mediana,312442962,3016,231,85
Pedro Aguirre Cerda,2023-2,compra_agil,Micro,368174775,3206,343,149
Pedro Aguirre Cerda,2023-2,compra_agil,NoClasificado,152907674,2216,105,59
Pedro Aguirre Cerda,2023-2,compra_agil,Pequeña,1136876846,14399,666,298
Pedro Aguirre Cerda,2023-2,convenio_marco,Grande,326925936,544,75,24
Pedro Aguirre Cerda,2023-2,convenio_marco,Mediana,130061549,58,18,14
Pedro Aguirre Cerda,2023-2,convenio_marco,Micro,33255114,101,4,2
Pedro Aguirre Cerda,2023-2,convenio_marco,Pequeña,6390316,34,4,3
Pedro Aguirre Cerda,2023-2,licitacion,Grande,670845372,186,157,50
Pedro Aguirre Cerda,2023-2,licitacion,Mediana,253858754,99,71,39
Pedro Aguirre Cerda,2023-2,licitacion,Micro,336515027,67,55,45
Pedro Aguirre Cerda,2023-2,licitacion,NoClasificado,46223175,24,13,11
Pedro Aguirre Cerda,2023-2,licitacion,Pequeña,1138975976,187,168,91
Pedro Aguirre Cerda,2023-2,trato_directo,Grande,57460282,115,39,21
Pedro Aguirre Cerda,2023-2,trato_directo,Mediana,4308000,1,1,1
Pedro Aguirre Cerda,2023-2,trato_directo,Pequeña,49873949,5,5,3
Pedro Aguirre Cerda,2024-1,compra_agil,Grande,272269896,1848,290,92
Pedro Aguirre Cerda,2024-1,compra_agil,Mediana,320886011,4614,225,82
Pedro Aguirre Cerda,2024-1,compra_agil,Micro,299106148,3076,286,156
Pedro Aguirre Cerda,2024-1,compra_agil,NoClasificado,217898346,3416,167,95
Pedro Aguirre Cerda,2024-1,compra_agil,Pequeña,581641118,7437,488,255
Pedro Aguirre Cerda,2024-1,convenio_marco,Grande,358674657,505,86,21
Pedro Aguirre Cerda,2024-1,convenio_marco,Mediana,141988036,61,10,6
Pedro Aguirre Cerda,2024-1,convenio_marco,Micro,7157600,1,1,1
Pedro Aguirre Cerda,2024-1,convenio_marco,NoClasificado,8455500,2,2,1
Pedro Aguirre Cerda,2024-1,convenio_marco,Pequeña,19112901,14,8,4
Pedro Aguirre Cerda,2024-1,licitacion,Grande,577271692,213,173,52
Pedro Aguirre Cerda,2024-1,licitacion,Mediana,413068430,83,75,38
Pedro Aguirre Cerda,2024-1,licitacion,Micro,369105118,62,59,34
Pedro Aguirre Cerda,2024-1,licitacion,NoClasificado,239801791,33,26,15
Pedro Aguirre Cerda,2024-1,licitacion,Pequeña,1067312254,137,123,60
Pedro Aguirre Cerda,2024-1,trato_directo,Grande,110163380,160,43,23
Pedro Aguirre Cerda,2024-1,trato_directo,Mediana,44813770,16,11,7
Pedro Aguirre Cerda,2024-1,trato_directo,Micro,35781936,21,10,8
Pedro Aguirre Cerda,2024-1,trato_directo,NoClasificado,2352941,1,1,1
Pedro Aguirre Cerda,2024-1,trato_directo,Pequeña,55850737,11,9,8
Pedro Aguirre Cerda,2024-2,compra_agil,1.0,329800200,1560,315,95
Pedro Aguirre Cerda,2024-2,compra_agil,2.0,286545247,2173,249,99
Pedro Aguirre Cerda,2024-2,compra_agil,3.0,317129222,1655,299,147
Pedro Aguirre Cerda,2024-2,compra_agil,4.0,1025861379,18804,591,254
Pedro Aguirre Cerda,2024-2,compra_agil,Micro,15864043,12,8,4
Pedro Aguirre Cerda,2024-2,compra_agil,NoClasificado,393958604,7696,257,134
Pedro Aguirre Cerda,2024-2,convenio_marco,1.0,309540845,307,65,17
Pedro Aguirre Cerda,2024-2,convenio_marco,2.0,51029407,19,11,7
Pedro Aguirre Cerda,2024-2,convenio_marco,3.0,20065539,30,1,1
Pedro Aguirre Cerda,2024-2,convenio_marco,4.0,24543251,14,9,7
Pedro Aguirre Cerda,2024-2,convenio_marco,NoClasificado,1764000,1,1,1
Pedro Aguirre Cerda,2024-2,licitacion,1.0,868157884,170,150,47
Pedro Aguirre Cerda,2024-2,licitacion,2.0,1565375925,150,107,35
Pedro Aguirre Cerda,2024-2,licitacion,3.0,372209817,64,59,28
Pedro Aguirre Cerda,2024-2,licitacion,4.0,1873247598,136,127,61
Pedro Aguirre Cerda,2024-2,licitacion,NoClasificado,1162062559,57,55,18
Pedro Aguirre Cerda,2024-2,trato_directo,1.0,108161594,122,36,23
Pedro Aguirre Cerda,2024-2,trato_directo,2.0,33855188,19,8,7
Pedro Aguirre Cerda,2024-2,trato_directo,3.0,12249510,4,3,3
Pedro Aguirre Cerda,2024-2,trato_directo,4.0,28802385,6,6,2
Pedro Aguirre Cerda,2024-2,trato_directo,NoClasificado,105585000,10,10,2
Pedro Aguirre Cerda,2025-1,compra_agil,Grande,80750770,77,43,28
Pedro Aguirre Cerda,2025-1,compra_agil,Mediana,400467583,915,266,109
Pedro Aguirre Cerda,2025-1,compra_agil,Micro,362173140,470,216,146
Pedro Aguirre Cerda,2025-1,compra_agil,NoClasificado,203989157,433,186,117
Pedro Aguirre Cerda,2025-1,compra_agil,Pequeña,642448166,1500,488,249
Pedro Aguirre Cerda,2025-1,convenio_marco,Grande,357918515,315,54,17
Pedro Aguirre Cerda,2025-1,convenio_marco,Mediana,240832549,19,10,6
Pedro Aguirre Cerda,2025-1,convenio_marco,Pequeña,4851000,1,1,1
Pedro Aguirre Cerda,2025-1,licitacion,Grande,454314928,100,82,20
Pedro Aguirre Cerda,2025-1,licitacion,Mediana,899495707,86,68,19
Pedro Aguirre Cerda,2025-1,licitacion,Micro,616732330,15,14,9
Pedro Aguirre Cerda,2025-1,licitacion,NoClasificado,875819900,25,25,6
Pedro Aguirre Cerda,2025-1,licitacion,Pequeña,264811294,31,30,17
Pedro Aguirre Cerda,2025-1,trato_directo,Grande,84164573,126,30,19
Pedro Aguirre Cerda,2025-1,trato_directo,NoClasificado,88235000,7,7,1
Pedro Aguirre Cerda,2025-1,trato_directo,Pequeña,865480,2,2,1
Pedro Aguirre Cerda,2025-2,compra_agil,Grande,98222739,65,45,26
Pedro Aguirre Cerda,2025-2,compra_agil,Mediana,449958294,769,311,106
Pedro Aguirre Cerda,2025-2,compra_agil,Micro,299275426,523,274,161
Pedro Aguirre Cerda,2025-2,compra_agil,NoClasificado,335492668,709,345,209
Pedro Aguirre Cerda,2025-2,compra_agil,Pequeña,682626483,1442,576,244
Pedro Aguirre Cerda,2025-2,convenio_marco,Grande,245654086,241,45,15
Pedro Aguirre Cerda,2025-2,convenio_marco,Mediana,54118320,11,5,4
Pedro Aguirre Cerda,2025-2,convenio_marco,Pequeña,8830859,2,2,2
Pedro Aguirre Cerda,2025-2,licitacion,Grande,3183491294,74,58,24
Pedro Aguirre Cerda,2025-2,licitacion,Mediana,2058527568,107,79,15
Pedro Aguirre Cerda,2025-2,licitacion,Micro,561064345,19,19,7
Pedro Aguirre Cerda,2025-2,licitacion,NoClasificado,1016254467,45,37,9
Pedro Aguirre Cerda,2025-2,licitacion,Pequeña,1017166301,31,30,18
Pedro Aguirre Cerda,2025-2,trato_directo,Grande,241581957,96,27,18
Pedro Aguirre Cerda,2025-2,trato_directo,NoClasificado,96918812,7,7,3
Pedro Aguirre Cerda,2025-2,trato_directo,Pequeña,15348550,2,2,2
Peñalolén,2015-1,convenio_marco,Grande,156208549,305,89,30
Peñalolén,2015-1,convenio_marco,Mediana,140299749,171,80,26
Peñalolén,2015-1,convenio_marco,Micro,65984954,57,45,31
Peñalolén,2015-1,convenio_marco,Pequeña,62911463,129,65,28
Peñalolén,2015-1,licitacion,Grande,108269198,42,18,13
Peñalolén,2015-1,licitacion,Mediana,49776713,76,40,13
Peñalolén,2015-1,licitacion,Micro,293508752,298,262,37
Peñalolén,2015-1,licitacion,Pequeña,131957422,67,45,25
Peñalolén,2015-1,trato_directo,Grande,91295384,43,33,18
Peñalolén,2015-1,trato_directo,Mediana,53665330,26,24,13
Peñalolén,2015-1,trato_directo,Micro,203699764,146,141,40
Peñalolén,2015-1,trato_directo,Pequeña,225331740,46,46,17
Peñalolén,2015-2,convenio_marco,Grande,223734623,576,150,33
Peñalolén,2015-2,convenio_marco,Mediana,161407641,238,79,27
Peñalolén,2015-2,convenio_marco,Micro,100020919,135,92,39
Peñalolén,2015-2,convenio_marco,NoClasificado,17986691,27,3,2
Peñalolén,2015-2,convenio_marco,Pequeña,36284461,107,75,31
Peñalolén,2015-2,licitacion,Grande,50362909,31,16,11
Peñalolén,2015-2,licitacion,Mediana,244218271,125,91,12
Peñalolén,2015-2,licitacion,Micro,605742819,566,479,44
Peñalolén,2015-2,licitacion,Pequeña,502216312,157,84,24
Peñalolén,2015-2,trato_directo,Grande,22944589,21,19,9
Peñalolén,2015-2,trato_directo,Mediana,35786081,22,20,8
Peñalolén,2015-2,trato_directo,Micro,39182921,28,26,17
Peñalolén,2015-2,trato_directo,Pequeña,93258587,46,33,17
Peñalolén,2016-1,convenio_marco,Grande,274542067,437,127,38
Peñalolén,2016-1,convenio_marco,Mediana,178175937,198,91,25
Peñalolén,2016-1,convenio_marco,Micro,106387329,121,83,37
Peñalolén,2016-1,convenio_marco,Pequeña,74871131,126,64,36
Peñalolén,2016-1,licitacion,Grande,19543535,5,5,3
Peñalolén,2016-1,licitacion,Mediana,462685376,136,94,16
Peñalolén,2016-1,licitacion,Micro,608351877,529,473,43
Peñalolén,2016-1,licitacion,Pequeña,386763963,72,64,18
Peñalolén,2016-1,trato_directo,Grande,63752832,35,29,10
Peñalolén,2016-1,trato_directo,Mediana,78233466,32,27,10
Peñalolén,2016-1,trato_directo,Micro,70432284,32,30,23
Peñalolén,2016-1,trato_directo,Pequeña,118758332,43,26,18
Peñalolén,2016-2,convenio_marco,Grande,445266577,605,125,32
Peñalolén,2016-2,convenio_marco,Mediana,252060512,295,120,23
Peñalolén,2016-2,convenio_marco,Micro,83933029,281,114,47
Peñalolén,2016-2,convenio_marco,NoClasificado,6384918,10,2,1
Peñalolén,2016-2,convenio_marco,Pequeña,74004995,144,64,34
Peñalolén,2016-2,licitacion,Grande,36059247,45,26,10
Peñalolén,2016-2,licitacion,Mediana,266666560,92,64,13
Peñalolén,2016-2,licitacion,Micro,560431846,587,493,50
Peñalolén,2016-2,licitacion,Pequeña,184827166,64,58,18
Peñalolén,2016-2,trato_directo,Grande,45474414,22,19,5
Peñalolén,2016-2,trato_directo,Mediana,74615677,11,9,5
Peñalolén,2016-2,trato_directo,Micro,17881586,23,23,17
Peñalolén,2016-2,trato_directo,Pequeña,18594596,20,14,9
Peñalolén,2017-1,convenio_marco,Grande,161169867,436,107,24
Peñalolén,2017-1,convenio_marco,Mediana,222204943,209,91,23
Peñalolén,2017-1,convenio_marco,Micro,142200852,243,132,49
Peñalolén,2017-1,convenio_marco,NoClasificado,1408277,7,3,1
Peñalolén,2017-1,convenio_marco,Pequeña,62871653,95,51,38
Peñalolén,2017-1,licitacion,Grande,67472008,36,29,10
Peñalolén,2017-1,licitacion,Mediana,144003270,39,32,10
Peñalolén,2017-1,licitacion,Micro,547168294,460,381,38
Peñalolén,2017-1,licitacion,Pequeña,157188646,79,41,25
Peñalolén,2017-1,trato_directo,Grande,83715178,28,24,12
Peñalolén,2017-1,trato_directo,Mediana,33004539,16,15,6
Peñalolén,2017-1,trato_directo,Micro,56506559,32,31,25
Peñalolén,2017-1,trato_directo,Pequeña,22966047,18,17,11
Peñalolén,2017-2,convenio_marco,Grande,256769631,581,139,33
Peñalolén,2017-2,convenio_marco,Mediana,124244228,200,65,21
Peñalolén,2017-2,convenio_marco,Micro,326635787,338,221,58
Peñalolén,2017-2,convenio_marco,NoClasificado,4801785,6,2,1
Peñalolén,2017-2,convenio_marco,Pequeña,81436450,99,53,34
Peñalolén,2017-2,licitacion,Grande,53964842,22,18,10
Peñalolén,2017-2,licitacion,Mediana,162846128,71,33,9
Peñalolén,2017-2,licitacion,Micro,362790386,318,280,33
Peñalolén,2017-2,licitacion,Pequeña,236132334,45,37,16
Peñalolén,2017-2,trato_directo,Grande,87964968,60,54,16
Peñalolén,2017-2,trato_directo,Mediana,37428390,26,25,13
Peñalolén,2017-2,trato_directo,Micro,117115113,90,42,31
Peñalolén,2017-2,trato_directo,Pequeña,34888764,45,12,10
Peñalolén,2018-1,convenio_marco,Grande,231980687,427,143,32
Peñalolén,2018-1,convenio_marco,Mediana,85563074,408,65,22
Peñalolén,2018-1,convenio_marco,Micro,197829613,245,174,45
Peñalolén,2018-1,convenio_marco,NoClasificado,2072043,1,1,1
Peñalolén,2018-1,convenio_marco,Pequeña,73379220,154,60,42
Peñalolén,2018-1,licitacion,Grande,156757095,42,34,14
Peñalolén,2018-1,licitacion,Mediana,85042157,20,17,9
Peñalolén,2018-1,licitacion,Micro,472969819,273,240,31
Peñalolén,2018-1,licitacion,Pequeña,115219939,79,43,19
Peñalolén,2018-1,trato_directo,Grande,56734408,86,59,14
Peñalolén,2018-1,trato_directo,Mediana,143394151,15,14,6
Peñalolén,2018-1,trato_directo,Micro,51141039,28,27,17
Peñalolén,2018-1,trato_directo,Pequeña,34441468,21,19,13
Peñalolén,2018-2,convenio_marco,Grande,235948809,355,161,37
Peñalolén,2018-2,convenio_marco,Mediana,115241210,193,106,31
Peñalolén,2018-2,convenio_marco,Micro,370381182,494,306,83
Peñalolén,2018-2,convenio_marco,NoClasificado,2870521,3,3,1
Peñalolén,2018-2,convenio_marco,Pequeña,104893832,138,82,51
Peñalolén,2018-2,licitacion,Grande,475752609,36,29,14
Peñalolén,2018-2,licitacion,Mediana,149582266,23,21,10
Peñalolén,2018-2,licitacion,Micro,489894450,257,235,35
Peñalolén,2018-2,licitacion,Pequeña,192811788,77,50,22
Peñalolén,2018-2,trato_directo,Grande,91398068,58,55,14
Peñalolén,2018-2,trato_directo,Mediana,45605337,11,10,8
Peñalolén,2018-2,trato_directo,Micro,55159861,31,29,21
Peñalolén,2018-2,trato_directo,Pequeña,73928789,15,14,13
Peñalolén,2019-1,convenio_marco,Grande,338338637,279,172,41
Peñalolén,2019-1,convenio_marco,Mediana,105072543,468,74,28
Peñalolén,2019-1,convenio_marco,Micro,302528139,383,238,77
Peñalolén,2019-1,convenio_marco,NoClasificado,766699,1,1,1
Peñalolén,2019-1,convenio_marco,Pequeña,75920129,112,79,52
Peñalolén,2019-1,licitacion,Grande,399448270,29,19,11
Peñalolén,2019-1,licitacion,Mediana,154407464,20,16,7
Peñalolén,2019-1,licitacion,Micro,352619579,184,166,25
Peñalolén,2019-1,licitacion,NoClasificado,7839600,7,7,1
Peñalolén,2019-1,licitacion,Pequeña,137465197,55,38,18
Peñalolén,2019-1,trato_directo,Grande,77137485,53,43,12
Peñalolén,2019-1,trato_directo,Mediana,62646493,15,14,5
Peñalolén,2019-1,trato_directo,Micro,77822553,23,23,19
Peñalolén,2019-1,trato_directo,Pequeña,37139642,6,6,6
Peñalolén,2019-2,convenio_marco,Grande,247191580,335,136,36
Peñalolén,2019-2,convenio_marco,Mediana,101002319,165,72,29
Peñalolén,2019-2,convenio_marco,Micro,382391752,513,318,88
Peñalolén,2019-2,convenio_marco,NoClasificado,2631637,3,3,2
Peñalolén,2019-2,convenio_marco,Pequeña,76140307,237,100,52
Peñalolén,2019-2,licitacion,Grande,169877051,33,28,10
Peñalolén,2019-2,licitacion,Mediana,182143154,20,18,12
Peñalolén,2019-2,licitacion,Micro,424377262,232,223,26
Peñalolén,2019-2,licitacion,NoClasificado,35410947,30,30,1
Peñalolén,2019-2,licitacion,Pequeña,110461120,50,46,17
Peñalolén,2019-2,trato_directo,Grande,33168187,36,32,8
Peñalolén,2019-2,trato_directo,Mediana,63996147,23,22,9
Peñalolén,2019-2,trato_directo,Micro,165590530,46,44,32
Peñalolén,2019-2,trato_directo,Pequeña,60909549,18,10,9
Peñalolén,2020-1,compra_agil,Grande,1100000,1,1,1
Peñalolén,2020-1,convenio_marco,Grande,233015286,59,44,20
Peñalolén,2020-1,convenio_marco,Mediana,66868113,72,23,11
Peñalolén,2020-1,convenio_marco,Micro,486971778,181,101,38
Peñalolén,2020-1,convenio_marco,Pequeña,108687102,464,43,25
Peñalolén,2020-1,licitacion,Grande,80345412,16,14,9
Peñalolén,2020-1,licitacion,Mediana,21520792,14,10,6
Peñalolén,2020-1,licitacion,Micro,196924725,93,86,16
Peñalolén,2020-1,licitacion,NoClasificado,13058000,10,10,1
Peñalolén,2020-1,licitacion,Pequeña,115804432,69,48,17
Peñalolén,2020-1,trato_directo,Grande,107434249,32,17,13
Peñalolén,2020-1,trato_directo,Mediana,1952193120,48,21,9
Peñalolén,2020-1,trato_directo,Micro,163377608,74,25,18
Peñalolén,2020-1,trato_directo,NoClasificado,174409341,11,10,6
Peñalolén,2020-1,trato_directo,Pequeña,56800278,19,19,17
Peñalolén,2020-2,compra_agil,Grande,5480633,11,7,5
Peñalolén,2020-2,compra_agil,Mediana,2876350,4,4,4
Peñalolén,2020-2,compra_agil,Micro,18780798,34,25,22
Peñalolén,2020-2,compra_agil,NoClasificado,6532760,12,9,8
Peñalolén,2020-2,compra_agil,Pequeña,8323020,22,12,10
Peñalolén,2020-2,convenio_marco,Grande,190582962,32,27,15
Peñalolén,2020-2,convenio_marco,Mediana,113411545,91,30,16
Peñalolén,2020-2,convenio_marco,Micro,213502535,141,71,37
Peñalolén,2020-2,convenio_marco,Pequeña,40276786,49,28,18
Peñalolén,2020-2,licitacion,Grande,231955481,13,13,5
Peñalolén,2020-2,licitacion,Mediana,111138623,21,15,5
Peñalolén,2020-2,licitacion,Micro,26101740,10,10,8
Peñalolén,2020-2,licitacion,NoClasificado,6468500,4,4,2
Peñalolén,2020-2,licitacion,Pequeña,186855260,46,39,15
Peñalolén,2020-2,trato_directo,Grande,396054731,58,18,14
Peñalolén,2020-2,trato_directo,Mediana,224422100,47,31,14
Peñalolén,2020-2,trato_directo,Micro,250467179,103,43,35
Peñalolén,2020-2,trato_directo,NoClasificado,201347726,60,16,13
Peñalolén,2020-2,trato_directo,Pequeña,50152100,59,37,23
Peñalolén,2021-1,compra_agil,Grande,21468862,145,25,15
Peñalolén,2021-1,compra_agil,Mediana,9079576,18,7,5
Peñalolén,2021-1,compra_agil,Micro,72988191,366,67,57
Peñalolén,2021-1,compra_agil,NoClasificado,440000,1,1,1
Peñalolén,2021-1,compra_agil,Pequeña,20556903,82,31,28
Peñalolén,2021-1,convenio_marco,Grande,332557973,120,52,23
Peñalolén,2021-1,convenio_marco,Mediana,166945652,36,22,13
Peñalolén,2021-1,convenio_marco,Micro,294754851,143,35,19
Peñalolén,2021-1,convenio_marco,Pequeña,297840612,54,43,14
Peñalolén,2021-1,licitacion,Grande,223707016,22,14,7
Peñalolén,2021-1,licitacion,Mediana,1068451647,86,22,8
Peñalolén,2021-1,licitacion,Micro,130631788,44,25,20
Peñalolén,2021-1,licitacion,Pequeña,32876963,58,25,7
Peñalolén,2021-1,trato_directo,Grande,130980968,53,29,23
Peñalolén,2021-1,trato_directo,Mediana,41584970,15,10,8
Peñalolén,2021-1,trato_directo,Micro,195286146,73,52,45
Peñalolén,2021-1,trato_directo,Pequeña,56317631,29,27,26
Peñalolén,2021-2,compra_agil,Grande,23967926,93,33,17
Peñalolén,2021-2,compra_agil,Mediana,33360471,243,30,16
Peñalolén,2021-2,compra_agil,Micro,145175430,656,182,125
Peñalolén,2021-2,compra_agil,NoClasificado,24313084,165,34,29
Peñalolén,2021-2,compra_agil,Pequeña,45829842,245,73,46
Peñalolén,2021-2,convenio_marco,Grande,345075214,41,24,11
Peñalolén,2021-2,convenio_marco,Mediana,57416509,27,10,6
Peñalolén,2021-2,convenio_marco,Micro,158542283,53,19,19
Peñalolén,2021-2,convenio_marco,Pequeña,71959960,50,10,5
Peñalolén,2021-2,licitacion,Grande,66549233,16,11,7
Peñalolén,2021-2,licitacion,Mediana,396635738,256,25,9
Peñalolén,2021-2,licitacion,Micro,196811199,95,30,17
Peñalolén,2021-2,licitacion,NoClasificado,1987200,1,1,1
Peñalolén,2021-2,licitacion,Pequeña,132824723,90,50,20
Peñalolén,2021-2,trato_directo,Grande,54378908,27,13,11
Peñalolén,2021-2,trato_directo,Mediana,85589262,33,19,10
Peñalolén,2021-2,trato_directo,Micro,88807997,32,24,22
Peñalolén,2021-2,trato_directo,NoClasificado,46963385,12,8,6
Peñalolén,2021-2,trato_directo,Pequeña,91392963,19,15,14
Peñalolén,2022-1,compra_agil,Grande,46991392,161,53,25
Peñalolén,2022-1,compra_agil,Mediana,22329619,93,32,24
Peñalolén,2022-1,compra_agil,Micro,95898355,702,127,94
Peñalolén,2022-1,compra_agil,NoClasificado,17211048,65,30,25
Peñalolén,2022-1,compra_agil,Pequeña,55036629,938,67,40
Peñalolén,2022-1,convenio_marco,Grande,289832662,52,25,15
Peñalolén,2022-1,convenio_marco,Mediana,68473739,9,8,4
Peñalolén,2022-1,convenio_marco,Micro,54105647,17,10,9
Peñalolén,2022-1,convenio_marco,Pequeña,23703461,4,4,4
Peñalolén,2022-1,licitacion,Grande,355899789,29,13,8
Peñalolén,2022-1,licitacion,Mediana,335046063,88,18,10
Peñalolén,2022-1,licitacion,Micro,527852717,106,42,17
Peñalolén,2022-1,licitacion,NoClasificado,38210505,44,3,3
Peñalolén,2022-1,licitacion,Pequeña,272144752,123,52,27
Peñalolén,2022-1,trato_directo,Grande,170751570,36,27,17
Peñalolén,2022-1,trato_directo,Mediana,12601511,16,4,3
Peñalolén,2022-1,trato_directo,Micro,113559264,21,19,15
Peñalolén,2022-1,trato_directo,NoClasificado,155850296,42,5,3
Peñalolén,2022-1,trato_directo,Pequeña,139414836,28,14,12
Peñalolén,2022-2,convenio_marco,Grande,832641368,214,63,22
Peñalolén,2022-2,convenio_marco,Mediana,98991906,34,19,12
Peñalolén,2022-2,convenio_marco,Micro,35963313,52,7,5
Peñalolén,2022-2,convenio_marco,NoClasificado,20771435,3,3,3
Peñalolén,2022-2,convenio_marco,Pequeña,39992614,22,20,14
Peñalolén,2022-2,licitacion,Grande,1296503767,63,30,24
Peñalolén,2022-2,licitacion,Mediana,507763012,95,22,13
Peñalolén,2022-2,licitacion,Micro,251524262,40,20,18
Peñalolén,2022-2,licitacion,NoClasificado,19167519,52,6,6
Peñalolén,2022-2,licitacion,Pequeña,536987303,200,63,25
Peñalolén,2022-2,trato_directo,Grande,697812146,246,63,44
Peñalolén,2022-2,trato_directo,Mediana,268613026,37,6,6
Peñalolén,2022-2,trato_directo,Micro,90470484,30,22,20
Peñalolén,2022-2,trato_directo,NoClasificado,27850946,13,4,4
Peñalolén,2022-2,trato_directo,Pequeña,451419363,61,39,30
Peñalolén,2023-1,compra_agil,Grande,108426154,988,135,73
Peñalolén,2023-1,compra_agil,Mediana,88608716,571,87,52
Peñalolén,2023-1,compra_agil,Micro,184133350,1394,200,127
Peñalolén,2023-1,compra_agil,NoClasificado,199705211,1924,192,124
Peñalolén,2023-1,compra_agil,Pequeña,245622972,2326,193,131
Peñalolén,2023-1,convenio_marco,Grande,916182366,134,50,28
Peñalolén,2023-1,convenio_marco,Mediana,148688102,39,13,8
Peñalolén,2023-1,convenio_marco,Micro,7275800,12,3,3
Peñalolén,2023-1,convenio_marco,NoClasificado,23931720,2,2,2
Peñalolén,2023-1,convenio_marco,Pequeña,38459916,11,10,7
Peñalolén,2023-1,licitacion,Grande,10436299373,321,109,65
Peñalolén,2023-1,licitacion,Mediana,2271884666,161,40,28
Peñalolén,2023-1,licitacion,Micro,201084706,45,17,16
Peñalolén,2023-1,licitacion,NoClasificado,746808062,126,23,21
Peñalolén,2023-1,licitacion,Pequeña,2864280560,538,80,53
Peñalolén,2023-1,trato_directo,Grande,1420825170,245,101,59
Peñalolén,2023-1,trato_directo,Mediana,93967330,41,20,17
Peñalolén,2023-1,trato_directo,Micro,178587085,48,32,23
Peñalolén,2023-1,trato_directo,NoClasificado,141854738,22,16,13
Peñalolén,2023-1,trato_directo,Pequeña,368852997,89,45,29
Peñalolén,2023-2,compra_agil,Grande,110980250,1325,100,58
Peñalolén,2023-2,compra_agil,Mediana,143634561,1051,99,61
Peñalolén,2023-2,compra_agil,Micro,280973578,2213,233,137
Peñalolén,2023-2,compra_agil,NoClasificado,111275763,1559,89,64
Peñalolén,2023-2,compra_agil,Pequeña,480891496,4668,392,207
Peñalolén,2023-2,convenio_marco,Grande,573238517,139,50,27
Peñalolén,2023-2,convenio_marco,Mediana,130567151,63,16,14
Peñalolén,2023-2,convenio_marco,Micro,17638900,9,2,2
Peñalolén,2023-2,convenio_marco,Pequeña,21536573,9,7,6
Peñalolén,2023-2,licitacion,Grande,6400394152,152,41,32
Peñalolén,2023-2,licitacion,Mediana,374331252,124,32,25
Peñalolén,2023-2,licitacion,Micro,373356782,68,22,12
Peñalolén,2023-2,licitacion,NoClasificado,49998880,4,4,4
Peñalolén,2023-2,licitacion,Pequeña,1681214486,929,113,69
Peñalolén,2023-2,trato_directo,Grande,2466871698,447,173,75
Peñalolén,2023-2,trato_directo,Mediana,279618643,105,58,39
Peñalolén,2023-2,trato_directo,Micro,162140249,59,40,23
Peñalolén,2023-2,trato_directo,NoClasificado,4684095,5,3,3
Peñalolén,2023-2,trato_directo,Pequeña,511168480,327,98,54
Peñalolén,2024-1,compra_agil,Grande,72396385,438,76,44
Peñalolén,2024-1,compra_agil,Mediana,120134754,1802,76,48
Peñalolén,2024-1,compra_agil,Micro,134325280,1084,127,88
Peñalolén,2024-1,compra_agil,NoClasificado,90310761,1687,78,55
Peñalolén,2024-1,compra_agil,Pequeña,344807055,3845,250,154
Peñalolén,2024-1,convenio_marco,Grande,831697397,124,39,23
Peñalolén,2024-1,convenio_marco,Mediana,230515744,105,18,14
Peñalolén,2024-1,convenio_marco,Micro,18714590,7,3,3
Peñalolén,2024-1,convenio_marco,Pequeña,38468904,12,8,3
Peñalolén,2024-1,licitacion,Grande,31157155274,275,88,59
Peñalolén,2024-1,licitacion,Mediana,4554884900,166,57,36
Peñalolén,2024-1,licitacion,Micro,325416445,77,31,17
Peñalolén,2024-1,licitacion,NoClasificado,809644037,172,12,11
Peñalolén,2024-1,licitacion,Pequeña,2493100871,642,127,71
Peñalolén,2024-1,trato_directo,Grande,1248811795,536,158,69
Peñalolén,2024-1,trato_directo,Mediana,501775607,171,64,40
Peñalolén,2024-1,trato_directo,Micro,140813195,140,47,21
Peñalolén,2024-1,trato_directo,NoClasificado,57446665,12,11,8
Peñalolén,2024-1,trato_directo,Pequeña,682110190,235,106,71
Peñalolén,2024-2,compra_agil,1.0,59061289,530,54,34
Peñalolén,2024-2,compra_agil,2.0,97529874,863,80,56
Peñalolén,2024-2,compra_agil,3.0,214123427,1730,145,86
Peñalolén,2024-2,compra_agil,4.0,325830625,3501,250,149
Peñalolén,2024-2,compra_agil,Micro,5644000,6,4,3
Peñalolén,2024-2,compra_agil,NoClasificado,132113438,1915,105,71
Peñalolén,2024-2,convenio_marco,1.0,330209617,44,28,17
Peñalolén,2024-2,convenio_marco,2.0,261068893,82,13,11
Peñalolén,2024-2,convenio_marco,3.0,85928107,44,4,3
Peñalolén,2024-2,convenio_marco,4.0,47353402,8,5,5
Peñalolén,2024-2,convenio_marco,NoClasificado,9705600,3,2,2
Peñalolén,2024-2,licitacion,1.0,4946645144,111,37,31
Peñalolén,2024-2,licitacion,2.0,1344538904,74,34,29
Peñalolén,2024-2,licitacion,3.0,121878957,56,27,13
Peñalolén,2024-2,licitacion,4.0,1738389575,341,102,63
Peñalolén,2024-2,licitacion,NoClasificado,221379449,28,19,14
Peñalolén,2024-2,trato_directo,1.0,899880309,236,128,60
Peñalolén,2024-2,trato_directo,2.0,1590195385,118,53,35
Peñalolén,2024-2,trato_directo,3.0,77414079,62,48,28
Peñalolén,2024-2,trato_directo,4.0,546352211,228,89,57
Peñalolén,2024-2,trato_directo,NoClasificado,83621821,57,55,11
Peñalolén,2025-1,compra_agil,Grande,21103341,30,13,12
Peñalolén,2025-1,compra_agil,Mediana,306875505,728,82,64
Peñalolén,2025-1,compra_agil,Micro,285754671,1698,105,73
Peñalolén,2025-1,compra_agil,NoClasificado,206611043,863,75,60
Peñalolén,2025-1,compra_agil,Pequeña,382817106,1521,200,145
Peñalolén,2025-1,convenio_marco,Grande,853275593,64,24,20
Peñalolén,2025-1,convenio_marco,Mediana,107152830,29,10,9
Peñalolén,2025-1,convenio_marco,Micro,22504270,5,4,3
Peñalolén,2025-1,convenio_marco,NoClasificado,3531444,3,2,1
Peñalolén,2025-1,convenio_marco,Pequeña,6439800,1,1,1
Peñalolén,2025-1,licitacion,Grande,9884019592,255,91,58
Peñalolén,2025-1,licitacion,Mediana,2229531196,161,47,34
Peñalolén,2025-1,licitacion,Micro,569847541,56,28,21
Peñalolén,2025-1,licitacion,NoClasificado,42484946,14,8,5
Peñalolén,2025-1,licitacion,Pequeña,1977174526,258,75,51
Peñalolén,2025-1,trato_directo,Grande,792873327,91,55,38
Peñalolén,2025-1,trato_directo,Mediana,221919709,55,29,20
Peñalolén,2025-1,trato_directo,Micro,106255089,20,18,14
Peñalolén,2025-1,trato_directo,NoClasificado,35686809,29,20,10
Peñalolén,2025-1,trato_directo,Pequeña,285243674,63,39,33
Peñalolén,2025-2,compra_agil,Grande,26346895,30,12,12
Peñalolén,2025-2,compra_agil,Mediana,132019054,600,85,51
Peñalolén,2025-2,compra_agil,Micro,268903365,1184,105,74
Peñalolén,2025-2,compra_agil,NoClasificado,273561922,893,114,99
Peñalolén,2025-2,compra_agil,Pequeña,362511998,1569,192,142
Peñalolén,2025-2,convenio_marco,Grande,181811702,38,11,10
Peñalolén,2025-2,convenio_marco,Mediana,17451757,12,5,4
Peñalolén,2025-2,convenio_marco,Micro,587740,2,1,1
Peñalolén,2025-2,convenio_marco,NoClasificado,1848000,1,1,1
Peñalolén,2025-2,convenio_marco,Pequeña,15824957,22,7,7
Peñalolén,2025-2,licitacion,Grande,1708129722,94,26,21
Peñalolén,2025-2,licitacion,Mediana,2068912353,158,23,18
Peñalolén,2025-2,licitacion,Micro,521496161,51,13,12
Peñalolén,2025-2,licitacion,NoClasificado,686674713,31,6,6
Peñalolén,2025-2,licitacion,Pequeña,1488566416,360,76,49
Peñalolén,2025-2,trato_directo,Grande,819574312,92,52,33
Peñalolén,2025-2,trato_directo,Mediana,162948179,74,25,23
Peñalolén,2025-2,trato_directo,Micro,22734469,41,22,14
Peñalolén,2025-2,trato_directo,NoClasificado,51183743,20,16,9
Peñalolén,2025-2,trato_directo,Pequeña,232748053,56,37,27
Providencia,2015-1,convenio_marco,Grande,586469319,399,173,36
Providencia,2015-1,convenio_marco,Mediana,98169672,103,70,30
Providencia,2015-1,convenio_marco,Micro,254186727,203,176,52
Providencia,2015-1,convenio_marco,Pequeña,209846876,281,179,57
Providencia,2015-1,licitacion,Grande,665616717,97,46,17
Providencia,2015-1,licitacion,Mediana,478767228,94,47,25
Providencia,2015-1,licitacion,Micro,612312829,171,109,77
Providencia,2015-1,licitacion,Pequeña,307668450,129,82,35
Providencia,2015-1,trato_directo,Grande,169375374,115,96,39
Providencia,2015-1,trato_directo,Mediana,50975289,32,25,17
Providencia,2015-1,trato_directo,Micro,255444949,258,230,113
Providencia,2015-1,trato_directo,Pequeña,128533754,96,82,50
Providencia,2015-2,convenio_marco,Grande,386577149,334,161,41
Providencia,2015-2,convenio_marco,Mediana,89410186,204,110,35
Providencia,2015-2,convenio_marco,Micro,299557951,306,207,66
Providencia,2015-2,convenio_marco,NoClasificado,2426960,10,1,1
Providencia,2015-2,convenio_marco,Pequeña,325095831,380,214,69
Providencia,2015-2,licitacion,Grande,658964380,167,84,27
Providencia,2015-2,licitacion,Mediana,360888273,74,48,22
Providencia,2015-2,licitacion,Micro,238923410,170,94,74
Providencia,2015-2,licitacion,Pequeña,1529964924,210,119,50
Providencia,2015-2,trato_directo,Grande,113002447,107,95,27
Providencia,2015-2,trato_directo,Mediana,375088241,82,53,25
Providencia,2015-2,trato_directo,Micro,216990124,280,258,139
Providencia,2015-2,trato_directo,Pequeña,895599813,141,91,52
Providencia,2016-1,convenio_marco,Grande,652172524,367,193,49
Providencia,2016-1,convenio_marco,Mediana,114117424,220,124,32
Providencia,2016-1,convenio_marco,Micro,307332075,326,192,90
Providencia,2016-1,convenio_marco,NoClasificado,596867,5,2,2
Providencia,2016-1,convenio_marco,Pequeña,206240170,371,150,65
Providencia,2016-1,licitacion,Grande,1255989250,218,92,15
Providencia,2016-1,licitacion,Mediana,726523138,33,26,16
Providencia,2016-1,licitacion,Micro,549018980,134,86,66
Providencia,2016-1,licitacion,Pequeña,446581339,183,108,49
Providencia,2016-1,trato_directo,Grande,244288684,139,119,36
Providencia,2016-1,trato_directo,Mediana,40362365,41,39,22
Providencia,2016-1,trato_directo,Micro,221173271,298,267,112
Providencia,2016-1,trato_directo,NoClasificado,13445378,1,1,1
Providencia,2016-1,trato_directo,Pequeña,149390939,140,113,59
Providencia,2016-2,convenio_marco,Grande,449187284,182,118,33
Providencia,2016-2,convenio_marco,Mediana,74913603,111,75,26
Providencia,2016-2,convenio_marco,Micro,256440166,245,156,53
Providencia,2016-2,convenio_marco,Pequeña,252661426,133,99,57
Providencia,2016-2,licitacion,Grande,279628209,80,40,18
Providencia,2016-2,licitacion,Mediana,206843689,47,31,16
Providencia,2016-2,licitacion,Micro,588650930,137,66,50
Providencia,2016-2,licitacion,Pequeña,267327578,161,93,44
Providencia,2016-2,trato_directo,Grande,147659833,129,116,27
Providencia,2016-2,trato_directo,Mediana,88775851,70,55,24
Providencia,2016-2,trato_directo,Micro,234690235,311,261,100
Providencia,2016-2,trato_directo,NoClasificado,2500000,1,1,1
Providencia,2016-2,trato_directo,Pequeña,159366390,104,92,41
Providencia,2017-1,convenio_marco,Grande,703476664,247,122,36
Providencia,2017-1,convenio_marco,Mediana,106593114,89,69,29
Providencia,2017-1,convenio_marco,Micro,127489798,159,95,48
Providencia,2017-1,convenio_marco,Pequeña,196038773,115,71,39
Providencia,2017-1,licitacion,Grande,983016630,77,39,20
Providencia,2017-1,licitacion,Mediana,420444432,40,37,16
Providencia,2017-1,licitacion,Micro,257384971,127,75,60
Providencia,2017-1,licitacion,Pequeña,116289590,157,104,26
Providencia,2017-1,trato_directo,Grande,95473248,106,102,23
Providencia,2017-1,trato_directo,Mediana,149829986,69,55,23
Providencia,2017-1,trato_directo,Micro,139762082,250,192,78
Providencia,2017-1,trato_directo,Pequeña,250943168,108,92,45
Providencia,2017-2,convenio_marco,Grande,471109331,328,161,41
Providencia,2017-2,convenio_marco,Mediana,165554518,182,89,29
Providencia,2017-2,convenio_marco,Micro,195643156,182,108,54
Providencia,2017-2,convenio_marco,Pequeña,319079100,152,78,43
Providencia,2017-2,licitacion,Grande,9351985915,100,54,20
Providencia,2017-2,licitacion,Mediana,954991758,52,34,18
Providencia,2017-2,licitacion,Micro,448588991,85,64,48
Providencia,2017-2,licitacion,Pequeña,3255331265,299,97,48
Providencia,2017-2,trato_directo,Grande,115852903,126,116,33
Providencia,2017-2,trato_directo,Mediana,119271442,57,53,22
Providencia,2017-2,trato_directo,Micro,190371245,281,219,94
Providencia,2017-2,trato_directo,Pequeña,86440784,115,88,54
Providencia,2018-1,convenio_marco,Grande,478221556,257,126,33
Providencia,2018-1,convenio_marco,Mediana,74202400,124,75,31
Providencia,2018-1,convenio_marco,Micro,207144297,223,122,72
Providencia,2018-1,convenio_marco,Pequeña,125714747,297,116,56
Providencia,2018-1,licitacion,Grande,479036999,262,72,19
Providencia,2018-1,licitacion,Mediana,1176795400,39,33,19
Providencia,2018-1,licitacion,Micro,454889898,114,89,73
Providencia,2018-1,licitacion,NoClasificado,2390000,1,1,1
Providencia,2018-1,licitacion,Pequeña,587442195,232,129,48
Providencia,2018-1,trato_directo,Grande,153729753,123,122,34
Providencia,2018-1,trato_directo,Mediana,123779506,54,48,21
Providencia,2018-1,trato_directo,Micro,171371015,193,142,66
Providencia,2018-1,trato_directo,Pequeña,110332687,90,80,46
Providencia,2018-2,convenio_marco,Grande,284271164,233,140,36
Providencia,2018-2,convenio_marco,Mediana,84816137,110,68,30
Providencia,2018-2,convenio_marco,Micro,261099925,262,155,70
Providencia,2018-2,convenio_marco,NoClasificado,24302940,3,2,1
Providencia,2018-2,convenio_marco,Pequeña,169934104,151,127,54
Providencia,2018-2,licitacion,Grande,2425844773,311,120,22
Providencia,2018-2,licitacion,Mediana,454495429,31,25,15
Providencia,2018-2,licitacion,Micro,519536644,151,109,84
Providencia,2018-2,licitacion,NoClasificado,577800,1,1,1
Providencia,2018-2,licitacion,Pequeña,1301182356,183,121,50
Providencia,2018-2,trato_directo,Grande,88642569,91,82,25
Providencia,2018-2,trato_directo,Mediana,40230184,32,32,12
Providencia,2018-2,trato_directo,Micro,259252440,126,109,80
Providencia,2018-2,trato_directo,Pequeña,50750659,58,50,33
Providencia,2019-1,convenio_marco,Grande,515666281,162,117,38
Providencia,2019-1,convenio_marco,Mediana,61753098,63,52,26
Providencia,2019-1,convenio_marco,Micro,219747507,227,166,81
Providencia,2019-1,convenio_marco,Pequeña,122111610,163,123,49
Providencia,2019-1,licitacion,Grande,1540969861,328,126,23
Providencia,2019-1,licitacion,Mediana,3262899653,45,39,22
Providencia,2019-1,licitacion,Micro,1387205276,181,123,89
Providencia,2019-1,licitacion,Pequeña,1188375076,206,128,60
Providencia,2019-1,trato_directo,Grande,102989640,133,119,33
Providencia,2019-1,trato_directo,Mediana,56528943,131,40,23
Providencia,2019-1,trato_directo,Micro,124146567,91,79,52
Providencia,2019-1,trato_directo,Pequeña,148517856,82,59,30
Providencia,2019-2,convenio_marco,Grande,348100048,265,147,39
Providencia,2019-2,convenio_marco,Mediana,175105493,110,76,38
Providencia,2019-2,convenio_marco,Micro,323478417,367,173,94
Providencia,2019-2,convenio_marco,Pequeña,224600391,156,126,54
Providencia,2019-2,licitacion,Grande,855686404,239,97,20
Providencia,2019-2,licitacion,Mediana,880564186,41,31,17
Providencia,2019-2,licitacion,Micro,1475042941,165,119,84
Providencia,2019-2,licitacion,Pequeña,2538359196,139,115,48
Providencia,2019-2,trato_directo,Grande,140188491,104,95,31
Providencia,2019-2,trato_directo,Mediana,93443248,59,42,24
Providencia,2019-2,trato_directo,Micro,155823197,108,88,63
Providencia,2019-2,trato_directo,Pequeña,195965498,88,84,41
Providencia,2020-1,compra_agil,Grande,1023826,3,2,2
Providencia,2020-1,compra_agil,Mediana,78000,1,1,1
Providencia,2020-1,compra_agil,Micro,4864672,12,12,12
Providencia,2020-1,compra_agil,NoClasificado,2504000,17,2,2
Providencia,2020-1,compra_agil,Pequeña,2835101,7,6,6
Providencia,2020-1,convenio_marco,Grande,456797096,96,59,23
Providencia,2020-1,convenio_marco,Mediana,39995333,97,17,14
Providencia,2020-1,convenio_marco,Micro,76338916,71,63,41
Providencia,2020-1,convenio_marco,Pequeña,67567946,90,55,31
Providencia,2020-1,licitacion,Grande,436901549,77,66,10
Providencia,2020-1,licitacion,Mediana,707214398,20,17,11
Providencia,2020-1,licitacion,Micro,701214009,87,84,61
Providencia,2020-1,licitacion,NoClasificado,16745220,2,2,2
Providencia,2020-1,licitacion,Pequeña,1640641389,75,66,33
Providencia,2020-1,trato_directo,Grande,184586121,113,96,32
Providencia,2020-1,trato_directo,Mediana,57639114,48,30,20
Providencia,2020-1,trato_directo,Micro,350267895,101,75,44
Providencia,2020-1,trato_directo,NoClasificado,7008066,2,2,2
Providencia,2020-1,trato_directo,Pequeña,329542865,114,74,45
Providencia,2020-2,compra_agil,Grande,17225637,60,32,17
Providencia,2020-2,compra_agil,Mediana,11527287,37,16,14
Providencia,2020-2,compra_agil,Micro,45940416,319,84,59
Providencia,2020-2,compra_agil,NoClasificado,10025799,48,31,30
Providencia,2020-2,compra_agil,Pequeña,19704621,143,54,37
Providencia,2020-2,convenio_marco,Grande,196211335,89,75,21
Providencia,2020-2,convenio_marco,Mediana,74971556,11,7,6
Providencia,2020-2,convenio_marco,Micro,71749348,68,48,33
Providencia,2020-2,convenio_marco,NoClasificado,1480000,1,1,1
Providencia,2020-2,convenio_marco,Pequeña,138430990,65,59,30
Providencia,2020-2,licitacion,Grande,1466704488,71,37,15
Providencia,2020-2,licitacion,Mediana,203345567,16,13,8
Providencia,2020-2,licitacion,Micro,493999522,56,55,29
Providencia,2020-2,licitacion,NoClasificado,1337670,2,2,2
Providencia,2020-2,licitacion,Pequeña,511171054,97,69,28
Providencia,2020-2,trato_directo,Grande,242620006,81,79,18
Providencia,2020-2,trato_directo,Mediana,56346667,19,18,9
Providencia,2020-2,trato_directo,Micro,194382301,54,42,20
Providencia,2020-2,trato_directo,NoClasificado,14480000,2,2,2
Providencia,2020-2,trato_directo,Pequeña,375155950,50,32,19
Providencia,2021-1,compra_agil,Grande,17823563,74,39,21
Providencia,2021-1,compra_agil,Mediana,15768680,149,23,18
Providencia,2021-1,compra_agil,Micro,72552003,262,168,120
Providencia,2021-1,compra_agil,NoClasificado,1703882,11,2,2
Providencia,2021-1,compra_agil,Pequeña,29811442,104,73,45
Providencia,2021-1,convenio_marco,Grande,325067061,75,36,19
Providencia,2021-1,convenio_marco,Mediana,117305886,9,8,8
Providencia,2021-1,convenio_marco,Micro,18315103,26,15,15
Providencia,2021-1,convenio_marco,Pequeña,17448935,19,14,9
Providencia,2021-1,licitacion,Grande,1665798045,61,53,20
Providencia,2021-1,licitacion,Mediana,80700256,24,13,11
Providencia,2021-1,licitacion,Micro,1336971638,119,89,54
Providencia,2021-1,licitacion,Pequeña,448472521,89,60,28
Providencia,2021-1,trato_directo,Grande,97875346,76,71,21
Providencia,2021-1,trato_directo,Mediana,18727606,13,13,8
Providencia,2021-1,trato_directo,Micro,160274047,40,29,22
Providencia,2021-1,trato_directo,Pequeña,745919767,41,23,15
Providencia,2021-2,compra_agil,Grande,28427601,90,36,20
Providencia,2021-2,compra_agil,Mediana,12622229,43,21,15
Providencia,2021-2,compra_agil,Micro,129247354,712,210,146
Providencia,2021-2,compra_agil,NoClasificado,16291250,69,36,34
Providencia,2021-2,compra_agil,Pequeña,52705412,214,89,62
Providencia,2021-2,convenio_marco,Grande,126350355,28,25,8
Providencia,2021-2,convenio_marco,Mediana,7457616,5,4,4
Providencia,2021-2,convenio_marco,Micro,23802164,19,14,12
Providencia,2021-2,convenio_marco,Pequeña,9002829,10,10,6
Providencia,2021-2,licitacion,Grande,951829421,165,92,20
Providencia,2021-2,licitacion,Mediana,2027874054,69,32,20
Providencia,2021-2,licitacion,Micro,2701436790,488,145,97
Providencia,2021-2,licitacion,NoClasificado,515832272,71,21,14
Providencia,2021-2,licitacion,Pequeña,1145886413,164,89,39
Providencia,2021-2,trato_directo,Grande,187751285,87,81,18
Providencia,2021-2,trato_directo,Mediana,21148474,12,12,4
Providencia,2021-2,trato_directo,Micro,180573384,49,40,28
Providencia,2021-2,trato_directo,NoClasificado,930874,6,5,5
Providencia,2021-2,trato_directo,Pequeña,946906227,50,48,19
Providencia,2022-1,compra_agil,Grande,39749556,236,47,27
Providencia,2022-1,compra_agil,Mediana,18696171,79,32,23
Providencia,2022-1,compra_agil,Micro,88385670,520,156,123
Providencia,2022-1,compra_agil,NoClasificado,33107719,291,50,33
Providencia,2022-1,compra_agil,Pequeña,76149491,400,87,59
Providencia,2022-1,convenio_marco,Grande,346988253,18,12,8
Providencia,2022-1,convenio_marco,Mediana,2910000,2,2,2
Providencia,2022-1,convenio_marco,Micro,1128350,1,1,1
Providencia,2022-1,licitacion,Grande,26990837532,121,99,34
Providencia,2022-1,licitacion,Mediana,1035864171,88,40,22
Providencia,2022-1,licitacion,Micro,3638044442,304,115,60
Providencia,2022-1,licitacion,NoClasificado,47425345,27,10,8
Providencia,2022-1,licitacion,Pequeña,8177626259,197,98,55
Providencia,2022-1,trato_directo,Grande,2459228606,120,109,33
Providencia,2022-1,trato_directo,Mediana,24149697,9,9,5
Providencia,2022-1,trato_directo,Micro,161267833,61,54,41
Providencia,2022-1,trato_directo,NoClasificado,1999900,1,1,1
Providencia,2022-1,trato_directo,Pequeña,838634558,41,31,15
Providencia,2022-2,convenio_marco,Grande,191438164,44,24,8
Providencia,2022-2,convenio_marco,Mediana,10586650,3,3,3
Providencia,2022-2,convenio_marco,Micro,1887500,1,1,1
Providencia,2022-2,convenio_marco,Pequeña,586250,1,1,1
Providencia,2022-2,licitacion,Grande,3502297691,192,117,49
Providencia,2022-2,licitacion,Mediana,1065723140,117,96,24
Providencia,2022-2,licitacion,Micro,2360200259,205,103,52
Providencia,2022-2,licitacion,NoClasificado,151260770,57,35,25
Providencia,2022-2,licitacion,Pequeña,8744907076,303,120,55
Providencia,2022-2,trato_directo,Grande,382026430,143,135,30
Providencia,2022-2,trato_directo,Mediana,57625606,21,21,9
Providencia,2022-2,trato_directo,Micro,163334494,51,37,28
Providencia,2022-2,trato_directo,NoClasificado,54546143,10,10,8
Providencia,2022-2,trato_directo,Pequeña,178049944,44,38,18
Providencia,2023-1,compra_agil,Grande,86788547,874,57,34
Providencia,2023-1,compra_agil,Mediana,18281167,81,22,18
Providencia,2023-1,compra_agil,Micro,87935605,325,119,88
Providencia,2023-1,compra_agil,NoClasificado,60132556,318,73,61
Providencia,2023-1,compra_agil,Pequeña,77948700,389,105,76
Providencia,2023-1,convenio_marco,Grande,492144462,25,19,9
Providencia,2023-1,convenio_marco,Mediana,8766800,2,2,1
Providencia,2023-1,convenio_marco,Micro,2896950,1,1,1
Providencia,2023-1,licitacion,Grande,4265648670,158,114,49
Providencia,2023-1,licitacion,Mediana,2689814907,86,75,29
Providencia,2023-1,licitacion,Micro,988046848,158,61,46
Providencia,2023-1,licitacion,NoClasificado,478473159,60,33,23
Providencia,2023-1,licitacion,Pequeña,1305822284,223,129,58
Providencia,2023-1,trato_directo,Grande,592096705,156,143,30
Providencia,2023-1,trato_directo,Mediana,34857854,11,11,6
Providencia,2023-1,trato_directo,Micro,71578700,35,32,25
Providencia,2023-1,trato_directo,NoClasificado,12818810,6,5,5
Providencia,2023-1,trato_directo,Pequeña,87228487,42,32,20
Providencia,2023-2,compra_agil,Grande,33258122,121,43,29
Providencia,2023-2,compra_agil,Mediana,40264947,353,36,29
Providencia,2023-2,compra_agil,Micro,51186862,248,87,64
Providencia,2023-2,compra_agil,NoClasificado,27139904,130,32,24
Providencia,2023-2,compra_agil,Pequeña,109987932,593,151,117
Providencia,2023-2,convenio_marco,Grande,302132853,28,21,7
Providencia,2023-2,convenio_marco,Mediana,82557384,12,6,6
Providencia,2023-2,convenio_marco,Micro,7477840,1,1,1
Providencia,2023-2,licitacion,Grande,2145861009,183,110,48
Providencia,2023-2,licitacion,Mediana,3431780888,194,123,43
Providencia,2023-2,licitacion,Micro,407132425,154,59,40
Providencia,2023-2,licitacion,NoClasificado,1045640581,102,24,14
Providencia,2023-2,licitacion,Pequeña,1912724009,444,152,76
Providencia,2023-2,trato_directo,Grande,148784579,111,102,24
Providencia,2023-2,trato_directo,Mediana,340206646,37,32,21
Providencia,2023-2,trato_directo,Micro,41463008,17,17,16
Providencia,2023-2,trato_directo,NoClasificado,27464100,15,15,14
Providencia,2023-2,trato_directo,Pequeña,287563861,58,42,32
Providencia,2024-1,compra_agil,Grande,38640530,187,53,29
Providencia,2024-1,compra_agil,Mediana,23428775,65,39,31
Providencia,2024-1,compra_agil,Micro,80242163,337,112,77
Providencia,2024-1,compra_agil,NoClasificado,34407158,222,47,35
Providencia,2024-1,compra_agil,Pequeña,104212763,530,144,116
Providencia,2024-1,convenio_marco,Grande,489673315,26,14,6
Providencia,2024-1,convenio_marco,Mediana,15335400,4,4,2
Providencia,2024-1,licitacion,Grande,3868394711,204,106,36
Providencia,2024-1,licitacion,Mediana,3860980683,173,119,43
Providencia,2024-1,licitacion,Micro,1143030726,93,51,35
Providencia,2024-1,licitacion,NoClasificado,395178948,53,34,25
Providencia,2024-1,licitacion,Pequeña,2971944825,393,136,84
Providencia,2024-1,trato_directo,Grande,361338823,145,133,38
Providencia,2024-1,trato_directo,Mediana,117355295,30,25,22
Providencia,2024-1,trato_directo,Micro,124524857,34,32,29
Providencia,2024-1,trato_directo,NoClasificado,224182717,25,21,21
Providencia,2024-1,trato_directo,Pequeña,414950133,109,67,43
Providencia,2024-2,compra_agil,1.0,52600098,241,47,29
Providencia,2024-2,compra_agil,2.0,117799404,1379,69,46
Providencia,2024-2,compra_agil,3.0,63420415,344,91,64
Providencia,2024-2,compra_agil,4.0,127682829,766,138,99
Providencia,2024-2,compra_agil,Micro,110000,1,1,1
Providencia,2024-2,compra_agil,NoClasificado,70163380,290,78,58
Providencia,2024-2,convenio_marco,1.0,158792284,26,18,8
Providencia,2024-2,convenio_marco,2.0,7430000,2,2,1
Providencia,2024-2,licitacion,1.0,2273922952,136,99,29
Providencia,2024-2,licitacion,2.0,2720202160,141,105,36
Providencia,2024-2,licitacion,3.0,246707616,115,60,38
Providencia,2024-2,licitacion,4.0,3925501154,281,154,87
Providencia,2024-2,licitacion,Micro,3770949,41,4,3
Providencia,2024-2,licitacion,NoClasificado,1222124748,61,55,29
Providencia,2024-2,trato_directo,1.0,414844682,100,98,24
Providencia,2024-2,trato_directo,2.0,73298343,22,22,11
Providencia,2024-2,trato_directo,3.0,91413261,13,13,12
Providencia,2024-2,trato_directo,4.0,41231975,43,35,24
Providencia,2024-2,trato_directo,Micro,12719550,17,17,12
Providencia,2024-2,trato_directo,NoClasificado,27712068,21,20,20
Providencia,2024-2,trato_directo,Pequeña,1347920,2,2,2
Providencia,2025-1,compra_agil,Grande,1642761,18,8,7
Providencia,2025-1,compra_agil,Mediana,68992682,268,73,51
Providencia,2025-1,compra_agil,Micro,122573993,520,120,79
Providencia,2025-1,compra_agil,NoClasificado,185462191,879,106,74
Providencia,2025-1,compra_agil,Pequeña,244528693,928,158,107
Providencia,2025-1,convenio_marco,Grande,509911888,24,16,5
Providencia,2025-1,convenio_marco,Mediana,2648999,2,2,2
Providencia,2025-1,convenio_marco,Pequeña,18024100,2,2,2
Providencia,2025-1,licitacion,Grande,7604613490,138,106,42
Providencia,2025-1,licitacion,Mediana,3940928946,109,64,32
Providencia,2025-1,licitacion,Micro,902014533,76,42,33
Providencia,2025-1,licitacion,NoClasificado,4135528249,59,37,25
Providencia,2025-1,licitacion,Pequeña,1030595853,260,96,53
Providencia,2025-1,trato_directo,Grande,681434235,119,108,21
Providencia,2025-1,trato_directo,Mediana,567753590,27,23,13
Providencia,2025-1,trato_directo,Micro,80915407,23,20,17
Providencia,2025-1,trato_directo,NoClasificado,37511851,18,16,15
Providencia,2025-1,trato_directo,Pequeña,223502610,84,45,32
Providencia,2025-2,compra_agil,Grande,20159665,23,9,8
Providencia,2025-2,compra_agil,Mediana,151863168,415,53,44
Providencia,2025-2,compra_agil,Micro,383971035,1524,103,70
Providencia,2025-2,compra_agil,NoClasificado,377549382,1818,150,120
Providencia,2025-2,compra_agil,Pequeña,382924366,1121,185,124
Providencia,2025-2,convenio_marco,Grande,161358547,19,14,5
Providencia,2025-2,convenio_marco,Mediana,8031000,2,2,2
Providencia,2025-2,convenio_marco,Pequeña,25244120,3,3,2
Providencia,2025-2,licitacion,Grande,4309476072,108,83,37
Providencia,2025-2,licitacion,Mediana,29621029121,107,66,30
Providencia,2025-2,licitacion,Micro,689772165,54,36,27
Providencia,2025-2,licitacion,NoClasificado,3600590879,59,46,31
Providencia,2025-2,licitacion,Pequeña,8284058433,210,103,62
Providencia,2025-2,trato_directo,Grande,116067881,74,71,20
Providencia,2025-2,trato_directo,Mediana,52993848,16,16,5
Providencia,2025-2,trato_directo,Micro,27822218,7,7,6
Providencia,2025-2,trato_directo,NoClasificado,13207600,7,5,5
Providencia,2025-2,trato_directo,Pequeña,29479282,13,10,9
Pudahuel,2015-1,convenio_marco,Grande,283435611,349,107,21
Pudahuel,2015-1,convenio_marco,Mediana,217079894,117,76,15
Pudahuel,2015-1,convenio_marco,Micro,103714038,131,93,30
Pudahuel,2015-1,convenio_marco,Pequeña,82146282,80,68,20
Pudahuel,2015-1,licitacion,Grande,59600175,11,11,4
Pudahuel,2015-1,licitacion,Mediana,381002515,100,54,10
Pudahuel,2015-1,licitacion,Micro,198586762,335,73,54
Pudahuel,2015-1,licitacion,Pequeña,181586012,153,55,28
Pudahuel,2015-1,trato_directo,Grande,58014095,350,335,19
Pudahuel,2015-1,trato_directo,Mediana,90967903,61,54,14
Pudahuel,2015-1,trato_directo,Micro,77407201,268,122,47
Pudahuel,2015-1,trato_directo,Pequeña,55056162,257,72,26
Pudahuel,2015-2,convenio_marco,Grande,300836875,745,154,22
Pudahuel,2015-2,convenio_marco,Mediana,580040516,259,145,29
Pudahuel,2015-2,convenio_marco,Micro,240123433,379,166,48
Pudahuel,2015-2,convenio_marco,NoClasificado,183000,1,1,1
Pudahuel,2015-2,convenio_marco,Pequeña,226342591,468,156,27
Pudahuel,2015-2,licitacion,Grande,273166039,69,45,10
Pudahuel,2015-2,licitacion,Mediana,895943209,126,77,13
Pudahuel,2015-2,licitacion,Micro,238041704,177,60,44
Pudahuel,2015-2,licitacion,Pequeña,513891419,165,73,25
Pudahuel,2015-2,trato_directo,Grande,162989774,300,282,19
Pudahuel,2015-2,trato_directo,Mediana,250946920,182,166,16
Pudahuel,2015-2,trato_directo,Micro,192393222,315,167,75
Pudahuel,2015-2,trato_directo,Pequeña,69940623,157,54,32
Pudahuel,2016-1,convenio_marco,Grande,125578066,271,86,22
Pudahuel,2016-1,convenio_marco,Mediana,323562923,193,122,23
Pudahuel,2016-1,convenio_marco,Micro,225144801,425,159,43
Pudahuel,2016-1,convenio_marco,NoClasificado,189500,2,2,1
Pudahuel,2016-1,convenio_marco,Pequeña,162638551,203,84,23
Pudahuel,2016-1,licitacion,Grande,19904177,17,17,2
Pudahuel,2016-1,licitacion,Mediana,543938270,48,48,6
Pudahuel,2016-1,licitacion,Micro,133548130,40,30,24
Pudahuel,2016-1,licitacion,Pequeña,348010241,48,45,10
Pudahuel,2016-1,trato_directo,Grande,109543454,317,316,18
Pudahuel,2016-1,trato_directo,Mediana,23544674,176,173,15
Pudahuel,2016-1,trato_directo,Micro,123403488,593,158,47
Pudahuel,2016-1,trato_directo,Pequeña,51241004,82,37,24
Pudahuel,2016-2,convenio_marco,Grande,361773179,393,116,24
Pudahuel,2016-2,convenio_marco,Mediana,430607190,198,113,18
Pudahuel,2016-2,convenio_marco,Micro,359978613,312,183,42
Pudahuel,2016-2,convenio_marco,NoClasificado,1133314,2,2,1
Pudahuel,2016-2,convenio_marco,Pequeña,382559620,270,174,28
Pudahuel,2016-2,licitacion,Grande,210129311,12,12,4
Pudahuel,2016-2,licitacion,Mediana,288383624,17,17,5
Pudahuel,2016-2,licitacion,Micro,151557306,26,22,10
Pudahuel,2016-2,licitacion,Pequeña,426631079,44,43,16
Pudahuel,2016-2,trato_directo,Grande,111238965,281,272,14
Pudahuel,2016-2,trato_directo,Mediana,29155374,143,113,17
Pudahuel,2016-2,trato_directo,Micro,237486364,738,243,79
Pudahuel,2016-2,trato_directo,NoClasificado,1464000,2,2,2
Pudahuel,2016-2,trato_directo,Pequeña,51563769,245,67,26
Pudahuel,2017-1,convenio_marco,Grande,353738659,753,162,23
Pudahuel,2017-1,convenio_marco,Mediana,126839996,176,84,20
Pudahuel,2017-1,convenio_marco,Micro,272764424,357,168,52
Pudahuel,2017-1,convenio_marco,Pequeña,248247917,206,122,27
Pudahuel,2017-1,licitacion,Grande,125651836,6,6,3
Pudahuel,2017-1,licitacion,Mediana,32551492,4,4,3
Pudahuel,2017-1,licitacion,Micro,92808500,24,19,15
Pudahuel,2017-1,licitacion,Pequeña,256326028,37,35,10
Pudahuel,2017-1,trato_directo,Grande,55794632,212,206,16
Pudahuel,2017-1,trato_directo,Mediana,24816330,76,69,11
Pudahuel,2017-1,trato_directo,Micro,122386750,576,143,39
Pudahuel,2017-1,trato_directo,Pequeña,37474351,53,35,22
Pudahuel,2017-2,convenio_marco,Grande,338789163,542,148,23
Pudahuel,2017-2,convenio_marco,Mediana,209398661,334,117,24
Pudahuel,2017-2,convenio_marco,Micro,664714547,376,263,69
Pudahuel,2017-2,convenio_marco,Pequeña,399429543,367,203,37
Pudahuel,2017-2,licitacion,Grande,10645090,4,4,2
Pudahuel,2017-2,licitacion,Mediana,590971,1,1,1
Pudahuel,2017-2,licitacion,Micro,164724327,22,22,20
Pudahuel,2017-2,licitacion,Pequeña,103071515,10,10,8
Pudahuel,2017-2,trato_directo,Grande,4062132,24,14,4
Pudahuel,2017-2,trato_directo,Mediana,6068674,9,9,7
Pudahuel,2017-2,trato_directo,Micro,180680425,460,182,66
Pudahuel,2017-2,trato_directo,Pequeña,158018486,248,44,17
Pudahuel,2018-1,convenio_marco,Grande,349642682,841,177,29
Pudahuel,2018-1,convenio_marco,Mediana,175227199,261,76,17
Pudahuel,2018-1,convenio_marco,Micro,399917603,244,170,51
Pudahuel,2018-1,convenio_marco,Pequeña,238216120,195,105,42
Pudahuel,2018-1,licitacion,Grande,99000000,1,1,1
Pudahuel,2018-1,licitacion,Mediana,47771413,7,6,5
Pudahuel,2018-1,licitacion,Micro,122412000,21,21,13
Pudahuel,2018-1,licitacion,Pequeña,17397764,4,4,4
Pudahuel,2018-1,trato_directo,Grande,47364315,20,17,12
Pudahuel,2018-1,trato_directo,Mediana,8646270,11,6,5
Pudahuel,2018-1,trato_directo,Micro,107798151,300,84,39
Pudahuel,2018-1,trato_directo,NoClasificado,2284915,12,2,1
Pudahuel,2018-1,trato_directo,Pequeña,179336089,67,31,18
Pudahuel,2018-2,convenio_marco,Grande,289202586,569,117,31
Pudahuel,2018-2,convenio_marco,Mediana,171678161,199,76,24
Pudahuel,2018-2,convenio_marco,Micro,1032387229,487,294,73
Pudahuel,2018-2,convenio_marco,Pequeña,209478753,251,134,39
Pudahuel,2018-2,licitacion,Grande,70462838,4,4,3
Pudahuel,2018-2,licitacion,Micro,205774806,40,33,24
Pudahuel,2018-2,licitacion,Pequeña,65197207,7,7,7
Pudahuel,2018-2,trato_directo,Grande,10728496,89,20,6
Pudahuel,2018-2,trato_directo,Mediana,37782950,7,7,7
Pudahuel,2018-2,trato_directo,Micro,129801786,180,43,32
Pudahuel,2018-2,trato_directo,Pequeña,27730933,41,12,10
Pudahuel,2019-1,convenio_marco,Grande,534735905,506,84,25
Pudahuel,2019-1,convenio_marco,Mediana,93570414,111,32,15
Pudahuel,2019-1,convenio_marco,Micro,743084896,339,212,63
Pudahuel,2019-1,convenio_marco,Pequeña,303703470,557,109,31
Pudahuel,2019-1,licitacion,Grande,232890335,7,6,4
Pudahuel,2019-1,licitacion,Mediana,29575547,4,4,2
Pudahuel,2019-1,licitacion,Micro,89548083,14,13,12
Pudahuel,2019-1,licitacion,Pequeña,7321558,3,3,3
Pudahuel,2019-1,trato_directo,Grande,10847906,138,25,8
Pudahuel,2019-1,trato_directo,Mediana,5521328,15,9,7
Pudahuel,2019-1,trato_directo,Micro,45097704,79,39,19
Pudahuel,2019-1,trato_directo,NoClasificado,19000000,1,1,1
Pudahuel,2019-1,trato_directo,Pequeña,71143678,474,46,12
Pudahuel,2019-2,convenio_marco,Grande,122196504,177,52,24
Pudahuel,2019-2,convenio_marco,Mediana,75895166,130,38,16
Pudahuel,2019-2,convenio_marco,Micro,1102374098,477,252,81
Pudahuel,2019-2,convenio_marco,Pequeña,352292742,482,158,48
Pudahuel,2019-2,licitacion,Grande,239905256,2,2,2
Pudahuel,2019-2,licitacion,Mediana,6926898,1,1,1
Pudahuel,2019-2,licitacion,Micro,342993747,108,27,14
Pudahuel,2019-2,licitacion,NoClasificado,6000000,1,1,1
Pudahuel,2019-2,licitacion,Pequeña,2220022572,18,17,14
Pudahuel,2019-2,trato_directo,Grande,23206307,171,29,9
Pudahuel,2019-2,trato_directo,Mediana,67306773,35,15,8
Pudahuel,2019-2,trato_directo,Micro,152077056,71,48,34
Pudahuel,2019-2,trato_directo,NoClasificado,1344538,1,1,1
Pudahuel,2019-2,trato_directo,Pequeña,87153977,360,61,21
Pudahuel,2020-1,convenio_marco,Grande,129029961,386,35,11
Pudahuel,2020-1,convenio_marco,Mediana,52475450,40,15,8
Pudahuel,2020-1,convenio_marco,Micro,373905504,145,81,33
Pudahuel,2020-1,convenio_marco,Pequeña,110441847,145,46,18
Pudahuel,2020-1,licitacion,Grande,134350000,3,3,3
Pudahuel,2020-1,licitacion,Micro,331399978,189,24,6
Pudahuel,2020-1,licitacion,NoClasificado,11400000,1,1,1
Pudahuel,2020-1,trato_directo,Grande,5122608,21,7,6
Pudahuel,2020-1,trato_directo,Mediana,10800240,13,7,5
Pudahuel,2020-1,trato_directo,Micro,759097200,58,29,21
Pudahuel,2020-1,trato_directo,NoClasificado,8760000,2,2,2
Pudahuel,2020-1,trato_directo,Pequeña,110771925,57,23,16
Pudahuel,2020-2,compra_agil,Grande,34073,3,1,1
Pudahuel,2020-2,compra_agil,Micro,1598546,30,5,4
Pudahuel,2020-2,compra_agil,NoClasificado,1503200,12,4,4
Pudahuel,2020-2,convenio_marco,Grande,169507943,368,36,14
Pudahuel,2020-2,convenio_marco,Mediana,44867930,18,12,7
Pudahuel,2020-2,convenio_marco,Micro,386079890,150,92,45
Pudahuel,2020-2,convenio_marco,Pequeña,140639780,341,68,26
Pudahuel,2020-2,licitacion,Grande,33711000,3,3,3
Pudahuel,2020-2,licitacion,Mediana,9406000,2,2,2
Pudahuel,2020-2,licitacion,Micro,91684000,30,6,4
Pudahuel,2020-2,licitacion,Pequeña,39581202,4,4,4
Pudahuel,2020-2,trato_directo,Grande,1017627626,27,14,8
Pudahuel,2020-2,trato_directo,Mediana,38207781,3,3,3
Pudahuel,2020-2,trato_directo,Micro,526755264,111,45,28
Pudahuel,2020-2,trato_directo,NoClasificado,149010109,39,15,6
Pudahuel,2020-2,trato_directo,Pequeña,474177136,43,26,22
Pudahuel,2021-1,compra_agil,Grande,30992209,2363,14,7
Pudahuel,2021-1,compra_agil,Mediana,4621000,12,5,3
Pudahuel,2021-1,compra_agil,Micro,136706225,2808,30,26
Pudahuel,2021-1,compra_agil,Pequeña,8415157,43,15,13
Pudahuel,2021-1,convenio_marco,Grande,115319331,40,14,9
Pudahuel,2021-1,convenio_marco,Mediana,12301442,4,4,4
Pudahuel,2021-1,convenio_marco,Micro,328303298,110,47,16
Pudahuel,2021-1,convenio_marco,Pequeña,55097347,20,15,9
Pudahuel,2021-1,licitacion,Grande,8220805197,7,7,7
Pudahuel,2021-1,licitacion,Mediana,4073803500,243,23,2
Pudahuel,2021-1,licitacion,Micro,105741802,9,9,9
Pudahuel,2021-1,licitacion,Pequeña,867439263,18,16,10
Pudahuel,2021-1,trato_directo,Grande,8520364,37,8,5
Pudahuel,2021-1,trato_directo,Mediana,575040,1,1,1
Pudahuel,2021-1,trato_directo,Micro,66337303,82,31,21
Pudahuel,2021-1,trato_directo,NoClasificado,18000000,1,1,1
Pudahuel,2021-1,trato_directo,Pequeña,148103956,16,14,10
Pudahuel,2021-2,compra_agil,Grande,21535770,675,32,11
Pudahuel,2021-2,compra_agil,Mediana,66299006,2835,34,9
Pudahuel,2021-2,compra_agil,Micro,232395077,6420,161,93
Pudahuel,2021-2,compra_agil,NoClasificado,57875094,999,32,23
Pudahuel,2021-2,compra_agil,Pequeña,22700783,330,35,25
Pudahuel,2021-2,convenio_marco,Grande,860972269,51,17,7
Pudahuel,2021-2,convenio_marco,Mediana,17140686,8,6,6
Pudahuel,2021-2,convenio_marco,Micro,289188597,36,14,8
Pudahuel,2021-2,convenio_marco,Pequeña,10861290,7,5,4
Pudahuel,2021-2,licitacion,Grande,150692014,10,7,7
Pudahuel,2021-2,licitacion,Mediana,278607470,7,7,4
Pudahuel,2021-2,licitacion,Micro,467062295,107,42,27
Pudahuel,2021-2,licitacion,NoClasificado,91068332,6,6,6
Pudahuel,2021-2,licitacion,Pequeña,395446644,10,10,9
Pudahuel,2021-2,trato_directo,Grande,49294884,9,9,7
Pudahuel,2021-2,trato_directo,Mediana,44182064,14,5,5
Pudahuel,2021-2,trato_directo,Micro,129072965,64,21,16
Pudahuel,2021-2,trato_directo,NoClasificado,179101938,9,9,7
Pudahuel,2021-2,trato_directo,Pequeña,73448955,25,17,15
Pudahuel,2022-1,compra_agil,Grande,20569102,345,24,12
Pudahuel,2022-1,compra_agil,Mediana,13562962,96,12,8
Pudahuel,2022-1,compra_agil,Micro,158934081,4083,105,62
Pudahuel,2022-1,compra_agil,NoClasificado,68640754,926,30,20
Pudahuel,2022-1,compra_agil,Pequeña,36099328,1395,35,27
Pudahuel,2022-1,convenio_marco,Grande,219573353,30,20,12
Pudahuel,2022-1,convenio_marco,Mediana,62948290,17,10,6
Pudahuel,2022-1,convenio_marco,Micro,56856050,14,9,4
Pudahuel,2022-1,convenio_marco,Pequeña,49227500,3,3,1
Pudahuel,2022-1,licitacion,Grande,205479335,6,6,5
Pudahuel,2022-1,licitacion,Mediana,152250446,17,9,7
Pudahuel,2022-1,licitacion,Micro,321018707,35,30,20
Pudahuel,2022-1,licitacion,NoClasificado,32656000,8,6,6
Pudahuel,2022-1,licitacion,Pequeña,58832468,5,5,5
Pudahuel,2022-1,trato_directo,Grande,96974300,74,13,10
Pudahuel,2022-1,trato_directo,Mediana,19197636,3,3,3
Pudahuel,2022-1,trato_directo,Micro,155208913,31,27,17
Pudahuel,2022-1,trato_directo,NoClasificado,34210008,6,5,4
Pudahuel,2022-1,trato_directo,Pequeña,842153614,5,5,4
Pudahuel,2022-2,convenio_marco,Grande,390399836,67,23,16
Pudahuel,2022-2,convenio_marco,Mediana,28530907,6,6,5
Pudahuel,2022-2,convenio_marco,Micro,11902228,4,4,3
Pudahuel,2022-2,convenio_marco,NoClasificado,14832285,1,1,1
Pudahuel,2022-2,convenio_marco,Pequeña,60719650,7,5,3
Pudahuel,2022-2,licitacion,Grande,447102599,38,9,8
Pudahuel,2022-2,licitacion,Mediana,74334528,33,5,4
Pudahuel,2022-2,licitacion,Micro,218141780,34,21,15
Pudahuel,2022-2,licitacion,NoClasificado,32313265,5,4,4
Pudahuel,2022-2,licitacion,Pequeña,541215072,32,19,17
Pudahuel,2022-2,trato_directo,Grande,178603116,10,10,9
Pudahuel,2022-2,trato_directo,Mediana,299119600,6,6,6
Pudahuel,2022-2,trato_directo,Micro,43183299,18,17,12
Pudahuel,2022-2,trato_directo,NoClasificado,22184874,1,1,1
Pudahuel,2022-2,trato_directo,Pequeña,131018162,7,4,4
Pudahuel,2023-1,compra_agil,Grande,12160500,74,27,19
Pudahuel,2023-1,compra_agil,Mediana,18717013,50,21,16
Pudahuel,2023-1,compra_agil,Micro,46747597,201,78,43
Pudahuel,2023-1,compra_agil,NoClasificado,28538363,80,46,36
Pudahuel,2023-1,compra_agil,Pequeña,46083995,136,57,38
Pudahuel,2023-1,convenio_marco,Grande,1241791417,50,17,10
Pudahuel,2023-1,convenio_marco,Mediana,32386698,9,4,4
Pudahuel,2023-1,convenio_marco,Micro,89562394,31,9,3
Pudahuel,2023-1,convenio_marco,Pequeña,92792140,21,10,2
Pudahuel,2023-1,licitacion,Grande,1136901194,11,9,9
Pudahuel,2023-1,licitacion,Mediana,108672397,18,9,8
Pudahuel,2023-1,licitacion,Micro,801527469,41,20,16
Pudahuel,2023-1,licitacion,NoClasificado,50756048,18,8,8
Pudahuel,2023-1,licitacion,Pequeña,346423267,50,24,17
Pudahuel,2023-1,trato_directo,Grande,1752817642,20,9,6
Pudahuel,2023-1,trato_directo,Mediana,6450000,1,1,1
Pudahuel,2023-1,trato_directo,Micro,43685180,9,7,6
Pudahuel,2023-1,trato_directo,NoClasificado,101903322,8,4,4
Pudahuel,2023-1,trato_directo,Pequeña,17714247,9,7,6
Pudahuel,2023-2,compra_agil,Grande,19323166,79,42,27
Pudahuel,2023-2,compra_agil,Mediana,26650306,117,41,26
Pudahuel,2023-2,compra_agil,Micro,51026802,145,75,54
Pudahuel,2023-2,compra_agil,NoClasificado,21629020,100,39,24
Pudahuel,2023-2,compra_agil,Pequeña,121900194,728,181,85
Pudahuel,2023-2,convenio_marco,Grande,294559619,22,11,10
Pudahuel,2023-2,convenio_marco,Mediana,316842180,30,6,4
Pudahuel,2023-2,convenio_marco,Micro,544800,1,1,1
Pudahuel,2023-2,convenio_marco,Pequeña,201147224,34,20,7
Pudahuel,2023-2,licitacion,Grande,430154835,34,17,15
Pudahuel,2023-2,licitacion,Mediana,335251151,19,19,14
Pudahuel,2023-2,licitacion,Micro,367682046,25,19,12
Pudahuel,2023-2,licitacion,NoClasificado,18750000,1,1,1
Pudahuel,2023-2,licitacion,Pequeña,1146708831,111,44,36
Pudahuel,2023-2,trato_directo,Grande,58783802,20,17,13
Pudahuel,2023-2,trato_directo,Mediana,381587713,26,24,14
Pudahuel,2023-2,trato_directo,Micro,121603477,27,26,18
Pudahuel,2023-2,trato_directo,NoClasificado,2512000,2,2,2
Pudahuel,2023-2,trato_directo,Pequeña,934602867,52,41,23
Pudahuel,2024-1,compra_agil,Grande,17295572,45,23,17
Pudahuel,2024-1,compra_agil,Mediana,23978683,70,32,23
Pudahuel,2024-1,compra_agil,Micro,43101071,164,51,36
Pudahuel,2024-1,compra_agil,NoClasificado,29075639,70,42,25
Pudahuel,2024-1,compra_agil,Pequeña,119504579,458,153,84
Pudahuel,2024-1,convenio_marco,Grande,138031948,42,20,13
Pudahuel,2024-1,convenio_marco,Mediana,216867174,32,3,2
Pudahuel,2024-1,convenio_marco,Micro,6935578,1,1,1
Pudahuel,2024-1,convenio_marco,NoClasificado,44474000,3,2,2
Pudahuel,2024-1,convenio_marco,Pequeña,327408660,110,27,6
Pudahuel,2024-1,licitacion,Grande,260118793,46,17,16
Pudahuel,2024-1,licitacion,Mediana,2794461830,43,20,16
Pudahuel,2024-1,licitacion,Micro,172438140,18,13,12
Pudahuel,2024-1,licitacion,NoClasificado,198309114,8,4,4
Pudahuel,2024-1,licitacion,Pequeña,1527131180,52,43,30
Pudahuel,2024-1,trato_directo,Grande,138402499,20,17,11
Pudahuel,2024-1,trato_directo,Mediana,336196109,30,21,10
Pudahuel,2024-1,trato_directo,Micro,128444050,34,31,16
Pudahuel,2024-1,trato_directo,NoClasificado,9944655,3,3,2
Pudahuel,2024-1,trato_directo,Pequeña,163836120,49,38,25
Pudahuel,2024-2,compra_agil,1.0,37418599,91,51,25
Pudahuel,2024-2,compra_agil,2.0,32115439,70,54,24
Pudahuel,2024-2,compra_agil,3.0,81507898,169,100,58
Pudahuel,2024-2,compra_agil,4.0,185363519,411,229,111
Pudahuel,2024-2,compra_agil,Micro,840000,2,2,2
Pudahuel,2024-2,compra_agil,NoClasificado,100920708,285,101,67
Pudahuel,2024-2,convenio_marco,1.0,425846107,12,8,7
Pudahuel,2024-2,convenio_marco,2.0,764010673,19,6,5
Pudahuel,2024-2,convenio_marco,3.0,89310209,5,5,2
Pudahuel,2024-2,convenio_marco,4.0,114997416,24,12,6
Pudahuel,2024-2,convenio_marco,NoClasificado,183943671,43,15,3
Pudahuel,2024-2,licitacion,1.0,4462405639,22,16,15
Pudahuel,2024-2,licitacion,2.0,602855120,23,20,9
Pudahuel,2024-2,licitacion,3.0,400569720,33,26,15
Pudahuel,2024-2,licitacion,4.0,1503076839,81,62,36
Pudahuel,2024-2,licitacion,Micro,4297500,3,2,2
Pudahuel,2024-2,licitacion,NoClasificado,190906846,22,14,9
Pudahuel,2024-2,trato_directo,1.0,54246376,12,10,9
Pudahuel,2024-2,trato_directo,2.0,113080328,12,10,8
Pudahuel,2024-2,trato_directo,3.0,78611766,22,20,17
Pudahuel,2024-2,trato_directo,4.0,139876648,28,24,20
Pudahuel,2024-2,trato_directo,Micro,7418017,2,2,2
Pudahuel,2024-2,trato_directo,NoClasificado,28290929,6,6,6
Pudahuel,2025-1,compra_agil,Grande,3666462,5,5,5
Pudahuel,2025-1,compra_agil,Mediana,85589499,164,53,31
Pudahuel,2025-1,compra_agil,Micro,116402956,100,67,53
Pudahuel,2025-1,compra_agil,NoClasificado,122998529,80,61,48
Pudahuel,2025-1,compra_agil,Pequeña,208105017,201,145,95
Pudahuel,2025-1,convenio_marco,Grande,725707855,32,20,11
Pudahuel,2025-1,convenio_marco,Mediana,169657485,2,2,2
Pudahuel,2025-1,convenio_marco,Micro,59260106,14,5,1
Pudahuel,2025-1,convenio_marco,NoClasificado,144882228,10,9,2
Pudahuel,2025-1,convenio_marco,Pequeña,182167306,23,9,5
Pudahuel,2025-1,licitacion,Grande,685564021,11,10,8
Pudahuel,2025-1,licitacion,Mediana,5929513039,22,17,16
Pudahuel,2025-1,licitacion,Micro,296968189,9,8,8
Pudahuel,2025-1,licitacion,NoClasificado,236900830,13,13,8
Pudahuel,2025-1,licitacion,Pequeña,619250807,33,26,19
Pudahuel,2025-1,trato_directo,Grande,90964006,9,9,7
Pudahuel,2025-1,trato_directo,Mediana,5871526,2,2,2
Pudahuel,2025-1,trato_directo,Micro,43126916,3,3,3
Pudahuel,2025-1,trato_directo,NoClasificado,5042017,1,1,1
Pudahuel,2025-1,trato_directo,Pequeña,37549778,13,11,7
Pudahuel,2025-2,compra_agil,Grande,27701892,10,7,7
Pudahuel,2025-2,compra_agil,Mediana,111200927,124,81,42
Pudahuel,2025-2,compra_agil,Micro,153357598,141,88,57
Pudahuel,2025-2,compra_agil,NoClasificado,225507935,241,152,102
Pudahuel,2025-2,compra_agil,Pequeña,246127927,289,184,85
Pudahuel,2025-2,convenio_marco,Grande,378598425,8,8,7
Pudahuel,2025-2,convenio_marco,Mediana,101737815,1,1,1
Pudahuel,2025-2,convenio_marco,Micro,137005265,35,7,1
Pudahuel,2025-2,convenio_marco,NoClasificado,70585400,4,3,2
Pudahuel,2025-2,convenio_marco,Pequeña,13828500,2,2,2
Pudahuel,2025-2,licitacion,Grande,790535108,10,6,6
Pudahuel,2025-2,licitacion,Mediana,2790041115,16,15,12
Pudahuel,2025-2,licitacion,Micro,364326993,19,16,12
Pudahuel,2025-2,licitacion,NoClasificado,340214354,19,19,16
Pudahuel,2025-2,licitacion,Pequeña,654100449,53,40,22
Pudahuel,2025-2,trato_directo,Grande,19800361,5,5,5
Pudahuel,2025-2,trato_directo,Mediana,35833513,2,2,2
Pudahuel,2025-2,trato_directo,Micro,1190000,1,1,1
Pudahuel,2025-2,trato_directo,NoClasificado,6064286,3,3,3
Pudahuel,2025-2,trato_directo,Pequeña,1571101,4,3,2
Quilicura,2015-1,convenio_marco,Grande,344953783,1321,173,35
Quilicura,2015-1,convenio_marco,Mediana,308533123,543,158,32
Quilicura,2015-1,convenio_marco,Micro,158741176,363,138,47
Quilicura,2015-1,convenio_marco,Pequeña,203841985,370,86,37
Quilicura,2015-1,licitacion,Grande,385365356,550,155,47
Quilicura,2015-1,licitacion,Mediana,211202543,269,100,30
Quilicura,2015-1,licitacion,Micro,595692605,393,276,134
Quilicura,2015-1,licitacion,Pequeña,708130556,420,237,90
Quilicura,2015-1,trato_directo,Grande,175348382,104,43,18
Quilicura,2015-1,trato_directo,Mediana,53937813,27,27,12
Quilicura,2015-1,trato_directo,Micro,239326177,90,90,47
Quilicura,2015-1,trato_directo,Pequeña,64193070,26,26,19
Quilicura,2015-2,convenio_marco,Grande,432465681,1694,247,41
Quilicura,2015-2,convenio_marco,Mediana,203506595,609,149,38
Quilicura,2015-2,convenio_marco,Micro,415686275,526,203,64
Quilicura,2015-2,convenio_marco,NoClasificado,2741500,3,3,1
Quilicura,2015-2,convenio_marco,Pequeña,332842430,526,122,46
Quilicura,2015-2,licitacion,Grande,88355942,376,137,39
Quilicura,2015-2,licitacion,Mediana,127939112,218,117,39
Quilicura,2015-2,licitacion,Micro,475959316,289,223,114
Quilicura,2015-2,licitacion,Pequeña,276985278,539,300,93
Quilicura,2015-2,trato_directo,Grande,132420498,149,41,17
Quilicura,2015-2,trato_directo,Mediana,10767232,24,24,10
Quilicura,2015-2,trato_directo,Micro,86822931,103,103,54
Quilicura,2015-2,trato_directo,Pequeña,35597946,48,42,20
Quilicura,2016-1,convenio_marco,Grande,458338315,1534,245,32
Quilicura,2016-1,convenio_marco,Mediana,333816764,305,114,33
Quilicura,2016-1,convenio_marco,Micro,406197114,513,189,61
Quilicura,2016-1,convenio_marco,NoClasificado,862572,4,3,1
Quilicura,2016-1,convenio_marco,Pequeña,473978010,1668,148,48
Quilicura,2016-1,licitacion,Grande,80378972,277,88,31
Quilicura,2016-1,licitacion,Mediana,139864203,84,48,25
Quilicura,2016-1,licitacion,Micro,314693046,213,168,85
Quilicura,2016-1,licitacion,Pequeña,158290784,308,189,68
Quilicura,2016-1,trato_directo,Grande,196796501,271,36,14
Quilicura,2016-1,trato_directo,Mediana,87439838,14,14,8
Quilicura,2016-1,trato_directo,Micro,89617906,56,56,38
Quilicura,2016-1,trato_directo,Pequeña,73596767,46,46,19
Quilicura,2016-2,convenio_marco,Grande,543700322,765,194,35
Quilicura,2016-2,convenio_marco,Mediana,280508042,943,119,31
Quilicura,2016-2,convenio_marco,Micro,667259618,779,307,63
Quilicura,2016-2,convenio_marco,Pequeña,480790125,806,178,47
Quilicura,2016-2,licitacion,Grande,79002715,243,73,24
Quilicura,2016-2,licitacion,Mediana,38524780,55,38,19
Quilicura,2016-2,licitacion,Micro,181071846,138,120,77
Quilicura,2016-2,licitacion,Pequeña,99600420,232,161,50
Quilicura,2016-2,trato_directo,Grande,155952010,308,69,12
Quilicura,2016-2,trato_directo,Mediana,30524487,14,14,9
Quilicura,2016-2,trato_directo,Micro,141409513,63,63,45
Quilicura,2016-2,trato_directo,Pequeña,79339715,67,54,26
Quilicura,2017-1,convenio_marco,Grande,446608535,1726,287,41
Quilicura,2017-1,convenio_marco,Mediana,172617121,738,142,42
Quilicura,2017-1,convenio_marco,Micro,448605479,722,248,78
Quilicura,2017-1,convenio_marco,Pequeña,375165141,594,143,60
Quilicura,2017-1,licitacion,Grande,89682361,280,84,30
Quilicura,2017-1,licitacion,Mediana,41318752,83,63,22
Quilicura,2017-1,licitacion,Micro,435329843,176,148,86
Quilicura,2017-1,licitacion,Pequeña,117362597,303,177,55
Quilicura,2017-1,trato_directo,Grande,116103352,133,64,14
Quilicura,2017-1,trato_directo,Mediana,8948780,13,13,8
Quilicura,2017-1,trato_directo,Micro,119470741,53,53,34
Quilicura,2017-1,trato_directo,Pequeña,69863930,29,29,16
Quilicura,2017-2,convenio_marco,Grande,303877328,1065,164,44
Quilicura,2017-2,convenio_marco,Mediana,283252692,1067,145,38
Quilicura,2017-2,convenio_marco,Micro,628227289,704,316,91
Quilicura,2017-2,convenio_marco,Pequeña,407777311,868,180,62
Quilicura,2017-2,licitacion,Grande,141998534,194,154,36
Quilicura,2017-2,licitacion,Mediana,62168216,128,92,25
Quilicura,2017-2,licitacion,Micro,220769572,235,178,104
Quilicura,2017-2,licitacion,Pequeña,157296674,291,190,65
Quilicura,2017-2,trato_directo,Grande,91041444,31,31,17
Quilicura,2017-2,trato_directo,Mediana,17917710,8,8,6
Quilicura,2017-2,trato_directo,Micro,63889508,59,59,33
Quilicura,2017-2,trato_directo,NoClasificado,3500000,1,1,1
Quilicura,2017-2,trato_directo,Pequeña,73524404,39,24,19
Quilicura,2018-1,convenio_marco,Grande,370601178,856,149,39
Quilicura,2018-1,convenio_marco,Mediana,233477614,978,148,35
Quilicura,2018-1,convenio_marco,Micro,330999256,494,230,93
Quilicura,2018-1,convenio_marco,Pequeña,226309011,318,132,63
Quilicura,2018-1,licitacion,Grande,170929356,194,129,33
Quilicura,2018-1,licitacion,Mediana,130769046,120,80,27
Quilicura,2018-1,licitacion,Micro,256221998,366,221,102
Quilicura,2018-1,licitacion,Pequeña,320007668,381,255,72
Quilicura,2018-1,trato_directo,Grande,84135879,29,29,14
Quilicura,2018-1,trato_directo,Mediana,18498471,8,8,5
Quilicura,2018-1,trato_directo,Micro,41860514,45,45,30
Quilicura,2018-1,trato_directo,NoClasificado,1250000,1,1,1
Quilicura,2018-1,trato_directo,Pequeña,101621286,34,31,24
Quilicura,2018-2,convenio_marco,Grande,367834441,1365,195,38
Quilicura,2018-2,convenio_marco,Mediana,171462099,956,152,42
Quilicura,2018-2,convenio_marco,Micro,628244958,987,461,95
Quilicura,2018-2,convenio_marco,Pequeña,308289271,1031,222,67
Quilicura,2018-2,licitacion,Grande,87590954,158,116,35
Quilicura,2018-2,licitacion,Mediana,86938267,91,67,27
Quilicura,2018-2,licitacion,Micro,525267136,336,213,119
Quilicura,2018-2,licitacion,Pequeña,223317429,316,214,76
Quilicura,2018-2,trato_directo,Grande,99932082,34,34,21
Quilicura,2018-2,trato_directo,Mediana,12746396,18,18,11
Quilicura,2018-2,trato_directo,Micro,84626020,114,114,58
Quilicura,2018-2,trato_directo,NoClasificado,208008,1,1,1
Quilicura,2018-2,trato_directo,Pequeña,59659288,62,55,29
Quilicura,2019-1,convenio_marco,Grande,380188953,1159,227,45
Quilicura,2019-1,convenio_marco,Mediana,223312572,1269,241,42
Quilicura,2019-1,convenio_marco,Micro,278189552,601,272,96
Quilicura,2019-1,convenio_marco,Pequeña,146484901,590,145,64
Quilicura,2019-1,licitacion,Grande,132732438,146,123,32
Quilicura,2019-1,licitacion,Mediana,121412800,76,64,24
Quilicura,2019-1,licitacion,Micro,252479585,385,206,106
Quilicura,2019-1,licitacion,NoClasificado,2270448,4,4,1
Quilicura,2019-1,licitacion,Pequeña,213385970,251,183,59
Quilicura,2019-1,trato_directo,Grande,47691522,52,30,14
Quilicura,2019-1,trato_directo,Mediana,8450445,16,16,10
Quilicura,2019-1,trato_directo,Micro,115101965,114,91,46
Quilicura,2019-1,trato_directo,Pequeña,128068296,30,28,19
Quilicura,2019-2,convenio_marco,Grande,470928596,1011,279,49
Quilicura,2019-2,convenio_marco,Mediana,201240821,1658,249,49
Quilicura,2019-2,convenio_marco,Micro,712684907,1028,497,133
Quilicura,2019-2,convenio_marco,NoClasificado,1770000,1,1,1
Quilicura,2019-2,convenio_marco,Pequeña,683773209,1614,378,81
Quilicura,2019-2,licitacion,Grande,134693584,178,126,33
Quilicura,2019-2,licitacion,Mediana,53957299,90,70,23
Quilicura,2019-2,licitacion,Micro,371078762,331,162,82
Quilicura,2019-2,licitacion,NoClasificado,413042,1,1,1
Quilicura,2019-2,licitacion,Pequeña,100001622,245,160,55
Quilicura,2019-2,trato_directo,Grande,61681246,47,45,19
Quilicura,2019-2,trato_directo,Mediana,35582038,54,42,18
Quilicura,2019-2,trato_directo,Micro,155300909,140,140,61
Quilicura,2019-2,trato_directo,Pequeña,111177437,51,51,35
Quilicura,2020-1,compra_agil,Grande,165490,1,1,1
Quilicura,2020-1,compra_agil,Mediana,3196301,8,5,5
Quilicura,2020-1,compra_agil,Micro,4262500,7,7,7
Quilicura,2020-1,compra_agil,Pequeña,2850202,3,3,3
Quilicura,2020-1,convenio_marco,Grande,251710006,387,101,29
Quilicura,2020-1,convenio_marco,Mediana,79705238,716,80,33
Quilicura,2020-1,convenio_marco,Micro,323065183,787,161,69
Quilicura,2020-1,convenio_marco,NoClasificado,522000,1,1,1
Quilicura,2020-1,convenio_marco,Pequeña,188911580,1073,145,42
Quilicura,2020-1,licitacion,Grande,188095693,87,58,27
Quilicura,2020-1,licitacion,Mediana,67726718,90,57,27
Quilicura,2020-1,licitacion,Micro,215534370,371,82,48
Quilicura,2020-1,licitacion,NoClasificado,327190,1,1,1
Quilicura,2020-1,licitacion,Pequeña,137264018,104,86,36
Quilicura,2020-1,trato_directo,Grande,276628478,45,36,18
Quilicura,2020-1,trato_directo,Mediana,213084653,122,61,26
Quilicura,2020-1,trato_directo,Micro,294621970,269,159,70
Quilicura,2020-1,trato_directo,NoClasificado,111493308,45,26,20
Quilicura,2020-1,trato_directo,Pequeña,150085312,90,63,40
Quilicura,2020-2,compra_agil,Grande,7750934,27,18,10
Quilicura,2020-2,compra_agil,Mediana,21290512,32,29,19
Quilicura,2020-2,compra_agil,Micro,62407088,119,107,71
Quilicura,2020-2,compra_agil,NoClasificado,15556682,38,30,21
Quilicura,2020-2,compra_agil,Pequeña,30392747,55,50,30
Quilicura,2020-2,convenio_marco,Grande,372755808,371,120,43
Quilicura,2020-2,convenio_marco,Mediana,253843936,790,144,39
Quilicura,2020-2,convenio_marco,Micro,376634033,392,192,93
Quilicura,2020-2,convenio_marco,NoClasificado,185364,1,1,1
Quilicura,2020-2,convenio_marco,Pequeña,387441021,728,165,63
Quilicura,2020-2,licitacion,Grande,50523996,85,60,29
Quilicura,2020-2,licitacion,Mediana,165709204,107,60,27
Quilicura,2020-2,licitacion,Micro,467271048,894,163,74
Quilicura,2020-2,licitacion,NoClasificado,173693770,37,23,13
Quilicura,2020-2,licitacion,Pequeña,220380151,118,91,47
Quilicura,2020-2,trato_directo,Grande,67470982,35,21,15
Quilicura,2020-2,trato_directo,Mediana,79554942,80,65,21
Quilicura,2020-2,trato_directo,Micro,371645775,208,155,69
Quilicura,2020-2,trato_directo,NoClasificado,272169626,73,57,22
Quilicura,2020-2,trato_directo,Pequeña,131764294,73,53,29
Quilicura,2021-1,compra_agil,Grande,24017873,63,41,22
Quilicura,2021-1,compra_agil,Mediana,24923571,46,26,19
Quilicura,2021-1,compra_agil,Micro,113398341,365,164,108
Quilicura,2021-1,compra_agil,NoClasificado,1334236,21,4,2
Quilicura,2021-1,compra_agil,Pequeña,50800214,194,73,41
Quilicura,2021-1,convenio_marco,Grande,316039423,175,66,28
Quilicura,2021-1,convenio_marco,Mediana,17374957,19,14,10
Quilicura,2021-1,convenio_marco,Micro,174970859,94,39,32
Quilicura,2021-1,convenio_marco,Pequeña,113465639,28,23,14
Quilicura,2021-1,licitacion,Grande,359554266,70,41,24
Quilicura,2021-1,licitacion,Mediana,94001171,154,22,17
Quilicura,2021-1,licitacion,Micro,252425607,250,93,56
Quilicura,2021-1,licitacion,NoClasificado,4519974,2,2,2
Quilicura,2021-1,licitacion,Pequeña,106382634,132,47,33
Quilicura,2021-1,trato_directo,Grande,64613527,56,40,23
Quilicura,2021-1,trato_directo,Mediana,76073864,48,33,17
Quilicura,2021-1,trato_directo,Micro,599019894,280,199,100
Quilicura,2021-1,trato_directo,Pequeña,165727131,113,75,40
Quilicura,2021-2,compra_agil,Grande,39110126,122,65,33
Quilicura,2021-2,compra_agil,Mediana,44157498,158,72,41
Quilicura,2021-2,compra_agil,Micro,287082373,737,445,256
Quilicura,2021-2,compra_agil,NoClasificado,49660726,179,81,54
Quilicura,2021-2,compra_agil,Pequeña,126180966,460,181,98
Quilicura,2021-2,convenio_marco,Grande,308155805,194,72,26
Quilicura,2021-2,convenio_marco,Mediana,40755055,193,18,8
Quilicura,2021-2,convenio_marco,Micro,182838878,127,55,38
Quilicura,2021-2,convenio_marco,Pequeña,79963911,152,34,21
Quilicura,2021-2,licitacion,Grande,29244956,13,13,11
Quilicura,2021-2,licitacion,Mediana,231972620,238,27,18
Quilicura,2021-2,licitacion,Micro,935018018,2413,286,84
Quilicura,2021-2,licitacion,NoClasificado,112886481,18,14,9
Quilicura,2021-2,licitacion,Pequeña,451844810,785,112,43
Quilicura,2021-2,trato_directo,Grande,22239833,10,6,5
Quilicura,2021-2,trato_directo,Mediana,24347997,34,20,5
Quilicura,2021-2,trato_directo,Micro,123847982,55,49,36
Quilicura,2021-2,trato_directo,NoClasificado,1874700,1,1,1
Quilicura,2021-2,trato_directo,Pequeña,52348788,14,11,10
Quilicura,2022-1,compra_agil,Grande,81375429,333,135,52
Quilicura,2022-1,compra_agil,Mediana,49189018,443,59,37
Quilicura,2022-1,compra_agil,Micro,209028485,990,285,163
Quilicura,2022-1,compra_agil,NoClasificado,88957016,478,121,64
Quilicura,2022-1,compra_agil,Pequeña,120999982,756,137,98
Quilicura,2022-1,convenio_marco,Grande,538811986,171,71,22
Quilicura,2022-1,convenio_marco,Mediana,126730558,21,12,10
Quilicura,2022-1,convenio_marco,Micro,2916655,27,5,4
Quilicura,2022-1,convenio_marco,Pequeña,8125918,13,5,4
Quilicura,2022-1,licitacion,Grande,14509478565,24,18,12
Quilicura,2022-1,licitacion,Mediana,227712853,202,20,13
Quilicura,2022-1,licitacion,Micro,155457110,22,22,21
Quilicura,2022-1,licitacion,NoClasificado,51503021,4,4,4
Quilicura,2022-1,licitacion,Pequeña,208058665,287,56,20
Quilicura,2022-1,trato_directo,Grande,84516549,11,11,8
Quilicura,2022-1,trato_directo,Mediana,20344147,2,2,1
Quilicura,2022-1,trato_directo,Micro,33651123,12,9,8
Quilicura,2022-1,trato_directo,NoClasificado,864937,1,1,1
Quilicura,2022-1,trato_directo,Pequeña,61801681,8,8,7
Quilicura,2022-2,convenio_marco,Grande,1212392734,256,103,31
Quilicura,2022-2,convenio_marco,Mediana,40545206,30,15,12
Quilicura,2022-2,convenio_marco,Micro,20055600,8,6,6
Quilicura,2022-2,convenio_marco,NoClasificado,63123813,15,6,3
Quilicura,2022-2,convenio_marco,Pequeña,51451219,43,9,7
Quilicura,2022-2,licitacion,Grande,338828932,22,19,17
Quilicura,2022-2,licitacion,Mediana,340763819,246,32,21
Quilicura,2022-2,licitacion,Micro,293037044,39,36,27
Quilicura,2022-2,licitacion,NoClasificado,213496155,53,53,14
Quilicura,2022-2,licitacion,Pequeña,642657349,179,109,44
Quilicura,2022-2,trato_directo,Grande,574556698,19,19,11
Quilicura,2022-2,trato_directo,Mediana,42796967,21,21,9
Quilicura,2022-2,trato_directo,Micro,287669718,30,30,22
Quilicura,2022-2,trato_directo,NoClasificado,75321753,16,16,9
Quilicura,2022-2,trato_directo,Pequeña,179543424,21,21,15
Quilicura,2023-1,compra_agil,Grande,123202478,178,163,83
Quilicura,2023-1,compra_agil,Mediana,145956541,193,177,75
Quilicura,2023-1,compra_agil,Micro,316502586,457,423,194
Quilicura,2023-1,compra_agil,NoClasificado,263734580,378,355,186
Quilicura,2023-1,compra_agil,Pequeña,277880000,373,346,183
Quilicura,2023-1,convenio_marco,Grande,873900254,199,70,20
Quilicura,2023-1,convenio_marco,Mediana,185451985,19,12,10
Quilicura,2023-1,convenio_marco,NoClasificado,23665944,2,2,2
Quilicura,2023-1,convenio_marco,Pequeña,4875000,1,1,1
Quilicura,2023-1,licitacion,Grande,3484843656,40,34,23
Quilicura,2023-1,licitacion,Mediana,673532725,240,46,29
Quilicura,2023-1,licitacion,Micro,534253992,70,53,39
Quilicura,2023-1,licitacion,NoClasificado,329470611,79,39,32
Quilicura,2023-1,licitacion,Pequeña,1010711987,410,101,51
Quilicura,2023-1,trato_directo,Grande,527455236,22,17,13
Quilicura,2023-1,trato_directo,Mediana,17195716,3,3,3
Quilicura,2023-1,trato_directo,Micro,45369422,8,8,7
Quilicura,2023-1,trato_directo,NoClasificado,49868234,2,2,2
Quilicura,2023-1,trato_directo,Pequeña,399264246,22,22,18
Quilicura,2023-2,compra_agil,Grande,104513336,201,144,81
Quilicura,2023-2,compra_agil,Mediana,140029029,194,173,77
Quilicura,2023-2,compra_agil,Micro,215915115,281,270,156
Quilicura,2023-2,compra_agil,NoClasificado,53225170,70,70,51
Quilicura,2023-2,compra_agil,Pequeña,393748608,593,510,278
Quilicura,2023-2,convenio_marco,Grande,829964650,206,67,22
Quilicura,2023-2,convenio_marco,Mediana,164271206,104,15,13
Quilicura,2023-2,convenio_marco,Micro,3011172,1,1,1
Quilicura,2023-2,convenio_marco,Pequeña,26068348,7,3,3
Quilicura,2023-2,licitacion,Grande,744648159,571,98,41
Quilicura,2023-2,licitacion,Mediana,434042649,59,55,37
Quilicura,2023-2,licitacion,Micro,356321230,76,70,35
Quilicura,2023-2,licitacion,NoClasificado,40185395,5,5,4
Quilicura,2023-2,licitacion,Pequeña,1807608490,348,173,106
Quilicura,2023-2,trato_directo,Grande,74641347,14,13,10
Quilicura,2023-2,trato_directo,Mediana,67685781,10,10,7
Quilicura,2023-2,trato_directo,Micro,90491441,14,12,11
Quilicura,2023-2,trato_directo,NoClasificado,83769800,2,2,2
Quilicura,2023-2,trato_directo,Pequeña,233239807,24,24,21
Quilicura,2024-1,compra_agil,Grande,80571053,120,108,74
Quilicura,2024-1,compra_agil,Mediana,96092064,128,120,68
Quilicura,2024-1,compra_agil,Micro,188896240,245,218,136
Quilicura,2024-1,compra_agil,NoClasificado,105106394,123,119,79
Quilicura,2024-1,compra_agil,Pequeña,307401253,388,364,215
Quilicura,2024-1,convenio_marco,Grande,1340386782,216,71,25
Quilicura,2024-1,convenio_marco,Mediana,197872104,136,23,12
Quilicura,2024-1,convenio_marco,Micro,6513839,2,2,2
Quilicura,2024-1,convenio_marco,NoClasificado,25553370,3,2,2
Quilicura,2024-1,convenio_marco,Pequeña,60829884,11,11,10
Quilicura,2024-1,licitacion,Grande,4988518143,570,80,37
Quilicura,2024-1,licitacion,Mediana,1213444657,64,56,35
Quilicura,2024-1,licitacion,Micro,361246868,45,39,25
Quilicura,2024-1,licitacion,NoClasificado,396479687,21,21,19
Quilicura,2024-1,licitacion,Pequeña,1087621310,147,93,79
Quilicura,2024-1,trato_directo,Grande,288030336,34,29,18
Quilicura,2024-1,trato_directo,Mediana,106901741,11,11,10
Quilicura,2024-1,trato_directo,Micro,98647200,18,18,16
Quilicura,2024-1,trato_directo,NoClasificado,32371956,8,8,8
Quilicura,2024-1,trato_directo,Pequeña,364116660,37,36,29
Quilicura,2024-2,compra_agil,1.0,154724217,200,198,102
Quilicura,2024-2,compra_agil,2.0,149071371,197,190,91
Quilicura,2024-2,compra_agil,3.0,244770099,268,264,153
Quilicura,2024-2,compra_agil,4.0,429600006,513,506,262
Quilicura,2024-2,compra_agil,Micro,3515000,5,5,3
Quilicura,2024-2,compra_agil,NoClasificado,181931313,217,212,132
Quilicura,2024-2,convenio_marco,1.0,963321836,292,68,24
Quilicura,2024-2,convenio_marco,2.0,244141543,149,28,15
Quilicura,2024-2,convenio_marco,3.0,1784400,1,1,1
Quilicura,2024-2,convenio_marco,4.0,62942406,17,7,6
Quilicura,2024-2,convenio_marco,NoClasificado,15195200,8,3,2
Quilicura,2024-2,licitacion,1.0,1707663690,397,69,30
Quilicura,2024-2,licitacion,2.0,2364227515,58,55,36
Quilicura,2024-2,licitacion,3.0,223515180,47,38,23
Quilicura,2024-2,licitacion,4.0,1886142842,264,144,76
Quilicura,2024-2,licitacion,NoClasificado,209051128,22,21,18
Quilicura,2024-2,trato_directo,1.0,447741325,21,20,17
Quilicura,2024-2,trato_directo,2.0,155708729,9,9,8
Quilicura,2024-2,trato_directo,3.0,46221257,10,10,10
Quilicura,2024-2,trato_directo,4.0,299782530,31,31,27
Quilicura,2024-2,trato_directo,Micro,24789916,2,2,2
Quilicura,2024-2,trato_directo,NoClasificado,23101197,7,7,7
Quilicura,2025-1,compra_agil,Grande,54499577,30,26,17
Quilicura,2025-1,compra_agil,Mediana,178889353,107,106,63
Quilicura,2025-1,compra_agil,Micro,241824316,106,106,82
Quilicura,2025-1,compra_agil,NoClasificado,229722949,97,96,84
Quilicura,2025-1,compra_agil,Pequeña,455059154,228,223,158
Quilicura,2025-1,convenio_marco,Grande,921011479,153,46,16
Quilicura,2025-1,convenio_marco,Mediana,54585781,60,8,8
Quilicura,2025-1,convenio_marco,Micro,27716736,4,2,2
Quilicura,2025-1,convenio_marco,NoClasificado,28140984,1,1,1
Quilicura,2025-1,convenio_marco,Pequeña,205831480,11,8,8
Quilicura,2025-1,licitacion,Grande,1987154823,412,72,17
Quilicura,2025-1,licitacion,Mediana,4767628478,14,14,11
Quilicura,2025-1,licitacion,Micro,399683894,31,21,15
Quilicura,2025-1,licitacion,NoClasificado,295393095,14,14,12
Quilicura,2025-1,licitacion,Pequeña,565841240,98,69,28
Quilicura,2025-1,trato_directo,Grande,44980798,12,12,9
Quilicura,2025-1,trato_directo,Mediana,21822829,4,4,4
Quilicura,2025-1,trato_directo,Micro,57284000,5,5,5
Quilicura,2025-1,trato_directo,NoClasificado,11200000,3,3,3
Quilicura,2025-1,trato_directo,Pequeña,82179105,7,7,7
Quilicura,2025-2,compra_agil,Grande,54796595,20,20,15
Quilicura,2025-2,compra_agil,Mediana,170103195,80,80,55
Quilicura,2025-2,compra_agil,Micro,193896483,87,87,71
Quilicura,2025-2,compra_agil,NoClasificado,255577527,127,127,101
Quilicura,2025-2,compra_agil,Pequeña,338906817,178,178,128
Quilicura,2025-2,convenio_marco,Grande,586828524,218,42,16
Quilicura,2025-2,convenio_marco,Mediana,117726781,53,9,6
Quilicura,2025-2,convenio_marco,Micro,22092510,4,3,3
Quilicura,2025-2,convenio_marco,NoClasificado,25513981,12,3,3
Quilicura,2025-2,convenio_marco,Pequeña,17053960,11,3,3
Quilicura,2025-2,licitacion,Grande,8632523192,383,73,31
Quilicura,2025-2,licitacion,Mediana,1435480955,26,24,19
Quilicura,2025-2,licitacion,Micro,280363330,21,19,14
Quilicura,2025-2,licitacion,NoClasificado,476205501,8,7,7
Quilicura,2025-2,licitacion,Pequeña,806170309,125,56,23
Quilicura,2025-2,trato_directo,Grande,30672257,12,7,5
Quilicura,2025-2,trato_directo,Mediana,27303158,5,5,3
Quilicura,2025-2,trato_directo,Micro,181617000,3,3,3
Quilicura,2025-2,trato_directo,Pequeña,117790,1,1,1
Quinta Normal,2015-1,convenio_marco,Grande,35038537,214,50,14
Quinta Normal,2015-1,convenio_marco,Mediana,15396891,102,52,17
Quinta Normal,2015-1,convenio_marco,Micro,8431079,62,43,23
Quinta Normal,2015-1,convenio_marco,Pequeña,9431454,33,24,18
Quinta Normal,2015-1,licitacion,Grande,34305196,56,24,20
Quinta Normal,2015-1,licitacion,Mediana,21081799,47,17,12
Quinta Normal,2015-1,licitacion,Micro,102288228,373,123,89
Quinta Normal,2015-1,licitacion,NoClasificado,1659692,139,7,1
Quinta Normal,2015-1,licitacion,Pequeña,60607989,404,59,41
Quinta Normal,2015-1,trato_directo,Grande,3770885,33,23,10
Quinta Normal,2015-1,trato_directo,Mediana,4079472,24,14,11
Quinta Normal,2015-1,trato_directo,Micro,15639889,122,62,21
Quinta Normal,2015-1,trato_directo,Pequeña,12370280,101,33,21
Quinta Normal,2015-2,convenio_marco,Grande,66254314,110,62,16
Quinta Normal,2015-2,convenio_marco,Mediana,12732471,51,33,20
Quinta Normal,2015-2,convenio_marco,Micro,27870889,62,49,32
Quinta Normal,2015-2,convenio_marco,Pequeña,41221102,58,52,35
Quinta Normal,2015-2,licitacion,Grande,12885624,95,17,13
Quinta Normal,2015-2,licitacion,Mediana,30302880,22,13,11
Quinta Normal,2015-2,licitacion,Micro,63101315,332,102,64
Quinta Normal,2015-2,licitacion,NoClasificado,4025871,223,9,1
Quinta Normal,2015-2,licitacion,Pequeña,71107139,349,73,47
Quinta Normal,2015-2,trato_directo,Grande,6508076,74,30,5
Quinta Normal,2015-2,trato_directo,Mediana,2493236,39,15,11
Quinta Normal,2015-2,trato_directo,Micro,21764868,146,65,26
Quinta Normal,2015-2,trato_directo,Pequeña,6999946,67,39,20
Quinta Normal,2016-1,convenio_marco,Grande,21576298,349,75,24
Quinta Normal,2016-1,convenio_marco,Mediana,60453432,261,65,20
Quinta Normal,2016-1,convenio_marco,Micro,69535068,199,122,55
Quinta Normal,2016-1,convenio_marco,Pequeña,22513997,102,71,39
Quinta Normal,2016-1,licitacion,Grande,56089319,45,18,13
Quinta Normal,2016-1,licitacion,Mediana,22112683,38,15,12
Quinta Normal,2016-1,licitacion,Micro,86454621,263,98,68
Quinta Normal,2016-1,licitacion,NoClasificado,526433,67,5,1
Quinta Normal,2016-1,licitacion,Pequeña,64360190,389,64,35
Quinta Normal,2016-1,trato_directo,Grande,4081932,18,8,6
Quinta Normal,2016-1,trato_directo,Mediana,2738257,11,5,4
Quinta Normal,2016-1,trato_directo,Micro,19341403,62,47,20
Quinta Normal,2016-1,trato_directo,Pequeña,11575397,56,24,13
Quinta Normal,2016-2,convenio_marco,Grande,74653321,378,99,27
Quinta Normal,2016-2,convenio_marco,Mediana,49205166,157,54,25
Quinta Normal,2016-2,convenio_marco,Micro,113631455,341,133,69
Quinta Normal,2016-2,convenio_marco,NoClasificado,3355901,3,1,1
Quinta Normal,2016-2,convenio_marco,Pequeña,62520460,472,114,52
Quinta Normal,2016-2,licitacion,Grande,11684207,9,7,6
Quinta Normal,2016-2,licitacion,Mediana,10092170,13,12,7
Quinta Normal,2016-2,licitacion,Micro,466062650,150,69,51
Quinta Normal,2016-2,licitacion,Pequeña,43374270,61,40,33
Quinta Normal,2016-2,trato_directo,Grande,1208717,17,7,6
Quinta Normal,2016-2,trato_directo,Mediana,1074339,5,4,4
Quinta Normal,2016-2,trato_directo,Micro,24839052,118,67,20
Quinta Normal,2016-2,trato_directo,Pequeña,4944100,101,21,15
Quinta Normal,2017-1,convenio_marco,Grande,141776160,873,130,29
Quinta Normal,2017-1,convenio_marco,Mediana,32726896,143,43,24
Quinta Normal,2017-1,convenio_marco,Micro,71354466,393,145,60
Quinta Normal,2017-1,convenio_marco,Pequeña,68264735,234,113,45
Quinta Normal,2017-1,licitacion,Grande,13843695,10,6,4
Quinta Normal,2017-1,licitacion,Mediana,9491000,11,7,3
Quinta Normal,2017-1,licitacion,Micro,58994868,159,30,30
Quinta Normal,2017-1,licitacion,Pequeña,236410101,121,21,19
Quinta Normal,2017-1,trato_directo,Grande,469095,6,6,3
Quinta Normal,2017-1,trato_directo,Mediana,3772544,1,1,1
Quinta Normal,2017-1,trato_directo,Micro,14202638,97,54,10
Quinta Normal,2017-1,trato_directo,Pequeña,2624071,56,10,9
Quinta Normal,2017-2,convenio_marco,Grande,67370306,814,120,28
Quinta Normal,2017-2,convenio_marco,Mediana,25607108,219,45,19
Quinta Normal,2017-2,convenio_marco,Micro,104134300,399,183,76
Quinta Normal,2017-2,convenio_marco,Pequeña,57602496,397,98,50
Quinta Normal,2017-2,licitacion,Grande,1841454313,31,6,5
Quinta Normal,2017-2,licitacion,Mediana,747616166,72,12,10
Quinta Normal,2017-2,licitacion,Micro,130256680,98,41,34
Quinta Normal,2017-2,licitacion,Pequeña,106941333,102,23,19
Quinta Normal,2017-2,trato_directo,Grande,65450,4,1,1
Quinta Normal,2017-2,trato_directo,Mediana,22163743,20,7,6
Quinta Normal,2017-2,trato_directo,Micro,34994006,247,91,23
Quinta Normal,2017-2,trato_directo,Pequeña,24883403,37,24,15
Quinta Normal,2018-1,convenio_marco,Grande,71944568,666,136,30
Quinta Normal,2018-1,convenio_marco,Mediana,16703503,209,48,18
Quinta Normal,2018-1,convenio_marco,Micro,54443617,235,111,55
Quinta Normal,2018-1,convenio_marco,Pequeña,69455283,233,88,42
Quinta Normal,2018-1,licitacion,Grande,4585081,42,4,4
Quinta Normal,2018-1,licitacion,Mediana,1388246716,31,10,8
Quinta Normal,2018-1,licitacion,Micro,150015180,75,26,24
Quinta Normal,2018-1,licitacion,Pequeña,87285857,62,18,17
Quinta Normal,2018-1,trato_directo,Grande,2096027,11,7,5
Quinta Normal,2018-1,trato_directo,Mediana,7232203,53,16,7
Quinta Normal,2018-1,trato_directo,Micro,12301311,175,61,16
Quinta Normal,2018-1,trato_directo,Pequeña,10030261,43,33,14
Quinta Normal,2018-2,convenio_marco,Grande,74273559,575,103,24
Quinta Normal,2018-2,convenio_marco,Mediana,22814652,220,41,18
Quinta Normal,2018-2,convenio_marco,Micro,77606061,307,98,48
Quinta Normal,2018-2,convenio_marco,Pequeña,88565855,371,88,43
Quinta Normal,2018-2,licitacion,Grande,51195768,11,3,3
Quinta Normal,2018-2,licitacion,Mediana,128460170,37,9,8
Quinta Normal,2018-2,licitacion,Micro,210045722,121,33,27
Quinta Normal,2018-2,licitacion,NoClasificado,3685811,39,3,2
Quinta Normal,2018-2,licitacion,Pequeña,239856059,72,22,18
Quinta Normal,2018-2,trato_directo,Grande,23567877,10,7,6
Quinta Normal,2018-2,trato_directo,Mediana,10846784,8,8,3
Quinta Normal,2018-2,trato_directo,Micro,35262908,341,118,33
Quinta Normal,2018-2,trato_directo,Pequeña,5814029,38,22,11
Quinta Normal,2019-1,convenio_marco,Grande,67618151,413,91,22
Quinta Normal,2019-1,convenio_marco,Mediana,24107807,195,54,17
Quinta Normal,2019-1,convenio_marco,Micro,54838328,139,75,42
Quinta Normal,2019-1,convenio_marco,Pequeña,261599483,186,62,33
Quinta Normal,2019-1,licitacion,Grande,5768788,5,4,4
Quinta Normal,2019-1,licitacion,Mediana,827340604,27,11,8
Quinta Normal,2019-1,licitacion,Micro,111142579,127,28,19
Quinta Normal,2019-1,licitacion,Pequeña,1342464061,57,19,16
Quinta Normal,2019-1,trato_directo,Grande,5166940,50,11,6
Quinta Normal,2019-1,trato_directo,Mediana,2161762,8,7,5
Quinta Normal,2019-1,trato_directo,Micro,23799049,156,83,29
Quinta Normal,2019-1,trato_directo,Pequeña,17875629,100,55,23
Quinta Normal,2019-2,convenio_marco,Grande,66211226,438,84,23
Quinta Normal,2019-2,convenio_marco,Mediana,36771319,226,44,18
Quinta Normal,2019-2,convenio_marco,Micro,61245270,247,99,56
Quinta Normal,2019-2,convenio_marco,Pequeña,58953532,149,73,36
Quinta Normal,2019-2,licitacion,Grande,29559170,3,3,3
Quinta Normal,2019-2,licitacion,Mediana,12999646,38,6,4
Quinta Normal,2019-2,licitacion,Micro,90233215,111,32,25
Quinta Normal,2019-2,licitacion,NoClasificado,2100840,1,1,1
Quinta Normal,2019-2,licitacion,Pequeña,152120540,86,19,16
Quinta Normal,2019-2,trato_directo,Grande,7831957,11,4,4
Quinta Normal,2019-2,trato_directo,Mediana,11186945,17,8,5
Quinta Normal,2019-2,trato_directo,Micro,201058200,237,121,39
Quinta Normal,2019-2,trato_directo,Pequeña,32110909,79,48,18
Quinta Normal,2020-1,compra_agil,Grande,588236,1,1,1
Quinta Normal,2020-1,compra_agil,Micro,1752988,2,2,2
Quinta Normal,2020-1,compra_agil,Pequeña,1470000,2,2,2
Quinta Normal,2020-1,convenio_marco,Grande,137788174,187,40,16
Quinta Normal,2020-1,convenio_marco,Mediana,10444958,49,22,12
Quinta Normal,2020-1,convenio_marco,Micro,121765550,56,30,20
Quinta Normal,2020-1,convenio_marco,Pequeña,57018711,73,29,20
Quinta Normal,2020-1,licitacion,Grande,1197854125,5,2,2
Quinta Normal,2020-1,licitacion,Mediana,8479000,4,4,3
Quinta Normal,2020-1,licitacion,Micro,421063283,58,11,10
Quinta Normal,2020-1,licitacion,Pequeña,34471865,51,15,13
Quinta Normal,2020-1,trato_directo,Grande,22277735,29,11,8
Quinta Normal,2020-1,trato_directo,Mediana,21052242,13,8,6
Quinta Normal,2020-1,trato_directo,Micro,605777563,134,94,37
Quinta Normal,2020-1,trato_directo,NoClasificado,21845042,8,8,3
Quinta Normal,2020-1,trato_directo,Pequeña,43613319,42,32,20
Quinta Normal,2020-2,compra_agil,Grande,3189426,7,5,3
Quinta Normal,2020-2,compra_agil,Mediana,1189500,1,1,1
Quinta Normal,2020-2,compra_agil,Micro,31183863,430,20,15
Quinta Normal,2020-2,compra_agil,NoClasificado,4407136,9,9,7
Quinta Normal,2020-2,compra_agil,Pequeña,8552032,41,15,8
Quinta Normal,2020-2,convenio_marco,Grande,108193632,324,60,18
Quinta Normal,2020-2,convenio_marco,Mediana,36614046,74,35,15
Quinta Normal,2020-2,convenio_marco,Micro,125368408,152,59,46
Quinta Normal,2020-2,convenio_marco,Pequeña,101134233,93,47,29
Quinta Normal,2020-2,licitacion,Grande,7014299,2,2,2
Quinta Normal,2020-2,licitacion,Mediana,387425955,11,9,6
Quinta Normal,2020-2,licitacion,Micro,88967810,27,16,12
Quinta Normal,2020-2,licitacion,Pequeña,51696541,12,9,9
Quinta Normal,2020-2,trato_directo,Grande,4025516,17,11,4
Quinta Normal,2020-2,trato_directo,Mediana,26209806,23,6,5
Quinta Normal,2020-2,trato_directo,Micro,722283498,206,118,46
Quinta Normal,2020-2,trato_directo,NoClasificado,18149764,14,12,10
Quinta Normal,2020-2,trato_directo,Pequeña,34940709,63,30,16
Quinta Normal,2021-1,compra_agil,Grande,16042877,65,20,14
Quinta Normal,2021-1,compra_agil,Mediana,6310040,24,7,7
Quinta Normal,2021-1,compra_agil,Micro,42403718,519,51,40
Quinta Normal,2021-1,compra_agil,NoClasificado,268320,1,1,1
Quinta Normal,2021-1,compra_agil,Pequeña,8059066,48,13,8
Quinta Normal,2021-1,convenio_marco,Grande,98843618,127,24,13
Quinta Normal,2021-1,convenio_marco,Mediana,3760312,5,5,5
Quinta Normal,2021-1,convenio_marco,Micro,76267472,83,23,17
Quinta Normal,2021-1,convenio_marco,Pequeña,5873591,8,5,4
Quinta Normal,2021-1,licitacion,Grande,30359748,12,8,7
Quinta Normal,2021-1,licitacion,Mediana,259601085,8,7,7
Quinta Normal,2021-1,licitacion,Micro,77353594,64,13,13
Quinta Normal,2021-1,licitacion,Pequeña,238999104,56,15,13
Quinta Normal,2021-1,trato_directo,Grande,32789860,54,25,8
Quinta Normal,2021-1,trato_directo,Mediana,12246429,13,12,8
Quinta Normal,2021-1,trato_directo,Micro,27770907,122,78,34
Quinta Normal,2021-1,trato_directo,NoClasificado,2905592,10,8,2
Quinta Normal,2021-1,trato_directo,Pequeña,20373619,72,53,23
Quinta Normal,2021-2,compra_agil,Grande,30022755,323,38,15
Quinta Normal,2021-2,compra_agil,Mediana,23822769,274,31,18
Quinta Normal,2021-2,compra_agil,Micro,77485570,707,80,59
Quinta Normal,2021-2,compra_agil,NoClasificado,17732258,209,23,19
Quinta Normal,2021-2,compra_agil,Pequeña,28829700,186,30,21
Quinta Normal,2021-2,convenio_marco,Grande,54266974,36,19,7
Quinta Normal,2021-2,convenio_marco,Mediana,11256112,17,8,5
Quinta Normal,2021-2,convenio_marco,Micro,87192431,181,31,19
Quinta Normal,2021-2,convenio_marco,Pequeña,177899771,153,12,9
Quinta Normal,2021-2,licitacion,Grande,956887365,3,3,3
Quinta Normal,2021-2,licitacion,Mediana,866251174,4,4,3
Quinta Normal,2021-2,licitacion,Micro,94859742,36,16,14
Quinta Normal,2021-2,licitacion,NoClasificado,9669360,4,4,4
Quinta Normal,2021-2,licitacion,Pequeña,28941675,13,6,6
Quinta Normal,2021-2,trato_directo,Grande,14232859,17,13,5
Quinta Normal,2021-2,trato_directo,Mediana,2844959,20,15,8
Quinta Normal,2021-2,trato_directo,Micro,488772900,240,116,45
Quinta Normal,2021-2,trato_directo,NoClasificado,4001440,23,10,6
Quinta Normal,2021-2,trato_directo,Pequeña,23982524,193,69,28
Quinta Normal,2022-1,compra_agil,Grande,19867313,159,30,17
Quinta Normal,2022-1,compra_agil,Mediana,12382401,47,15,14
Quinta Normal,2022-1,compra_agil,Micro,31716783,207,42,32
Quinta Normal,2022-1,compra_agil,NoClasificado,11585490,48,14,12
Quinta Normal,2022-1,compra_agil,Pequeña,25548816,277,43,31
Quinta Normal,2022-1,convenio_marco,Grande,109385714,79,22,9
Quinta Normal,2022-1,convenio_marco,Mediana,2546400,1,1,1
Quinta Normal,2022-1,convenio_marco,Micro,4504800,1,1,1
Quinta Normal,2022-1,convenio_marco,Pequeña,4489450,3,2,1
Quinta Normal,2022-1,licitacion,Grande,725425914,24,19,12
Quinta Normal,2022-1,licitacion,Mediana,143401887,35,12,7
Quinta Normal,2022-1,licitacion,Micro,38031091,15,11,11
Quinta Normal,2022-1,licitacion,NoClasificado,6594900,8,2,2
Quinta Normal,2022-1,licitacion,Pequeña,77532269,60,7,7
Quinta Normal,2022-1,trato_directo,Grande,3148887,53,10,7
Quinta Normal,2022-1,trato_directo,Mediana,7385752,12,10,9
Quinta Normal,2022-1,trato_directo,Micro,32513403,99,61,35
Quinta Normal,2022-1,trato_directo,NoClasificado,7158658,27,17,10
Quinta Normal,2022-1,trato_directo,Pequeña,46530545,119,49,21
Quinta Normal,2022-2,convenio_marco,Grande,246823215,160,35,12
Quinta Normal,2022-2,convenio_marco,Mediana,13293492,7,4,2
Quinta Normal,2022-2,convenio_marco,Micro,7456335,4,3,3
Quinta Normal,2022-2,convenio_marco,Pequeña,805240,3,1,1
Quinta Normal,2022-2,licitacion,Grande,116117173,33,16,9
Quinta Normal,2022-2,licitacion,Mediana,718054543,85,13,7
Quinta Normal,2022-2,licitacion,Micro,166489118,38,21,13
Quinta Normal,2022-2,licitacion,NoClasificado,36177002,38,7,6
Quinta Normal,2022-2,licitacion,Pequeña,171429368,34,20,19
Quinta Normal,2022-2,trato_directo,Grande,4756573,3,3,3
Quinta Normal,2022-2,trato_directo,Mediana,4524476,46,19,12
Quinta Normal,2022-2,trato_directo,Micro,66214596,180,76,36
Quinta Normal,2022-2,trato_directo,NoClasificado,13326906,68,28,15
Quinta Normal,2022-2,trato_directo,Pequeña,66032074,295,80,31
Quinta Normal,2023-1,compra_agil,Grande,23577758,159,38,26
Quinta Normal,2023-1,compra_agil,Mediana,25672074,250,30,23
Quinta Normal,2023-1,compra_agil,Micro,108094489,1910,49,35
Quinta Normal,2023-1,compra_agil,NoClasificado,21079698,255,31,26
Quinta Normal,2023-1,compra_agil,Pequeña,58650793,430,68,48
Quinta Normal,2023-1,convenio_marco,Grande,148812469,50,24,8
Quinta Normal,2023-1,convenio_marco,Mediana,22096140,7,4,1
Quinta Normal,2023-1,licitacion,Grande,75301484,16,14,7
Quinta Normal,2023-1,licitacion,Mediana,275680771,12,9,8
Quinta Normal,2023-1,licitacion,Micro,57621802,27,13,10
Quinta Normal,2023-1,licitacion,NoClasificado,186394339,12,7,7
Quinta Normal,2023-1,licitacion,Pequeña,226353363,39,12,11
Quinta Normal,2023-1,trato_directo,Grande,25698262,8,8,6
Quinta Normal,2023-1,trato_directo,Mediana,25518150,38,31,15
Quinta Normal,2023-1,trato_directo,Micro,37453978,162,56,24
Quinta Normal,2023-1,trato_directo,NoClasificado,5609568,41,19,15
Quinta Normal,2023-1,trato_directo,Pequeña,54293158,117,62,31
Quinta Normal,2023-2,compra_agil,Grande,50374605,487,53,26
Quinta Normal,2023-2,compra_agil,Mediana,58015866,499,45,31
Quinta Normal,2023-2,compra_agil,Micro,40400832,138,49,35
Quinta Normal,2023-2,compra_agil,NoClasificado,8258824,47,16,14
Quinta Normal,2023-2,compra_agil,Pequeña,136040332,2583,101,74
Quinta Normal,2023-2,convenio_marco,Grande,233156513,144,36,12
Quinta Normal,2023-2,convenio_marco,Mediana,25775168,2,2,2
Quinta Normal,2023-2,convenio_marco,Micro,29367800,2,1,1
Quinta Normal,2023-2,convenio_marco,Pequeña,21841915,7,5,3
Quinta Normal,2023-2,licitacion,Grande,239849730,55,28,18
Quinta Normal,2023-2,licitacion,Mediana,188002774,7,7,6
Quinta Normal,2023-2,licitacion,Micro,57574006,35,15,13
Quinta Normal,2023-2,licitacion,Pequeña,1325451561,101,41,35
Quinta Normal,2023-2,trato_directo,Grande,56258085,13,9,7
Quinta Normal,2023-2,trato_directo,Mediana,64735207,115,45,21
Quinta Normal,2023-2,trato_directo,Micro,44648447,106,80,34
Quinta Normal,2023-2,trato_directo,NoClasificado,29701906,19,18,13
Quinta Normal,2023-2,trato_directo,Pequeña,271637015,411,222,52
Quinta Normal,2024-1,compra_agil,Grande,50289354,851,56,30
Quinta Normal,2024-1,compra_agil,Mediana,38506756,309,21,19
Quinta Normal,2024-1,compra_agil,Micro,48899145,117,46,37
Quinta Normal,2024-1,compra_agil,NoClasificado,27388540,193,25,20
Quinta Normal,2024-1,compra_agil,Pequeña,123002657,810,111,79
Quinta Normal,2024-1,convenio_marco,Grande,251103845,91,28,11
Quinta Normal,2024-1,convenio_marco,Mediana,17534500,16,3,2
Quinta Normal,2024-1,convenio_marco,Pequeña,13919898,6,2,2
Quinta Normal,2024-1,licitacion,Grande,422431205,22,17,12
Quinta Normal,2024-1,licitacion,Mediana,576167641,10,9,9
Quinta Normal,2024-1,licitacion,Micro,338434479,42,26,21
Quinta Normal,2024-1,licitacion,NoClasificado,31322741,10,8,8
Quinta Normal,2024-1,licitacion,Pequeña,992300057,63,46,34
Quinta Normal,2024-1,trato_directo,Grande,69651458,9,8,8
Quinta Normal,2024-1,trato_directo,Mediana,106616719,108,56,22
Quinta Normal,2024-1,trato_directo,Micro,54529976,64,48,23
Quinta Normal,2024-1,trato_directo,NoClasificado,6326663,17,16,6
Quinta Normal,2024-1,trato_directo,Pequeña,243040460,364,212,63
Quinta Normal,2024-2,compra_agil,1.0,61218941,612,59,30
Quinta Normal,2024-2,compra_agil,2.0,66502246,1377,45,31
Quinta Normal,2024-2,compra_agil,3.0,43301775,201,42,34
Quinta Normal,2024-2,compra_agil,4.0,137387250,1050,101,71
Quinta Normal,2024-2,compra_agil,Micro,5018925,9,1,1
Quinta Normal,2024-2,compra_agil,NoClasificado,40682635,75,42,27
Quinta Normal,2024-2,convenio_marco,1.0,283746513,86,28,12
Quinta Normal,2024-2,convenio_marco,2.0,33965405,62,9,8
Quinta Normal,2024-2,convenio_marco,3.0,3347846,41,1,1
Quinta Normal,2024-2,convenio_marco,4.0,40456499,10,4,4
Quinta Normal,2024-2,licitacion,1.0,1117856828,27,22,15
Quinta Normal,2024-2,licitacion,2.0,1454218385,20,17,11
Quinta Normal,2024-2,licitacion,3.0,188608561,21,18,14
Quinta Normal,2024-2,licitacion,4.0,1943816996,95,69,41
Quinta Normal,2024-2,licitacion,Micro,2521008,1,1,1
Quinta Normal,2024-2,licitacion,NoClasificado,263246361,15,12,12
Quinta Normal,2024-2,trato_directo,1.0,89832308,6,6,5
Quinta Normal,2024-2,trato_directo,2.0,114724412,112,61,23
Quinta Normal,2024-2,trato_directo,3.0,55122566,104,50,31
Quinta Normal,2024-2,trato_directo,4.0,264619638,296,174,48
Quinta Normal,2024-2,trato_directo,Micro,710084,2,2,2
Quinta Normal,2024-2,trato_directo,NoClasificado,8901895,28,25,14
Quinta Normal,2025-1,compra_agil,Grande,19522282,41,17,13
Quinta Normal,2025-1,compra_agil,Mediana,69468259,288,89,48
Quinta Normal,2025-1,compra_agil,Micro,159295889,465,131,91
Quinta Normal,2025-1,compra_agil,NoClasificado,116120514,495,81,60
Quinta Normal,2025-1,compra_agil,Pequeña,436705974,1020,284,171
Quinta Normal,2025-1,convenio_marco,Grande,266939540,114,29,13
Quinta Normal,2025-1,convenio_marco,Mediana,15360871,25,3,3
Quinta Normal,2025-1,convenio_marco,Micro,737240,2,1,1
Quinta Normal,2025-1,convenio_marco,Pequeña,85956778,65,6,5
Quinta Normal,2025-1,licitacion,Grande,1875582502,12,12,6
Quinta Normal,2025-1,licitacion,Mediana,1097288384,8,8,7
Quinta Normal,2025-1,licitacion,Micro,59230119,4,4,4
Quinta Normal,2025-1,licitacion,NoClasificado,90917688,5,5,4
Quinta Normal,2025-1,licitacion,Pequeña,953070360,30,30,18
Quinta Normal,2025-1,trato_directo,Grande,140364397,21,8,8
Quinta Normal,2025-1,trato_directo,Mediana,8395273,16,11,8
Quinta Normal,2025-1,trato_directo,Micro,24516596,31,15,12
Quinta Normal,2025-1,trato_directo,NoClasificado,45050280,23,10,6
Quinta Normal,2025-1,trato_directo,Pequeña,40315122,46,29,23
Quinta Normal,2025-2,compra_agil,Grande,14183563,22,10,10
Quinta Normal,2025-2,compra_agil,Mediana,136526606,755,80,46
Quinta Normal,2025-2,compra_agil,Micro,223885698,1043,83,70
Quinta Normal,2025-2,compra_agil,NoClasificado,304165131,822,135,93
Quinta Normal,2025-2,compra_agil,Pequeña,895902044,12241,188,123
Quinta Normal,2025-2,convenio_marco,Grande,232692279,62,20,10
Quinta Normal,2025-2,convenio_marco,Mediana,51514067,33,3,3
Quinta Normal,2025-2,convenio_marco,Micro,5620448,1,1,1
Quinta Normal,2025-2,convenio_marco,Pequeña,7332800,5,2,2
Quinta Normal,2025-2,licitacion,Grande,172627264,10,10,8
Quinta Normal,2025-2,licitacion,Mediana,2316764118,5,5,5
Quinta Normal,2025-2,licitacion,Micro,17354539,2,2,2
Quinta Normal,2025-2,licitacion,NoClasificado,394337912,8,8,5
Quinta Normal,2025-2,licitacion,Pequeña,2316613872,34,33,21
Quinta Normal,2025-2,trato_directo,Grande,18635627,3,3,3
Quinta Normal,2025-2,trato_directo,Mediana,11559596,77,32,25
Quinta Normal,2025-2,trato_directo,Micro,41363857,114,85,37
Quinta Normal,2025-2,trato_directo,NoClasificado,36782940,53,38,21
Quinta Normal,2025-2,trato_directo,Pequeña,43636522,193,116,43
Recoleta,2015-1,convenio_marco,Grande,271843646,599,227,33
Recoleta,2015-1,convenio_marco,Mediana,198092467,1135,246,34
Recoleta,2015-1,convenio_marco,Micro,96333127,269,131,54
Recoleta,2015-1,convenio_marco,Pequeña,436230661,975,308,58
Recoleta,2015-1,licitacion,Grande,65977244,116,78,41
Recoleta,2015-1,licitacion,Mediana,61501511,194,83,33
Recoleta,2015-1,licitacion,Micro,235830639,371,146,103
Recoleta,2015-1,licitacion,NoClasificado,1179984,5,5,1
Recoleta,2015-1,licitacion,Pequeña,145883004,421,156,82
Recoleta,2015-1,trato_directo,Grande,39953076,44,38,18
Recoleta,2015-1,trato_directo,Mediana,25366250,38,14,9
Recoleta,2015-1,trato_directo,Micro,50537842,51,41,26
Recoleta,2015-1,trato_directo,Pequeña,582488701,83,49,26
Recoleta,2015-2,convenio_marco,Grande,134163633,653,211,36
Recoleta,2015-2,convenio_marco,Mediana,75818697,1292,187,29
Recoleta,2015-2,convenio_marco,Micro,151419265,300,153,65
Recoleta,2015-2,convenio_marco,Pequeña,229960656,572,232,60
Recoleta,2015-2,licitacion,Grande,82033199,152,88,47
Recoleta,2015-2,licitacion,Mediana,90163518,210,79,32
Recoleta,2015-2,licitacion,Micro,134554015,191,119,85
Recoleta,2015-2,licitacion,NoClasificado,544762,2,2,1
Recoleta,2015-2,licitacion,Pequeña,86949207,256,129,77
Recoleta,2015-2,trato_directo,Grande,40598825,67,44,20
Recoleta,2015-2,trato_directo,Mediana,73601252,26,18,11
Recoleta,2015-2,trato_directo,Micro,89193287,69,54,29
Recoleta,2015-2,trato_directo,Pequeña,70306208,115,62,33
Recoleta,2016-1,convenio_marco,Grande,213870008,1252,283,43
Recoleta,2016-1,convenio_marco,Mediana,104305563,799,161,37
Recoleta,2016-1,convenio_marco,Micro,111942159,253,159,76
Recoleta,2016-1,convenio_marco,NoClasificado,850500,3,3,1
Recoleta,2016-1,convenio_marco,Pequeña,178354631,443,146,57
Recoleta,2016-1,licitacion,Grande,30935736,51,43,22
Recoleta,2016-1,licitacion,Mediana,79199911,225,59,23
Recoleta,2016-1,licitacion,Micro,229938304,282,138,75
Recoleta,2016-1,licitacion,Pequeña,130048515,167,107,53
Recoleta,2016-1,trato_directo,Grande,119129176,333,43,28
Recoleta,2016-1,trato_directo,Mediana,803182480,58,21,15
Recoleta,2016-1,trato_directo,Micro,197576068,102,70,33
Recoleta,2016-1,trato_directo,Pequeña,140950525,82,42,18
Recoleta,2016-2,convenio_marco,Grande,134403674,654,223,45
Recoleta,2016-2,convenio_marco,Mediana,129669021,992,177,33
Recoleta,2016-2,convenio_marco,Micro,194594461,432,244,81
Recoleta,2016-2,convenio_marco,Pequeña,183120514,321,132,56
Recoleta,2016-2,licitacion,Grande,26992287,77,36,23
Recoleta,2016-2,licitacion,Mediana,101120644,209,58,22
Recoleta,2016-2,licitacion,Micro,314006774,227,151,77
Recoleta,2016-2,licitacion,Pequeña,77058505,160,104,55
Recoleta,2016-2,trato_directo,Grande,60106707,183,28,18
Recoleta,2016-2,trato_directo,Mediana,165254843,64,19,13
Recoleta,2016-2,trato_directo,Micro,88396393,56,42,28
Recoleta,2016-2,trato_directo,Pequeña,275518648,116,56,31
Recoleta,2017-1,convenio_marco,Grande,129399570,620,195,42
Recoleta,2017-1,convenio_marco,Mediana,69976700,560,120,42
Recoleta,2017-1,convenio_marco,Micro,149867936,510,245,98
Recoleta,2017-1,convenio_marco,NoClasificado,671980,1,1,1
Recoleta,2017-1,convenio_marco,Pequeña,112169038,296,166,68
Recoleta,2017-1,licitacion,Grande,66796885,71,53,27
Recoleta,2017-1,licitacion,Mediana,65357462,176,45,23
Recoleta,2017-1,licitacion,Micro,227049568,293,107,65
Recoleta,2017-1,licitacion,Pequeña,93998515,186,83,42
Recoleta,2017-1,trato_directo,Grande,90959545,230,38,29
Recoleta,2017-1,trato_directo,Mediana,586781355,47,12,10
Recoleta,2017-1,trato_directo,Micro,114657954,103,50,35
Recoleta,2017-1,trato_directo,Pequeña,36025730,95,41,22
Recoleta,2017-2,convenio_marco,Grande,174909023,947,256,56
Recoleta,2017-2,convenio_marco,Mediana,180548133,2150,258,56
Recoleta,2017-2,convenio_marco,Micro,379309427,1957,527,160
Recoleta,2017-2,convenio_marco,Pequeña,405400172,1336,263,112
Recoleta,2017-2,licitacion,Grande,67624082,87,61,29
Recoleta,2017-2,licitacion,Mediana,64070450,117,49,18
Recoleta,2017-2,licitacion,Micro,115627390,157,77,51
Recoleta,2017-2,licitacion,Pequeña,40622324,83,47,34
Recoleta,2017-2,trato_directo,Grande,87131025,309,48,31
Recoleta,2017-2,trato_directo,Mediana,7360761,33,14,12
Recoleta,2017-2,trato_directo,Micro,71818117,107,64,40
Recoleta,2017-2,trato_directo,Pequeña,130955818,73,43,24
Recoleta,2018-1,convenio_marco,Grande,960508070,1712,324,71
Recoleta,2018-1,convenio_marco,Mediana,144919899,1212,248,43
Recoleta,2018-1,convenio_marco,Micro,307863535,970,449,148
Recoleta,2018-1,convenio_marco,Pequeña,182370440,1859,335,90
Recoleta,2018-1,licitacion,Grande,47992572,94,60,24
Recoleta,2018-1,licitacion,Mediana,27606219,57,36,21
Recoleta,2018-1,licitacion,Micro,226368130,172,85,54
Recoleta,2018-1,licitacion,Pequeña,163858797,93,51,35
Recoleta,2018-1,trato_directo,Grande,94937465,339,65,37
Recoleta,2018-1,trato_directo,Mediana,47372109,121,19,14
Recoleta,2018-1,trato_directo,Micro,132954568,97,46,34
Recoleta,2018-1,trato_directo,Pequeña,138605884,87,45,31
Recoleta,2018-2,convenio_marco,Grande,457601116,676,291,59
Recoleta,2018-2,convenio_marco,Mediana,199879779,1537,268,59
Recoleta,2018-2,convenio_marco,Micro,735212610,1395,720,161
Recoleta,2018-2,convenio_marco,Pequeña,271391626,956,312,92
Recoleta,2018-2,licitacion,Grande,29737376,53,42,19
Recoleta,2018-2,licitacion,Mediana,20243388,85,35,11
Recoleta,2018-2,licitacion,Micro,1965183889,127,59,49
Recoleta,2018-2,licitacion,NoClasificado,1441900,1,1,1
Recoleta,2018-2,licitacion,Pequeña,2553341857,169,76,45
Recoleta,2018-2,trato_directo,Grande,116889952,509,70,37
Recoleta,2018-2,trato_directo,Mediana,65326438,140,51,25
Recoleta,2018-2,trato_directo,Micro,150822283,187,81,50
Recoleta,2018-2,trato_directo,Pequeña,252359497,79,43,33
Recoleta,2019-1,convenio_marco,Grande,257390045,1245,238,48
Recoleta,2019-1,convenio_marco,Mediana,122827656,768,191,43
Recoleta,2019-1,convenio_marco,Micro,294350581,681,355,124
Recoleta,2019-1,convenio_marco,Pequeña,215698969,1415,264,60
Recoleta,2019-1,licitacion,Grande,65115771,73,46,26
Recoleta,2019-1,licitacion,Mediana,490005222,95,45,22
Recoleta,2019-1,licitacion,Micro,440198662,206,65,45
Recoleta,2019-1,licitacion,Pequeña,208882307,114,68,34
Recoleta,2019-1,trato_directo,Grande,148641495,572,69,36
Recoleta,2019-1,trato_directo,Mediana,48002298,83,28,21
Recoleta,2019-1,trato_directo,Micro,161616955,139,56,36
Recoleta,2019-1,trato_directo,Pequeña,100546699,168,52,31
Recoleta,2019-2,convenio_marco,Grande,182210757,658,245,48
Recoleta,2019-2,convenio_marco,Mediana,111749991,874,176,44
Recoleta,2019-2,convenio_marco,Micro,343203531,937,415,127
Recoleta,2019-2,convenio_marco,Pequeña,113214020,899,239,71
Recoleta,2019-2,licitacion,Grande,58101024,88,58,24
Recoleta,2019-2,licitacion,Mediana,67302876,178,66,22
Recoleta,2019-2,licitacion,Micro,137230144,349,101,64
Recoleta,2019-2,licitacion,Pequeña,161592247,221,80,48
Recoleta,2019-2,trato_directo,Grande,76164505,262,65,31
Recoleta,2019-2,trato_directo,Mediana,5722898,20,11,7
Recoleta,2019-2,trato_directo,Micro,39188829,95,35,31
Recoleta,2019-2,trato_directo,Pequeña,517338313,80,43,28
Recoleta,2020-1,compra_agil,Grande,3363000,4,4,4
Recoleta,2020-1,compra_agil,Mediana,2674500,3,3,3
Recoleta,2020-1,compra_agil,Micro,5891038,26,12,11
Recoleta,2020-1,compra_agil,NoClasificado,2950070,5,4,4
Recoleta,2020-1,compra_agil,Pequeña,4634388,15,7,7
Recoleta,2020-1,convenio_marco,Grande,114857957,548,134,31
Recoleta,2020-1,convenio_marco,Mediana,26432519,208,47,24
Recoleta,2020-1,convenio_marco,Micro,157602249,539,136,66
Recoleta,2020-1,convenio_marco,Pequeña,49062586,140,67,41
Recoleta,2020-1,licitacion,Grande,126850877,82,53,18
Recoleta,2020-1,licitacion,Mediana,41429857,75,41,18
Recoleta,2020-1,licitacion,Micro,378158952,226,73,45
Recoleta,2020-1,licitacion,NoClasificado,1516320,1,1,1
Recoleta,2020-1,licitacion,Pequeña,95887771,96,42,22
Recoleta,2020-1,trato_directo,Grande,78597105,281,74,28
Recoleta,2020-1,trato_directo,Mediana,21735744,126,35,18
Recoleta,2020-1,trato_directo,Micro,134618898,128,64,45
Recoleta,2020-1,trato_directo,NoClasificado,12345541,18,7,6
Recoleta,2020-1,trato_directo,Pequeña,1201486244,105,64,42
Recoleta,2020-2,compra_agil,Grande,45334550,157,69,26
Recoleta,2020-2,compra_agil,Mediana,18287620,115,38,20
Recoleta,2020-2,compra_agil,Micro,86658955,454,147,95
Recoleta,2020-2,compra_agil,NoClasificado,31910843,233,49,27
Recoleta,2020-2,compra_agil,Pequeña,61630041,326,114,63
Recoleta,2020-2,convenio_marco,Grande,186159586,151,107,37
Recoleta,2020-2,convenio_marco,Mediana,81624091,115,56,25
Recoleta,2020-2,convenio_marco,Micro,608633156,470,169,92
Recoleta,2020-2,convenio_marco,NoClasificado,20502946,6,1,1
Recoleta,2020-2,convenio_marco,Pequeña,183143564,154,102,49
Recoleta,2020-2,licitacion,Grande,1659955880,22,22,12
Recoleta,2020-2,licitacion,Mediana,51627620,20,17,13
Recoleta,2020-2,licitacion,Micro,328303129,145,61,37
Recoleta,2020-2,licitacion,NoClasificado,6522650,4,3,2
Recoleta,2020-2,licitacion,Pequeña,344371999,78,45,31
Recoleta,2020-2,trato_directo,Grande,115557176,181,47,27
Recoleta,2020-2,trato_directo,Mediana,150128659,56,27,23
Recoleta,2020-2,trato_directo,Micro,383444544,155,88,54
Recoleta,2020-2,trato_directo,NoClasificado,47832995,385,60,10
Recoleta,2020-2,trato_directo,Pequeña,79037031,120,47,34
Recoleta,2021-1,compra_agil,Grande,52487543,172,110,44
Recoleta,2021-1,compra_agil,Mediana,16200838,176,26,19
Recoleta,2021-1,compra_agil,Micro,119441110,1068,233,139
Recoleta,2021-1,compra_agil,NoClasificado,11774191,28,8,3
Recoleta,2021-1,compra_agil,Pequeña,60738102,285,118,61
Recoleta,2021-1,convenio_marco,Grande,90647678,134,52,23
Recoleta,2021-1,convenio_marco,Mediana,21087467,46,20,14
Recoleta,2021-1,convenio_marco,Micro,120501214,103,52,38
Recoleta,2021-1,convenio_marco,Pequeña,50251789,62,34,24
Recoleta,2021-1,licitacion,Grande,1402626524,29,16,8
Recoleta,2021-1,licitacion,Mediana,30832425,7,7,6
Recoleta,2021-1,licitacion,Micro,393451067,75,60,43
Recoleta,2021-1,licitacion,Pequeña,203322478,52,32,20
Recoleta,2021-1,trato_directo,Grande,67876769,98,50,30
Recoleta,2021-1,trato_directo,Mediana,37334382,24,12,5
Recoleta,2021-1,trato_directo,Micro,122440433,980,135,48
Recoleta,2021-1,trato_directo,Pequeña,92906398,56,41,17
Recoleta,2021-2,compra_agil,Grande,88695774,898,154,52
Recoleta,2021-2,compra_agil,Mediana,78001123,760,102,44
Recoleta,2021-2,compra_agil,Micro,274921522,1940,444,263
Recoleta,2021-2,compra_agil,NoClasificado,38051229,241,69,47
Recoleta,2021-2,compra_agil,Pequeña,152587049,901,221,111
Recoleta,2021-2,convenio_marco,Grande,191373177,99,62,22
Recoleta,2021-2,convenio_marco,Mediana,41365740,40,21,13
Recoleta,2021-2,convenio_marco,Micro,311781548,192,74,46
Recoleta,2021-2,convenio_marco,Pequeña,60032212,56,30,20
Recoleta,2021-2,licitacion,Grande,61161202,12,10,10
Recoleta,2021-2,licitacion,Mediana,36848505,24,15,11
Recoleta,2021-2,licitacion,Micro,272093756,181,82,44
Recoleta,2021-2,licitacion,NoClasificado,137346644,3,3,3
Recoleta,2021-2,licitacion,Pequeña,189429290,60,32,19
Recoleta,2021-2,trato_directo,Grande,124641205,37,24,13
Recoleta,2021-2,trato_directo,Mediana,115028698,88,27,10
Recoleta,2021-2,trato_directo,Micro,162840389,244,57,32
Recoleta,2021-2,trato_directo,NoClasificado,44016676,139,30,9
Recoleta,2021-2,trato_directo,Pequeña,47232396,89,36,19
Recoleta,2022-1,compra_agil,Grande,151696042,863,234,64
Recoleta,2022-1,compra_agil,Mediana,130296452,2369,110,51
Recoleta,2022-1,compra_agil,Micro,325989296,2702,362,184
Recoleta,2022-1,compra_agil,NoClasificado,59790474,312,92,55
Recoleta,2022-1,compra_agil,Pequeña,219738380,2526,206,98
Recoleta,2022-1,convenio_marco,Grande,380666976,128,77,28
Recoleta,2022-1,convenio_marco,Mediana,69595120,35,15,8
Recoleta,2022-1,convenio_marco,Micro,48238857,208,19,8
Recoleta,2022-1,convenio_marco,Pequeña,10980549,17,6,5
Recoleta,2022-1,licitacion,Grande,270322610,55,22,13
Recoleta,2022-1,licitacion,Mediana,169982944,19,14,12
Recoleta,2022-1,licitacion,Micro,357559346,170,76,35
Recoleta,2022-1,licitacion,NoClasificado,15382737,4,4,4
Recoleta,2022-1,licitacion,Pequeña,102214993,48,21,17
Recoleta,2022-1,trato_directo,Grande,275506852,28,18,13
Recoleta,2022-1,trato_directo,Mediana,22966666,15,9,6
Recoleta,2022-1,trato_directo,Micro,335645048,29,27,17
Recoleta,2022-1,trato_directo,NoClasificado,524000,2,2,1
Recoleta,2022-1,trato_directo,Pequeña,57333192,13,10,7
Recoleta,2022-2,convenio_marco,Grande,710605635,247,138,19
Recoleta,2022-2,convenio_marco,Mediana,44171384,41,8,7
Recoleta,2022-2,convenio_marco,Micro,34117314,33,6,5
Recoleta,2022-2,convenio_marco,NoClasificado,11410000,1,1,1
Recoleta,2022-2,convenio_marco,Pequeña,48044312,80,10,4
Recoleta,2022-2,licitacion,Grande,1636615361,142,38,17
Recoleta,2022-2,licitacion,Mediana,672917233,58,35,14
Recoleta,2022-2,licitacion,Micro,665370231,320,109,30
Recoleta,2022-2,licitacion,NoClasificado,32238093,3,3,3
Recoleta,2022-2,licitacion,Pequeña,572197495,127,63,31
Recoleta,2022-2,trato_directo,Grande,740275321,29,28,23
Recoleta,2022-2,trato_directo,Mediana,357667342,31,24,12
Recoleta,2022-2,trato_directo,Micro,124809262,27,22,18
Recoleta,2022-2,trato_directo,NoClasificado,35251123,27,9,7
Recoleta,2022-2,trato_directo,Pequeña,192405550,41,31,20
Recoleta,2023-1,compra_agil,Grande,173281179,471,253,91
Recoleta,2023-1,compra_agil,Mediana,130436825,535,183,71
Recoleta,2023-1,compra_agil,Micro,272452555,707,325,148
Recoleta,2023-1,compra_agil,NoClasificado,131920608,476,208,107
Recoleta,2023-1,compra_agil,Pequeña,202907027,514,298,146
Recoleta,2023-1,convenio_marco,Grande,408020564,226,79,21
Recoleta,2023-1,convenio_marco,Mediana,20076371,23,9,7
Recoleta,2023-1,convenio_marco,Micro,12565046,37,3,3
Recoleta,2023-1,convenio_marco,NoClasificado,31499336,20,3,2
Recoleta,2023-1,convenio_marco,Pequeña,22367758,11,3,3
Recoleta,2023-1,licitacion,Grande,3164811015,109,62,26
Recoleta,2023-1,licitacion,Mediana,1209924356,116,55,17
Recoleta,2023-1,licitacion,Micro,303945032,174,73,27
Recoleta,2023-1,licitacion,NoClasificado,51789646,17,9,9
Recoleta,2023-1,licitacion,Pequeña,953575551,243,98,30
Recoleta,2023-1,trato_directo,Grande,165473084,27,22,13
Recoleta,2023-1,trato_directo,Mediana,47448808,7,6,6
Recoleta,2023-1,trato_directo,Micro,88847413,21,12,7
Recoleta,2023-1,trato_directo,NoClasificado,64339955,15,10,5
Recoleta,2023-1,trato_directo,Pequeña,143076575,34,22,14
Recoleta,2023-2,compra_agil,Grande,179698436,665,243,101
Recoleta,2023-2,compra_agil,Mediana,220072192,1917,225,81
Recoleta,2023-2,compra_agil,Micro,222498581,792,295,147
Recoleta,2023-2,compra_agil,NoClasificado,95497873,385,133,79
Recoleta,2023-2,compra_agil,Pequeña,392445730,1447,557,257
Recoleta,2023-2,convenio_marco,Grande,402030487,350,73,22
Recoleta,2023-2,convenio_marco,Mediana,60214799,29,12,10
Recoleta,2023-2,convenio_marco,Pequeña,14084284,3,3,3
Recoleta,2023-2,licitacion,Grande,2207885159,240,115,40
Recoleta,2023-2,licitacion,Mediana,1179131810,216,81,27
Recoleta,2023-2,licitacion,Micro,200027176,49,44,27
Recoleta,2023-2,licitacion,NoClasificado,27414012,8,6,6
Recoleta,2023-2,licitacion,Pequeña,1472370611,443,172,55
Recoleta,2023-2,trato_directo,Grande,485292719,77,54,25
Recoleta,2023-2,trato_directo,Mediana,245947710,47,26,16
Recoleta,2023-2,trato_directo,Micro,121738957,60,31,18
Recoleta,2023-2,trato_directo,NoClasificado,29586776,18,17,11
Recoleta,2023-2,trato_directo,Pequeña,248803984,36,31,19
Recoleta,2024-1,compra_agil,Grande,155947944,579,206,78
Recoleta,2024-1,compra_agil,Mediana,150808515,899,175,79
Recoleta,2024-1,compra_agil,Micro,138890750,835,167,101
Recoleta,2024-1,compra_agil,NoClasificado,113328250,1092,114,64
Recoleta,2024-1,compra_agil,Pequeña,293591047,2222,311,180
Recoleta,2024-1,convenio_marco,Grande,522518541,320,58,27
Recoleta,2024-1,convenio_marco,Mediana,112823793,79,21,11
Recoleta,2024-1,convenio_marco,NoClasificado,3298967,2,1,1
Recoleta,2024-1,convenio_marco,Pequeña,17265094,5,4,4
Recoleta,2024-1,licitacion,Grande,3146081539,231,113,30
Recoleta,2024-1,licitacion,Mediana,3039654898,258,113,33
Recoleta,2024-1,licitacion,Micro,64500057,150,23,14
Recoleta,2024-1,licitacion,NoClasificado,131358370,70,14,9
Recoleta,2024-1,licitacion,Pequeña,1211487563,422,173,55
Recoleta,2024-1,trato_directo,Grande,325817649,64,43,22
Recoleta,2024-1,trato_directo,Mediana,47173588,11,10,8
Recoleta,2024-1,trato_directo,Micro,159923687,57,22,11
Recoleta,2024-1,trato_directo,NoClasificado,42233756,7,7,3
Recoleta,2024-1,trato_directo,Pequeña,89245834,28,19,12
Recoleta,2024-2,compra_agil,1.0,106618410,432,108,58
Recoleta,2024-2,compra_agil,2.0,140681602,573,153,63
Recoleta,2024-2,compra_agil,3.0,117179940,457,158,110
Recoleta,2024-2,compra_agil,4.0,236797838,1076,311,185
Recoleta,2024-2,compra_agil,Micro,4995400,6,6,3
Recoleta,2024-2,compra_agil,NoClasificado,136661420,955,187,114
Recoleta,2024-2,convenio_marco,1.0,184080703,254,49,16
Recoleta,2024-2,convenio_marco,2.0,152777608,101,25,12
Recoleta,2024-2,convenio_marco,3.0,7851424,9,3,2
Recoleta,2024-2,convenio_marco,4.0,128896878,61,4,2
Recoleta,2024-2,convenio_marco,NoClasificado,1007377,1,1,1
Recoleta,2024-2,licitacion,1.0,2698351355,230,125,35
Recoleta,2024-2,licitacion,2.0,2687864563,233,105,35
Recoleta,2024-2,licitacion,3.0,90221164,40,23,11
Recoleta,2024-2,licitacion,4.0,1602515817,439,171,53
Recoleta,2024-2,licitacion,NoClasificado,65514041,29,21,10
Recoleta,2024-2,trato_directo,1.0,1267298791,42,31,14
Recoleta,2024-2,trato_directo,2.0,10935563,10,8,7
Recoleta,2024-2,trato_directo,3.0,155720559,6,5,5
Recoleta,2024-2,trato_directo,4.0,59774500,11,9,8
Recoleta,2024-2,trato_directo,Micro,7771750,2,2,2
Recoleta,2024-2,trato_directo,NoClasificado,177346233,2,2,2
Recoleta,2025-1,compra_agil,Grande,130275568,181,36,25
Recoleta,2025-1,compra_agil,Mediana,375964493,918,170,80
Recoleta,2025-1,compra_agil,Micro,189968398,389,118,96
Recoleta,2025-1,compra_agil,NoClasificado,195784843,454,120,95
Recoleta,2025-1,compra_agil,Pequeña,487174912,1518,272,174
Recoleta,2025-1,convenio_marco,Grande,225749790,349,47,17
Recoleta,2025-1,convenio_marco,Mediana,87029792,25,13,11
Recoleta,2025-1,convenio_marco,Micro,2718583,18,2,1
Recoleta,2025-1,convenio_marco,NoClasificado,10059000,1,1,1
Recoleta,2025-1,convenio_marco,Pequeña,28599977,21,7,5
Recoleta,2025-1,licitacion,Grande,6110339993,70,50,18
Recoleta,2025-1,licitacion,Mediana,2409241991,193,78,22
Recoleta,2025-1,licitacion,Micro,175565329,38,21,6
Recoleta,2025-1,licitacion,NoClasificado,648386184,27,21,6
Recoleta,2025-1,licitacion,Pequeña,711703721,185,84,22
Recoleta,2025-1,trato_directo,Grande,190004446,13,13,5
Recoleta,2025-1,trato_directo,Mediana,533299282,12,12,5
Recoleta,2025-1,trato_directo,Micro,7831550,2,1,1
Recoleta,2025-1,trato_directo,NoClasificado,72591474,2,1,1
Recoleta,2025-1,trato_directo,Pequeña,56359896,4,4,4
Recoleta,2025-2,compra_agil,Grande,70820903,128,26,20
Recoleta,2025-2,compra_agil,Mediana,241764224,756,155,86
Recoleta,2025-2,compra_agil,Micro,163031584,483,141,107
Recoleta,2025-2,compra_agil,NoClasificado,543187883,2091,273,179
Recoleta,2025-2,compra_agil,Pequeña,655559643,5134,335,209
Recoleta,2025-2,convenio_marco,Grande,186349832,127,33,15
Recoleta,2025-2,convenio_marco,Mediana,131818520,32,12,7
Recoleta,2025-2,convenio_marco,Micro,16241987,71,5,3
Recoleta,2025-2,convenio_marco,NoClasificado,5181020,3,2,2
Recoleta,2025-2,convenio_marco,Pequeña,46490332,58,5,4
Recoleta,2025-2,licitacion,Grande,35010972324,61,45,19
Recoleta,2025-2,licitacion,Mediana,2303105650,189,77,16
Recoleta,2025-2,licitacion,Micro,90476198,52,22,7
Recoleta,2025-2,licitacion,NoClasificado,80801906,28,15,4
Recoleta,2025-2,licitacion,Pequeña,866578825,146,71,20
Recoleta,2025-2,trato_directo,Grande,922687450,7,7,3
Recoleta,2025-2,trato_directo,Mediana,10419311,6,6,5
Recoleta,2025-2,trato_directo,Pequeña,18576720,2,2,2
Renca,2015-1,convenio_marco,Grande,90780957,248,62,16
Renca,2015-1,convenio_marco,Mediana,19812131,54,24,10
Renca,2015-1,convenio_marco,Micro,55877972,25,19,8
Renca,2015-1,convenio_marco,Pequeña,8275049,21,12,6
Renca,2015-1,licitacion,Grande,211019307,23,23,18
Renca,2015-1,licitacion,Mediana,187243510,33,27,13
Renca,2015-1,licitacion,Micro,2172943255,81,81,33
Renca,2015-1,licitacion,Pequeña,1629475179,189,104,30
Renca,2015-1,trato_directo,Grande,7316725,7,7,6
Renca,2015-1,trato_directo,Mediana,2565536,3,3,3
Renca,2015-1,trato_directo,Micro,241007025,12,12,8
Renca,2015-1,trato_directo,Pequeña,45988294,5,5,4
Renca,2015-2,convenio_marco,Grande,108413739,495,73,17
Renca,2015-2,convenio_marco,Mediana,29924309,127,41,10
Renca,2015-2,convenio_marco,Micro,37493149,47,25,14
Renca,2015-2,convenio_marco,Pequeña,21845263,34,19,11
Renca,2015-2,licitacion,Grande,10827615,12,12,8
Renca,2015-2,licitacion,Mediana,380210787,18,18,8
Renca,2015-2,licitacion,Micro,631538056,66,66,28
Renca,2015-2,licitacion,Pequeña,1284236619,150,88,31
Renca,2015-2,trato_directo,Grande,5749278,5,5,5
Renca,2015-2,trato_directo,Mediana,4260000,2,2,2
Renca,2015-2,trato_directo,Micro,67468678,10,10,8
Renca,2015-2,trato_directo,Pequeña,52407869,3,3,2
Renca,2016-1,convenio_marco,Grande,106631390,313,73,16
Renca,2016-1,convenio_marco,Mediana,22996848,125,36,12
Renca,2016-1,convenio_marco,Micro,46377645,47,32,16
Renca,2016-1,convenio_marco,Pequeña,11379221,41,8,7
Renca,2016-1,licitacion,Grande,81067850,7,7,4
Renca,2016-1,licitacion,Mediana,165962333,25,25,9
Renca,2016-1,licitacion,Micro,1757756133,67,67,26
Renca,2016-1,licitacion,NoClasificado,627088,1,1,1
Renca,2016-1,licitacion,Pequeña,1248405124,127,78,28
Renca,2016-1,trato_directo,Grande,409649,3,3,3
Renca,2016-1,trato_directo,Mediana,3600632,3,3,2
Renca,2016-1,trato_directo,Micro,68416890,5,5,5
Renca,2016-1,trato_directo,Pequeña,87792199,5,5,4
Renca,2016-2,convenio_marco,Grande,71308613,475,64,14
Renca,2016-2,convenio_marco,Mediana,21726105,312,44,10
Renca,2016-2,convenio_marco,Micro,127484864,77,45,16
Renca,2016-2,convenio_marco,Pequeña,44071813,36,22,14
Renca,2016-2,licitacion,Grande,46293934,11,11,5
Renca,2016-2,licitacion,Mediana,125862661,24,24,10
Renca,2016-2,licitacion,Micro,885943142,92,89,32
Renca,2016-2,licitacion,Pequeña,1292135418,155,110,26
Renca,2016-2,trato_directo,Grande,8556026,7,7,4
Renca,2016-2,trato_directo,Mediana,42727252,3,3,3
Renca,2016-2,trato_directo,Micro,162810175,10,10,8
Renca,2016-2,trato_directo,Pequeña,11624742,3,3,2
Renca,2017-1,convenio_marco,Grande,204902096,442,107,21
Renca,2017-1,convenio_marco,Mediana,90710256,216,75,20
Renca,2017-1,convenio_marco,Micro,116524526,98,53,31
Renca,2017-1,convenio_marco,Pequeña,57898050,82,29,15
Renca,2017-1,licitacion,Grande,78931038,9,9,4
Renca,2017-1,licitacion,Mediana,602060551,20,20,9
Renca,2017-1,licitacion,Micro,1086860173,47,47,24
Renca,2017-1,licitacion,Pequeña,1275118740,92,76,16
Renca,2017-1,trato_directo,Grande,3353510,6,6,3
Renca,2017-1,trato_directo,Mediana,2772412,3,3,2
Renca,2017-1,trato_directo,Micro,67520526,16,16,10
Renca,2017-1,trato_directo,Pequeña,509365954,7,7,5
Renca,2017-2,convenio_marco,Grande,377117651,700,175,41
Renca,2017-2,convenio_marco,Mediana,77576805,140,66,28
Renca,2017-2,convenio_marco,Micro,221497553,286,171,85
Renca,2017-2,convenio_marco,Pequeña,118115562,143,87,52
Renca,2017-2,licitacion,Grande,55230384,10,10,6
Renca,2017-2,licitacion,Mediana,3917707164,33,31,15
Renca,2017-2,licitacion,Micro,865670009,44,44,23
Renca,2017-2,licitacion,Pequeña,1062911371,225,158,18
Renca,2017-2,trato_directo,Grande,1445868,6,6,6
Renca,2017-2,trato_directo,Mediana,20345407,10,9,6
Renca,2017-2,trato_directo,Micro,70082398,17,17,13
Renca,2017-2,trato_directo,Pequeña,170905615,7,7,6
Renca,2018-1,convenio_marco,Grande,244935242,580,199,46
Renca,2018-1,convenio_marco,Mediana,105275166,142,81,26
Renca,2018-1,convenio_marco,Micro,175036450,323,178,74
Renca,2018-1,convenio_marco,Pequeña,131431291,268,141,56
Renca,2018-1,licitacion,Grande,572465863,10,10,8
Renca,2018-1,licitacion,Mediana,3126635911,30,25,10
Renca,2018-1,licitacion,Micro,1302171720,21,21,17
Renca,2018-1,licitacion,NoClasificado,1,1,1,1
Renca,2018-1,licitacion,Pequeña,1413019330,134,97,17
Renca,2018-1,trato_directo,Grande,690318089,11,10,6
Renca,2018-1,trato_directo,Mediana,58810456,7,7,5
Renca,2018-1,trato_directo,Micro,91611128,12,12,10
Renca,2018-1,trato_directo,Pequeña,94188142,7,7,7
Renca,2018-2,convenio_marco,Grande,150093706,533,213,44
Renca,2018-2,convenio_marco,Mediana,74572072,180,82,26
Renca,2018-2,convenio_marco,Micro,292300490,486,279,109
Renca,2018-2,convenio_marco,NoClasificado,687600,2,1,1
Renca,2018-2,convenio_marco,Pequeña,305880493,314,185,71
Renca,2018-2,licitacion,Grande,114290690,3,3,3
Renca,2018-2,licitacion,Mediana,667821498,49,47,7
Renca,2018-2,licitacion,Micro,718891941,18,18,13
Renca,2018-2,licitacion,NoClasificado,12042021,1,1,1
Renca,2018-2,licitacion,Pequeña,380591518,182,134,15
Renca,2018-2,trato_directo,Grande,4422814,16,9,7
Renca,2018-2,trato_directo,Mediana,13827976,6,6,6
Renca,2018-2,trato_directo,Micro,26690622,14,14,13
Renca,2018-2,trato_directo,Pequeña,54889757,14,13,13
Renca,2019-1,convenio_marco,Grande,177058774,482,171,38
Renca,2019-1,convenio_marco,Mediana,42597052,217,84,25
Renca,2019-1,convenio_marco,Micro,267159518,503,252,103
Renca,2019-1,convenio_marco,Pequeña,166223299,234,112,54
Renca,2019-1,licitacion,Grande,1434962702,11,8,6
Renca,2019-1,licitacion,Mediana,4086322934,34,34,12
Renca,2019-1,licitacion,Micro,1214166752,14,14,12
Renca,2019-1,licitacion,NoClasificado,16023535,2,2,1
Renca,2019-1,licitacion,Pequeña,1235253449,99,66,14
Renca,2019-1,trato_directo,Grande,24946362,8,8,7
Renca,2019-1,trato_directo,Mediana,15506240,6,6,5
Renca,2019-1,trato_directo,Micro,73329442,29,28,22
Renca,2019-1,trato_directo,Pequeña,186823894,9,9,8
Renca,2019-2,convenio_marco,Grande,198879968,494,213,52
Renca,2019-2,convenio_marco,Mediana,100401125,210,100,40
Renca,2019-2,convenio_marco,Micro,673240664,548,336,118
Renca,2019-2,convenio_marco,Pequeña,190744884,399,180,66
Renca,2019-2,licitacion,Grande,2464482983,6,6,5
Renca,2019-2,licitacion,Mediana,645652454,76,69,8
Renca,2019-2,licitacion,Micro,300713757,14,14,7
Renca,2019-2,licitacion,Pequeña,672223085,100,82,13
Renca,2019-2,trato_directo,Grande,22595298,19,19,11
Renca,2019-2,trato_directo,Mediana,23787013,3,3,3
Renca,2019-2,trato_directo,Micro,68441121,37,36,29
Renca,2019-2,trato_directo,NoClasificado,400000,1,1,1
Renca,2019-2,trato_directo,Pequeña,41886701,22,21,15
Renca,2020-1,compra_agil,Micro,744236,2,1,1
Renca,2020-1,convenio_marco,Grande,149494023,209,84,37
Renca,2020-1,convenio_marco,Mediana,38573423,67,37,23
Renca,2020-1,convenio_marco,Micro,205342821,232,136,73
Renca,2020-1,convenio_marco,NoClasificado,829500,1,1,1
Renca,2020-1,convenio_marco,Pequeña,175112609,148,74,33
Renca,2020-1,licitacion,Grande,897679256,8,5,2
Renca,2020-1,licitacion,Mediana,3853952361,33,32,7
Renca,2020-1,licitacion,Micro,1481030261,18,18,6
Renca,2020-1,licitacion,NoClasificado,10756308,1,1,1
Renca,2020-1,licitacion,Pequeña,890811052,63,53,10
Renca,2020-1,trato_directo,Grande,75542325,16,16,12
Renca,2020-1,trato_directo,Mediana,68307123,15,11,8
Renca,2020-1,trato_directo,Micro,76217918,24,23,16
Renca,2020-1,trato_directo,NoClasificado,6835765,4,4,3
Renca,2020-1,trato_directo,Pequeña,226466333,26,25,17
Renca,2020-2,compra_agil,Grande,1648042,14,3,2
Renca,2020-2,compra_agil,Micro,1850368,10,5,5
Renca,2020-2,compra_agil,NoClasificado,1958500,2,2,2
Renca,2020-2,compra_agil,Pequeña,1837575,8,4,4
Renca,2020-2,convenio_marco,Grande,137360268,247,84,34
Renca,2020-2,convenio_marco,Mediana,99421923,83,40,23
Renca,2020-2,convenio_marco,Micro,215213268,341,137,78
Renca,2020-2,convenio_marco,Pequeña,132786500,132,72,40
Renca,2020-2,licitacion,Grande,473708226,4,4,4
Renca,2020-2,licitacion,Mediana,406291229,29,27,8
Renca,2020-2,licitacion,Micro,441455707,23,18,8
Renca,2020-2,licitacion,NoClasificado,46336867,1,1,1
Renca,2020-2,licitacion,Pequeña,506499732,40,29,7
Renca,2020-2,trato_directo,Grande,261392816,9,9,8
Renca,2020-2,trato_directo,Mediana,33703620,4,4,4
Renca,2020-2,trato_directo,Micro,764826872,23,22,18
Renca,2020-2,trato_directo,NoClasificado,160150732,12,12,7
Renca,2020-2,trato_directo,Pequeña,139704069,21,18,15
Renca,2021-1,compra_agil,Grande,5851952,16,10,8
Renca,2021-1,compra_agil,Mediana,4345353,12,5,4
Renca,2021-1,compra_agil,Micro,26153247,94,29,25
Renca,2021-1,compra_agil,NoClasificado,656086,2,2,1
Renca,2021-1,compra_agil,Pequeña,8045358,34,13,11
Renca,2021-1,convenio_marco,Grande,347769676,87,58,32
Renca,2021-1,convenio_marco,Mediana,35350088,17,13,8
Renca,2021-1,convenio_marco,Micro,143636166,66,54,30
Renca,2021-1,convenio_marco,Pequeña,55082267,40,19,15
Renca,2021-1,licitacion,Grande,2729229263,30,21,7
Renca,2021-1,licitacion,Mediana,1867597861,31,31,8
Renca,2021-1,licitacion,Micro,427643618,34,28,11
Renca,2021-1,licitacion,Pequeña,1833856715,47,45,11
Renca,2021-1,trato_directo,Grande,188133324,24,9,8
Renca,2021-1,trato_directo,Mediana,2695755,3,3,3
Renca,2021-1,trato_directo,Micro,248588409,29,27,22
Renca,2021-1,trato_directo,Pequeña,79632052,20,18,12
Renca,2021-2,compra_agil,Grande,14239094,159,26,13
Renca,2021-2,compra_agil,Mediana,8376449,37,10,7
Renca,2021-2,compra_agil,Micro,72136762,453,86,68
Renca,2021-2,compra_agil,NoClasificado,9670605,40,14,13
Renca,2021-2,compra_agil,Pequeña,23886321,90,31,26
Renca,2021-2,convenio_marco,Grande,121993150,34,23,14
Renca,2021-2,convenio_marco,Mediana,3093076,5,3,3
Renca,2021-2,convenio_marco,Micro,408988486,67,24,21
Renca,2021-2,convenio_marco,Pequeña,28104370,23,9,5
Renca,2021-2,licitacion,Grande,221892477,4,4,4
Renca,2021-2,licitacion,Mediana,870313819,16,16,5
Renca,2021-2,licitacion,Micro,640778306,70,69,9
Renca,2021-2,licitacion,NoClasificado,10985593,4,4,3
Renca,2021-2,licitacion,Pequeña,136019442,17,17,8
Renca,2021-2,trato_directo,Grande,45231853,11,10,8
Renca,2021-2,trato_directo,Mediana,14744000,4,3,3
Renca,2021-2,trato_directo,Micro,49953076,16,15,14
Renca,2021-2,trato_directo,NoClasificado,23845778,13,4,4
Renca,2021-2,trato_directo,Pequeña,27545203,19,10,9
Renca,2022-1,compra_agil,Grande,20245037,256,19,15
Renca,2022-1,compra_agil,Mediana,14340184,155,13,12
Renca,2022-1,compra_agil,Micro,58115715,286,61,58
Renca,2022-1,compra_agil,NoClasificado,12398207,35,18,18
Renca,2022-1,compra_agil,Pequeña,29180584,296,28,22
Renca,2022-1,convenio_marco,Grande,156321824,46,20,13
Renca,2022-1,convenio_marco,Mediana,33026682,18,9,6
Renca,2022-1,convenio_marco,Micro,5690070,12,4,4
Renca,2022-1,convenio_marco,NoClasificado,14366392,1,1,1
Renca,2022-1,convenio_marco,Pequeña,5991080,5,3,3
Renca,2022-1,licitacion,Grande,2162776747,48,44,14
Renca,2022-1,licitacion,Mediana,2179988318,11,11,7
Renca,2022-1,licitacion,Micro,332804269,37,37,9
Renca,2022-1,licitacion,Pequeña,2283962805,24,24,13
Renca,2022-1,trato_directo,Grande,100905997,28,19,14
Renca,2022-1,trato_directo,Mediana,10023742,5,4,4
Renca,2022-1,trato_directo,Micro,17476080,18,10,9
Renca,2022-1,trato_directo,NoClasificado,6842279,5,5,5
Renca,2022-1,trato_directo,Pequeña,101550715,11,10,9
Renca,2022-2,convenio_marco,Grande,210269286,92,33,22
Renca,2022-2,convenio_marco,Mediana,164367337,26,14,8
Renca,2022-2,convenio_marco,Micro,2447160,15,3,2
Renca,2022-2,convenio_marco,NoClasificado,539474,1,1,1
Renca,2022-2,convenio_marco,Pequeña,4883156,5,3,3
Renca,2022-2,licitacion,Grande,2170478219,50,38,12
Renca,2022-2,licitacion,Mediana,438513711,70,36,8
Renca,2022-2,licitacion,Micro,646783509,26,24,8
Renca,2022-2,licitacion,NoClasificado,13868395,1,1,1
Renca,2022-2,licitacion,Pequeña,623262714,25,24,8
Renca,2022-2,trato_directo,Grande,1299821859,33,16,12
Renca,2022-2,trato_directo,Mediana,34969850,14,7,7
Renca,2022-2,trato_directo,Micro,41958611,36,16,12
Renca,2022-2,trato_directo,NoClasificado,33128378,34,8,8
Renca,2022-2,trato_directo,Pequeña,129844878,19,12,11
Renca,2023-1,compra_agil,Grande,17911837,79,21,18
Renca,2023-1,compra_agil,Mediana,10652333,30,12,11
Renca,2023-1,compra_agil,Micro,58584885,332,45,40
Renca,2023-1,compra_agil,NoClasificado,129467689,4573,38,34
Renca,2023-1,compra_agil,Pequeña,31590675,197,30,26
Renca,2023-1,convenio_marco,Grande,202763366,133,40,22
Renca,2023-1,convenio_marco,Mediana,93625157,23,11,6
Renca,2023-1,convenio_marco,NoClasificado,9088301,11,3,3
Renca,2023-1,convenio_marco,Pequeña,6384220,5,3,3
Renca,2023-1,licitacion,Grande,13262282449,39,39,18
Renca,2023-1,licitacion,Mediana,2244549621,68,47,11
Renca,2023-1,licitacion,Micro,421718000,13,10,9
Renca,2023-1,licitacion,NoClasificado,259501818,29,7,6
Renca,2023-1,licitacion,Pequeña,1053678382,59,42,20
Renca,2023-1,trato_directo,Grande,293697704,51,22,13
Renca,2023-1,trato_directo,Mediana,23704201,10,7,7
Renca,2023-1,trato_directo,Micro,24156296,20,10,9
Renca,2023-1,trato_directo,NoClasificado,31361862,16,7,7
Renca,2023-1,trato_directo,Pequeña,114190511,75,14,12
Renca,2023-2,compra_agil,Grande,18247351,171,27,19
Renca,2023-2,compra_agil,Mediana,17517597,148,26,17
Renca,2023-2,compra_agil,Micro,34806485,141,41,36
Renca,2023-2,compra_agil,NoClasificado,76140793,2271,11,10
Renca,2023-2,compra_agil,Pequeña,82268300,2114,69,56
Renca,2023-2,convenio_marco,Grande,212437350,79,29,12
Renca,2023-2,convenio_marco,Mediana,82042895,32,12,7
Renca,2023-2,convenio_marco,Micro,1012686,2,1,1
Renca,2023-2,convenio_marco,Pequeña,17893780,2,2,2
Renca,2023-2,licitacion,Grande,9860257614,62,32,15
Renca,2023-2,licitacion,Mediana,1502332274,138,61,9
Renca,2023-2,licitacion,Micro,26015189,2,2,2
Renca,2023-2,licitacion,NoClasificado,12411765,1,1,1
Renca,2023-2,licitacion,Pequeña,285711395,119,60,14
Renca,2023-2,trato_directo,Grande,780351661,38,14,8
Renca,2023-2,trato_directo,Mediana,18863465,9,5,4
Renca,2023-2,trato_directo,Micro,6062340,4,4,4
Renca,2023-2,trato_directo,NoClasificado,40726807,3,3,3
Renca,2023-2,trato_directo,Pequeña,36680163,29,12,10
Renca,2024-1,compra_agil,Grande,36537178,172,41,31
Renca,2024-1,compra_agil,Mediana,31496950,91,31,21
Renca,2024-1,compra_agil,Micro,55767413,457,48,37
Renca,2024-1,compra_agil,NoClasificado,19217492,96,21,19
Renca,2024-1,compra_agil,Pequeña,141942761,2069,82,69
Renca,2024-1,convenio_marco,Grande,294258669,109,39,17
Renca,2024-1,convenio_marco,Mediana,95575440,58,22,16
Renca,2024-1,convenio_marco,Pequeña,71276230,18,9,7
Renca,2024-1,licitacion,Grande,3980634436,64,51,17
Renca,2024-1,licitacion,Mediana,913418159,44,27,14
Renca,2024-1,licitacion,Micro,30864011,15,7,6
Renca,2024-1,licitacion,NoClasificado,152411626,18,6,5
Renca,2024-1,licitacion,Pequeña,1763746451,224,96,29
Renca,2024-1,trato_directo,Grande,370068061,20,19,16
Renca,2024-1,trato_directo,Mediana,49167163,11,8,8
Renca,2024-1,trato_directo,Micro,52090613,7,7,6
Renca,2024-1,trato_directo,NoClasificado,51856448,7,3,2
Renca,2024-1,trato_directo,Pequeña,84368103,59,20,19
Renca,2024-2,compra_agil,1.0,27181850,308,30,20
Renca,2024-2,compra_agil,2.0,34157130,267,41,30
Renca,2024-2,compra_agil,3.0,76981146,745,59,55
Renca,2024-2,compra_agil,4.0,95335286,1089,83,63
Renca,2024-2,compra_agil,NoClasificado,53382016,417,35,33
Renca,2024-2,convenio_marco,1.0,264575327,67,30,14
Renca,2024-2,convenio_marco,2.0,165058256,57,21,12
Renca,2024-2,convenio_marco,3.0,28541584,8,6,4
Renca,2024-2,convenio_marco,4.0,46995907,8,7,6
Renca,2024-2,convenio_marco,NoClasificado,574158,4,1,1
Renca,2024-2,licitacion,1.0,9846594903,153,68,18
Renca,2024-2,licitacion,2.0,2248643589,132,34,15
Renca,2024-2,licitacion,3.0,1560892875,9,5,4
Renca,2024-2,licitacion,4.0,638974480,272,63,26
Renca,2024-2,licitacion,NoClasificado,599103487,139,38,3
Renca,2024-2,trato_directo,1.0,321313979,14,11,10
Renca,2024-2,trato_directo,2.0,338428468,14,10,9
Renca,2024-2,trato_directo,3.0,76261504,13,11,11
Renca,2024-2,trato_directo,4.0,107228240,33,21,14
Renca,2024-2,trato_directo,NoClasificado,35661200,3,3,3
Renca,2025-1,compra_agil,Grande,15674404,12,5,5
Renca,2025-1,compra_agil,Mediana,114809280,578,54,38
Renca,2025-1,compra_agil,Micro,151245060,370,53,45
Renca,2025-1,compra_agil,NoClasificado,186449066,583,66,57
Renca,2025-1,compra_agil,Pequeña,538490784,4087,149,108
Renca,2025-1,convenio_marco,Grande,127639041,84,21,17
Renca,2025-1,convenio_marco,Mediana,38479574,30,10,6
Renca,2025-1,convenio_marco,Micro,4707753,10,3,2
Renca,2025-1,convenio_marco,NoClasificado,56876560,3,3,2
Renca,2025-1,convenio_marco,Pequeña,24659700,5,3,3
Renca,2025-1,licitacion,Grande,6907316863,75,49,25
Renca,2025-1,licitacion,Mediana,1360779392,16,16,13
Renca,2025-1,licitacion,Micro,19372749,23,7,6
Renca,2025-1,licitacion,NoClasificado,69622398,8,4,4
Renca,2025-1,licitacion,Pequeña,929834016,83,41,25
Renca,2025-1,trato_directo,Grande,43082529,5,5,5
Renca,2025-1,trato_directo,Mediana,270902489,4,4,3
Renca,2025-1,trato_directo,Micro,21750000,2,2,2
Renca,2025-1,trato_directo,NoClasificado,570000,1,1,1
Renca,2025-1,trato_directo,Pequeña,27962962,4,4,4
Renca,2025-2,compra_agil,Grande,1245110,11,2,2
Renca,2025-2,compra_agil,Mediana,123454771,1175,45,32
Renca,2025-2,compra_agil,Micro,163383479,428,68,49
Renca,2025-2,compra_agil,NoClasificado,232283821,707,95,71
Renca,2025-2,compra_agil,Pequeña,383409565,2771,124,92
Renca,2025-2,convenio_marco,Grande,181561190,98,14,9
Renca,2025-2,convenio_marco,Mediana,127553126,44,6,5
Renca,2025-2,convenio_marco,Micro,43948328,10,4,4
Renca,2025-2,convenio_marco,Pequeña,30924319,6,4,4
Renca,2025-2,licitacion,Grande,3863960288,177,49,19
Renca,2025-2,licitacion,Mediana,972786354,19,19,13
Renca,2025-2,licitacion,Micro,136467557,26,9,6
Renca,2025-2,licitacion,NoClasificado,26537815,1,1,1
Renca,2025-2,licitacion,Pequeña,930264318,234,45,13
Renca,2025-2,trato_directo,Grande,29084527,2,2,2
Renca,2025-2,trato_directo,Mediana,1350000,1,1,1
Renca,2025-2,trato_directo,Pequeña,1571101,2,2,1
San Joaquín,2015-1,convenio_marco,Grande,75367084,288,65,18
San Joaquín,2015-1,convenio_marco,Mediana,16296230,193,44,16
San Joaquín,2015-1,convenio_marco,Micro,19142430,457,55,21
San Joaquín,2015-1,convenio_marco,Pequeña,17863988,111,46,25
San Joaquín,2015-1,licitacion,Grande,44827841,350,17,6
San Joaquín,2015-1,licitacion,Mediana,26515680,28,8,7
San Joaquín,2015-1,licitacion,Micro,760035217,239,32,26
San Joaquín,2015-1,licitacion,Pequeña,660282459,155,31,25
San Joaquín,2015-1,trato_directo,Grande,7719118,95,14,8
San Joaquín,2015-1,trato_directo,Mediana,8026005,38,16,8
San Joaquín,2015-1,trato_directo,Micro,47404895,25,20,17
San Joaquín,2015-1,trato_directo,Pequeña,13466494,74,33,18
San Joaquín,2015-2,convenio_marco,Grande,97339554,332,93,28
San Joaquín,2015-2,convenio_marco,Mediana,11082289,78,42,19
San Joaquín,2015-2,convenio_marco,Micro,61355697,271,79,36
San Joaquín,2015-2,convenio_marco,Pequeña,79823485,189,59,31
San Joaquín,2015-2,licitacion,Grande,25347221,94,19,4
San Joaquín,2015-2,licitacion,Mediana,92682252,68,14,8
San Joaquín,2015-2,licitacion,Micro,180290937,51,17,12
San Joaquín,2015-2,licitacion,Pequeña,888429290,108,34,19
San Joaquín,2015-2,trato_directo,Grande,17368493,46,15,9
San Joaquín,2015-2,trato_directo,Mediana,42543913,53,16,7
San Joaquín,2015-2,trato_directo,Micro,41498713,30,23,20
San Joaquín,2015-2,trato_directo,Pequeña,7229214,31,27,13
San Joaquín,2016-1,convenio_marco,Grande,78388059,387,108,23
San Joaquín,2016-1,convenio_marco,Mediana,270613876,222,90,29
San Joaquín,2016-1,convenio_marco,Micro,87141357,318,131,52
San Joaquín,2016-1,convenio_marco,Pequeña,51659892,196,81,46
San Joaquín,2016-1,licitacion,Grande,1475625,9,3,2
San Joaquín,2016-1,licitacion,Mediana,51172545,115,5,4
San Joaquín,2016-1,licitacion,Micro,53561289,108,20,14
San Joaquín,2016-1,licitacion,Pequeña,134511854,152,29,16
San Joaquín,2016-1,trato_directo,Grande,249779235,46,22,10
San Joaquín,2016-1,trato_directo,Mediana,36732919,56,16,9
San Joaquín,2016-1,trato_directo,Micro,7197938,66,13,12
San Joaquín,2016-1,trato_directo,Pequeña,32415543,42,27,13
San Joaquín,2016-2,convenio_marco,Grande,63320509,223,75,22
San Joaquín,2016-2,convenio_marco,Mediana,40688422,214,81,14
San Joaquín,2016-2,convenio_marco,Micro,148806255,375,139,47
San Joaquín,2016-2,convenio_marco,Pequeña,109025294,120,63,28
San Joaquín,2016-2,licitacion,Grande,1113227466,67,12,5
San Joaquín,2016-2,licitacion,Mediana,648336307,39,23,13
San Joaquín,2016-2,licitacion,Micro,287994325,138,28,18
San Joaquín,2016-2,licitacion,Pequeña,1033209071,73,40,24
San Joaquín,2016-2,trato_directo,Grande,24819035,50,17,8
San Joaquín,2016-2,trato_directo,Mediana,9770597,28,15,9
San Joaquín,2016-2,trato_directo,Micro,143200061,38,26,19
San Joaquín,2016-2,trato_directo,Pequeña,8894008,28,26,12
San Joaquín,2017-1,convenio_marco,Grande,65681072,279,76,27
San Joaquín,2017-1,convenio_marco,Mediana,19347198,292,62,18
San Joaquín,2017-1,convenio_marco,Micro,90553860,175,81,39
San Joaquín,2017-1,convenio_marco,Pequeña,64901156,134,61,30
San Joaquín,2017-1,licitacion,Grande,3778004,9,4,2
San Joaquín,2017-1,licitacion,Mediana,404051466,14,9,5
San Joaquín,2017-1,licitacion,Micro,276664122,96,21,15
San Joaquín,2017-1,licitacion,Pequeña,46610363,35,16,10
San Joaquín,2017-1,trato_directo,Grande,12613220,8,7,3
San Joaquín,2017-1,trato_directo,Mediana,4552029,9,6,5
San Joaquín,2017-1,trato_directo,Micro,19685385,19,16,15
San Joaquín,2017-1,trato_directo,Pequeña,26810411,25,21,10
San Joaquín,2017-2,convenio_marco,Grande,69511368,337,94,28
San Joaquín,2017-2,convenio_marco,Mediana,19823964,100,57,25
San Joaquín,2017-2,convenio_marco,Micro,59940522,400,165,83
San Joaquín,2017-2,convenio_marco,Pequeña,89540625,148,91,48
San Joaquín,2017-2,licitacion,Grande,1913720,21,3,2
San Joaquín,2017-2,licitacion,Mediana,92559141,145,6,6
San Joaquín,2017-2,licitacion,Micro,254195979,83,29,17
San Joaquín,2017-2,licitacion,Pequeña,586345388,52,18,13
San Joaquín,2017-2,trato_directo,Grande,3330244,6,6,3
San Joaquín,2017-2,trato_directo,Mediana,2478670,11,7,4
San Joaquín,2017-2,trato_directo,Micro,4277562,20,15,14
San Joaquín,2017-2,trato_directo,Pequeña,7394092,58,24,11
San Joaquín,2018-1,convenio_marco,Grande,50223773,385,114,36
San Joaquín,2018-1,convenio_marco,Mediana,40972022,91,52,24
San Joaquín,2018-1,convenio_marco,Micro,94782572,328,147,66
San Joaquín,2018-1,convenio_marco,NoClasificado,16311300,2,1,1
San Joaquín,2018-1,convenio_marco,Pequeña,45609135,146,77,38
San Joaquín,2018-1,licitacion,Grande,53653697,11,7,7
San Joaquín,2018-1,licitacion,Mediana,445299150,18,8,7
San Joaquín,2018-1,licitacion,Micro,84390593,28,16,13
San Joaquín,2018-1,licitacion,Pequeña,89638294,116,25,16
San Joaquín,2018-1,trato_directo,Grande,19198748,18,14,8
San Joaquín,2018-1,trato_directo,Mediana,2511107,29,7,3
San Joaquín,2018-1,trato_directo,Micro,2786880,15,8,6
San Joaquín,2018-1,trato_directo,Pequeña,4238474,11,7,6
San Joaquín,2018-2,convenio_marco,Grande,197110764,348,108,34
San Joaquín,2018-2,convenio_marco,Mediana,60229106,179,70,25
San Joaquín,2018-2,convenio_marco,Micro,78677226,383,174,60
San Joaquín,2018-2,convenio_marco,Pequeña,116081053,241,119,41
San Joaquín,2018-2,licitacion,Grande,342565993,24,14,6
San Joaquín,2018-2,licitacion,Mediana,60461131,160,11,6
San Joaquín,2018-2,licitacion,Micro,358701046,128,34,22
San Joaquín,2018-2,licitacion,Pequeña,274896846,88,25,16
San Joaquín,2018-2,trato_directo,Grande,5847306,42,10,6
San Joaquín,2018-2,trato_directo,Mediana,14154712,38,20,13
San Joaquín,2018-2,trato_directo,Micro,12927505,20,17,16
San Joaquín,2018-2,trato_directo,Pequeña,7801900,16,14,11
San Joaquín,2019-1,convenio_marco,Grande,141398045,233,102,36
San Joaquín,2019-1,convenio_marco,Mediana,31260934,140,66,20
San Joaquín,2019-1,convenio_marco,Micro,148583962,328,151,60
San Joaquín,2019-1,convenio_marco,Pequeña,209351933,187,94,39
San Joaquín,2019-1,licitacion,Grande,29498783,13,9,7
San Joaquín,2019-1,licitacion,Mediana,2366303958,46,11,9
San Joaquín,2019-1,licitacion,Micro,55813140,46,18,13
San Joaquín,2019-1,licitacion,Pequeña,74492091,16,11,8
San Joaquín,2019-1,trato_directo,Grande,10779854,67,12,9
San Joaquín,2019-1,trato_directo,Mediana,32189146,55,19,8
San Joaquín,2019-1,trato_directo,Micro,37437733,27,16,14
San Joaquín,2019-1,trato_directo,NoClasificado,5500000,1,1,1
San Joaquín,2019-1,trato_directo,Pequeña,46986885,19,15,11
San Joaquín,2019-2,convenio_marco,Grande,129179612,288,132,37
San Joaquín,2019-2,convenio_marco,Mediana,107148533,93,52,22
San Joaquín,2019-2,convenio_marco,Micro,123290961,235,128,54
San Joaquín,2019-2,convenio_marco,Pequeña,131377346,131,84,40
San Joaquín,2019-2,licitacion,Grande,195366098,7,6,5
San Joaquín,2019-2,licitacion,Mediana,198455700,188,24,9
San Joaquín,2019-2,licitacion,Micro,382275907,134,34,21
San Joaquín,2019-2,licitacion,Pequeña,125254843,143,45,18
San Joaquín,2019-2,trato_directo,Grande,21680905,235,28,6
San Joaquín,2019-2,trato_directo,Mediana,3719648,17,5,4
San Joaquín,2019-2,trato_directo,Micro,20037162,27,17,16
San Joaquín,2019-2,trato_directo,Pequeña,13811464,16,10,8
San Joaquín,2020-1,convenio_marco,Grande,104964491,125,44,18
San Joaquín,2020-1,convenio_marco,Mediana,136011745,71,32,19
San Joaquín,2020-1,convenio_marco,Micro,203322389,171,103,41
San Joaquín,2020-1,convenio_marco,Pequeña,97088668,91,61,28
San Joaquín,2020-1,licitacion,Grande,41084406,3,2,2
San Joaquín,2020-1,licitacion,Mediana,44180673,2,2,2
San Joaquín,2020-1,licitacion,Micro,52457892,26,13,8
San Joaquín,2020-1,licitacion,Pequeña,161619557,16,12,7
San Joaquín,2020-1,trato_directo,Grande,28520344,41,15,10
San Joaquín,2020-1,trato_directo,Mediana,38027794,54,22,14
San Joaquín,2020-1,trato_directo,Micro,138117222,41,36,25
San Joaquín,2020-1,trato_directo,NoClasificado,3018072,4,4,4
San Joaquín,2020-1,trato_directo,Pequeña,126511924,31,27,17
San Joaquín,2020-2,convenio_marco,Grande,142990286,171,54,19
San Joaquín,2020-2,convenio_marco,Mediana,75489603,91,32,20
San Joaquín,2020-2,convenio_marco,Micro,313390853,230,91,31
San Joaquín,2020-2,convenio_marco,Pequeña,56740196,69,43,27
San Joaquín,2020-2,licitacion,Grande,852058658,4,4,4
San Joaquín,2020-2,licitacion,Mediana,54439708,13,5,5
San Joaquín,2020-2,licitacion,Micro,121223377,43,11,11
San Joaquín,2020-2,licitacion,Pequeña,91565132,14,9,8
San Joaquín,2020-2,trato_directo,Grande,52031383,48,16,10
San Joaquín,2020-2,trato_directo,Mediana,105214072,143,35,13
San Joaquín,2020-2,trato_directo,Micro,483453298,92,29,21
San Joaquín,2020-2,trato_directo,NoClasificado,28254156,22,10,5
San Joaquín,2020-2,trato_directo,Pequeña,116807054,54,43,20
San Joaquín,2021-1,compra_agil,Grande,5777987,44,11,5
San Joaquín,2021-1,compra_agil,Mediana,429211,5,2,1
San Joaquín,2021-1,compra_agil,Micro,33917813,751,22,17
San Joaquín,2021-1,compra_agil,Pequeña,656600,5,2,2
San Joaquín,2021-1,convenio_marco,Grande,116697391,64,36,20
San Joaquín,2021-1,convenio_marco,Mediana,13090082,11,10,7
San Joaquín,2021-1,convenio_marco,Micro,253618340,123,38,17
San Joaquín,2021-1,convenio_marco,NoClasificado,875000,4,1,1
San Joaquín,2021-1,convenio_marco,Pequeña,47066605,31,29,11
San Joaquín,2021-1,licitacion,Grande,108589099,139,8,8
San Joaquín,2021-1,licitacion,Mediana,804071138,5,5,5
San Joaquín,2021-1,licitacion,Micro,205753841,81,24,16
San Joaquín,2021-1,licitacion,Pequeña,72233464,11,8,8
San Joaquín,2021-1,trato_directo,Grande,18869934,94,27,15
San Joaquín,2021-1,trato_directo,Mediana,15808245,24,15,13
San Joaquín,2021-1,trato_directo,Micro,121861658,109,54,28
San Joaquín,2021-1,trato_directo,Pequeña,17593871,24,18,15
San Joaquín,2021-2,compra_agil,Grande,24492779,620,50,16
San Joaquín,2021-2,compra_agil,Mediana,26268312,425,29,16
San Joaquín,2021-2,compra_agil,Micro,194925770,2201,178,119
San Joaquín,2021-2,compra_agil,NoClasificado,44303789,426,48,40
San Joaquín,2021-2,compra_agil,Pequeña,53211293,277,73,53
San Joaquín,2021-2,convenio_marco,Grande,268501350,44,29,15
San Joaquín,2021-2,convenio_marco,Mediana,117437382,13,10,7
San Joaquín,2021-2,convenio_marco,Micro,118707849,97,18,12
San Joaquín,2021-2,convenio_marco,Pequeña,36731664,13,7,7
San Joaquín,2021-2,licitacion,Grande,25762730,4,3,3
San Joaquín,2021-2,licitacion,Mediana,364415843,11,10,7
San Joaquín,2021-2,licitacion,Micro,462445556,31,18,16
San Joaquín,2021-2,licitacion,Pequeña,48631285,17,12,9
San Joaquín,2021-2,trato_directo,Grande,3641515,4,2,1
San Joaquín,2021-2,trato_directo,Mediana,610000,1,1,1
San Joaquín,2021-2,trato_directo,Micro,65996970,13,13,13
San Joaquín,2021-2,trato_directo,NoClasificado,2800000,2,2,1
San Joaquín,2021-2,trato_directo,Pequeña,17294558,12,10,9
San Joaquín,2022-1,compra_agil,Grande,39950810,593,60,21
San Joaquín,2022-1,compra_agil,Mediana,26520736,287,25,17
San Joaquín,2022-1,compra_agil,Micro,132592344,1258,127,100
San Joaquín,2022-1,compra_agil,NoClasificado,50489760,677,42,25
San Joaquín,2022-1,compra_agil,Pequeña,61531315,466,75,53
San Joaquín,2022-1,convenio_marco,Grande,91210175,31,17,8
San Joaquín,2022-1,convenio_marco,Mediana,12600845,6,5,4
San Joaquín,2022-1,convenio_marco,Micro,687496,1,1,1
San Joaquín,2022-1,convenio_marco,Pequeña,11672604,4,3,2
San Joaquín,2022-1,licitacion,Grande,1032015779,25,17,10
San Joaquín,2022-1,licitacion,Mediana,147814292,23,11,8
San Joaquín,2022-1,licitacion,Micro,256781353,51,16,14
San Joaquín,2022-1,licitacion,NoClasificado,19441523,166,7,4
San Joaquín,2022-1,licitacion,Pequeña,36977341,24,8,7
San Joaquín,2022-1,trato_directo,Grande,217258958,10,10,9
San Joaquín,2022-1,trato_directo,Mediana,21158607,5,5,3
San Joaquín,2022-1,trato_directo,Micro,41212306,19,15,13
San Joaquín,2022-1,trato_directo,NoClasificado,1564500,1,1,1
San Joaquín,2022-1,trato_directo,Pequeña,10117894,6,6,5
San Joaquín,2022-2,convenio_marco,Grande,118708824,56,20,10
San Joaquín,2022-2,convenio_marco,Mediana,17334728,45,7,2
San Joaquín,2022-2,convenio_marco,Pequeña,4919739,3,2,2
San Joaquín,2022-2,licitacion,Grande,95025243,19,10,9
San Joaquín,2022-2,licitacion,Mediana,16972037,99,7,6
San Joaquín,2022-2,licitacion,Micro,185128673,36,28,16
San Joaquín,2022-2,licitacion,NoClasificado,21659334,22,8,8
San Joaquín,2022-2,licitacion,Pequeña,357989050,30,23,19
San Joaquín,2022-2,trato_directo,Grande,38784653,9,8,7
San Joaquín,2022-2,trato_directo,Mediana,7912719,4,3,3
San Joaquín,2022-2,trato_directo,Micro,15015000,10,10,10
San Joaquín,2022-2,trato_directo,NoClasificado,5410098,4,4,3
San Joaquín,2022-2,trato_directo,Pequeña,84527797,13,9,9
San Joaquín,2023-1,compra_agil,Grande,31047648,294,41,28
San Joaquín,2023-1,compra_agil,Mediana,35732879,335,45,26
San Joaquín,2023-1,compra_agil,Micro,109507764,977,95,70
San Joaquín,2023-1,compra_agil,NoClasificado,100122818,1301,81,60
San Joaquín,2023-1,compra_agil,Pequeña,111519410,1018,101,64
San Joaquín,2023-1,convenio_marco,Grande,372331996,122,37,14
San Joaquín,2023-1,convenio_marco,Mediana,25207853,5,3,3
San Joaquín,2023-1,convenio_marco,Micro,908950,1,1,1
San Joaquín,2023-1,convenio_marco,Pequeña,2462425,11,2,2
San Joaquín,2023-1,licitacion,Grande,177368753,37,19,18
San Joaquín,2023-1,licitacion,Mediana,65043829,19,6,6
San Joaquín,2023-1,licitacion,Micro,187582008,195,20,17
San Joaquín,2023-1,licitacion,NoClasificado,72486704,13,10,8
San Joaquín,2023-1,licitacion,Pequeña,480507551,156,21,15
San Joaquín,2023-1,trato_directo,Grande,54990030,6,6,6
San Joaquín,2023-1,trato_directo,Mediana,2686849,3,2,2
San Joaquín,2023-1,trato_directo,Micro,17082126,16,13,10
San Joaquín,2023-1,trato_directo,NoClasificado,22203733,5,5,4
San Joaquín,2023-1,trato_directo,Pequeña,7959561,8,7,6
San Joaquín,2023-2,compra_agil,Grande,60243875,319,64,33
San Joaquín,2023-2,compra_agil,Mediana,44589184,390,64,40
San Joaquín,2023-2,compra_agil,Micro,80873978,513,87,68
San Joaquín,2023-2,compra_agil,NoClasificado,30441846,110,28,20
San Joaquín,2023-2,compra_agil,Pequeña,216665119,2111,174,107
San Joaquín,2023-2,convenio_marco,Grande,128773271,108,25,10
San Joaquín,2023-2,convenio_marco,Mediana,39933887,13,10,8
San Joaquín,2023-2,licitacion,Grande,1351121117,97,34,24
San Joaquín,2023-2,licitacion,Mediana,286050066,86,19,10
San Joaquín,2023-2,licitacion,Micro,28917300,15,6,6
San Joaquín,2023-2,licitacion,NoClasificado,7105000,2,2,2
San Joaquín,2023-2,licitacion,Pequeña,348895353,176,48,32
San Joaquín,2023-2,trato_directo,Grande,1831059889,26,15,12
San Joaquín,2023-2,trato_directo,Mediana,1754716,3,3,3
San Joaquín,2023-2,trato_directo,Micro,33989943,14,13,12
San Joaquín,2023-2,trato_directo,NoClasificado,25487163,2,2,2
San Joaquín,2023-2,trato_directo,Pequeña,286341675,33,23,14
San Joaquín,2024-1,compra_agil,Grande,68723039,265,51,30
San Joaquín,2024-1,compra_agil,Mediana,56706225,547,61,41
San Joaquín,2024-1,compra_agil,Micro,80628950,402,66,52
San Joaquín,2024-1,compra_agil,NoClasificado,43432517,311,44,33
San Joaquín,2024-1,compra_agil,Pequeña,234827886,2661,158,111
San Joaquín,2024-1,convenio_marco,Grande,338581837,125,24,9
San Joaquín,2024-1,convenio_marco,Mediana,74264140,9,5,4
San Joaquín,2024-1,convenio_marco,NoClasificado,1650033,2,1,1
San Joaquín,2024-1,convenio_marco,Pequeña,43438998,10,6,2
San Joaquín,2024-1,licitacion,Grande,4288080833,45,32,15
San Joaquín,2024-1,licitacion,Mediana,523394973,49,18,17
San Joaquín,2024-1,licitacion,Micro,57020957,34,21,13
San Joaquín,2024-1,licitacion,NoClasificado,203163709,8,6,5
San Joaquín,2024-1,licitacion,Pequeña,793819705,438,52,25
San Joaquín,2024-1,trato_directo,Grande,3453308336,18,14,10
San Joaquín,2024-1,trato_directo,Mediana,20060067,8,7,7
San Joaquín,2024-1,trato_directo,Micro,16090762,9,9,7
San Joaquín,2024-1,trato_directo,NoClasificado,16806720,1,1,1
San Joaquín,2024-1,trato_directo,Pequeña,148416994,23,20,13
San Joaquín,2024-2,compra_agil,1.0,41080290,282,44,29
San Joaquín,2024-2,compra_agil,2.0,42666909,337,39,29
San Joaquín,2024-2,compra_agil,3.0,62456284,412,54,45
San Joaquín,2024-2,compra_agil,4.0,99765679,916,102,68
San Joaquín,2024-2,compra_agil,Micro,1678500,1,1,1
San Joaquín,2024-2,compra_agil,NoClasificado,61369135,325,57,49
San Joaquín,2024-2,convenio_marco,1.0,119950945,53,10,6
San Joaquín,2024-2,convenio_marco,2.0,8241320,7,5,2
San Joaquín,2024-2,convenio_marco,4.0,30182818,65,11,4
San Joaquín,2024-2,licitacion,1.0,459715535,25,19,11
San Joaquín,2024-2,licitacion,2.0,1282413470,102,20,14
San Joaquín,2024-2,licitacion,3.0,20161224,15,13,10
San Joaquín,2024-2,licitacion,4.0,435155270,74,49,27
San Joaquín,2024-2,licitacion,NoClasificado,203297174,7,5,5
San Joaquín,2024-2,trato_directo,1.0,109136219,6,6,4
San Joaquín,2024-2,trato_directo,2.0,1494300,1,1,1
San Joaquín,2024-2,trato_directo,3.0,49801285,9,8,8
San Joaquín,2024-2,trato_directo,4.0,147468982,34,20,15
San Joaquín,2024-2,trato_directo,NoClasificado,6000000,1,1,1
San Joaquín,2025-1,compra_agil,Grande,232166279,2010,9,8
San Joaquín,2025-1,compra_agil,Mediana,125184787,568,50,43
San Joaquín,2025-1,compra_agil,Micro,183286506,689,70,52
San Joaquín,2025-1,compra_agil,NoClasificado,192743863,1017,44,42
San Joaquín,2025-1,compra_agil,Pequeña,327648773,1690,109,83
San Joaquín,2025-1,convenio_marco,Grande,333608904,53,22,11
San Joaquín,2025-1,convenio_marco,Mediana,102445101,7,4,4
San Joaquín,2025-1,convenio_marco,Micro,29836585,20,7,3
San Joaquín,2025-1,convenio_marco,Pequeña,27682145,54,11,3
San Joaquín,2025-1,licitacion,Grande,552266984,17,15,14
San Joaquín,2025-1,licitacion,Mediana,542878028,17,10,10
San Joaquín,2025-1,licitacion,Micro,61041113,5,5,5
San Joaquín,2025-1,licitacion,NoClasificado,184368683,6,6,5
San Joaquín,2025-1,licitacion,Pequeña,330197922,105,11,9
San Joaquín,2025-1,trato_directo,Grande,1190903353,7,7,6
San Joaquín,2025-1,trato_directo,Micro,25212361,4,4,4
San Joaquín,2025-1,trato_directo,Pequeña,30846000,3,3,3
San Joaquín,2025-2,compra_agil,Grande,4335433,63,5,5
San Joaquín,2025-2,compra_agil,Mediana,65781425,1135,33,23
San Joaquín,2025-2,compra_agil,Micro,102229803,550,55,45
San Joaquín,2025-2,compra_agil,NoClasificado,117536628,1082,81,64
San Joaquín,2025-2,compra_agil,Pequeña,113436812,1217,82,61
San Joaquín,2025-2,convenio_marco,Grande,41426190,20,6,5
San Joaquín,2025-2,convenio_marco,Mediana,2188400,4,2,2
San Joaquín,2025-2,convenio_marco,Micro,2250000,2,1,1
San Joaquín,2025-2,convenio_marco,NoClasificado,1464800,1,1,1
San Joaquín,2025-2,convenio_marco,Pequeña,5860238,6,3,2
San Joaquín,2025-2,licitacion,Grande,124840442,19,12,7
San Joaquín,2025-2,licitacion,Mediana,58282935,12,6,3
San Joaquín,2025-2,licitacion,Micro,7540200,1,1,1
San Joaquín,2025-2,licitacion,NoClasificado,10706175,2,2,2
San Joaquín,2025-2,licitacion,Pequeña,199853811,13,4,3
San Joaquín,2025-2,trato_directo,Grande,8173224,3,3,3
San Joaquín,2025-2,trato_directo,Micro,1500000,1,1,1
San Joaquín,2025-2,trato_directo,NoClasificado,450000,1,1,1
San Joaquín,2025-2,trato_directo,Pequeña,12068399,2,2,2
San Miguel,2015-1,convenio_marco,Grande,38367315,219,64,19
San Miguel,2015-1,convenio_marco,Mediana,12013828,37,23,12
San Miguel,2015-1,convenio_marco,Micro,14195954,120,23,16
San Miguel,2015-1,convenio_marco,Pequeña,11562505,72,29,16
San Miguel,2015-1,licitacion,Grande,55684143,75,16,12
San Miguel,2015-1,licitacion,Mediana,18805242,46,17,12
San Miguel,2015-1,licitacion,Micro,126978653,352,77,57
San Miguel,2015-1,licitacion,NoClasificado,362071,19,1,1
San Miguel,2015-1,licitacion,Pequeña,316431444,568,72,39
San Miguel,2015-1,trato_directo,Grande,8617931,8,8,4
San Miguel,2015-1,trato_directo,Mediana,3045082,113,15,5
San Miguel,2015-1,trato_directo,Micro,45442611,62,39,25
San Miguel,2015-1,trato_directo,Pequeña,11849110,265,55,14
San Miguel,2015-2,convenio_marco,Grande,53441745,258,90,19
San Miguel,2015-2,convenio_marco,Mediana,12873289,57,39,18
San Miguel,2015-2,convenio_marco,Micro,20811521,94,40,15
San Miguel,2015-2,convenio_marco,Pequeña,16958637,71,28,18
San Miguel,2015-2,licitacion,Grande,15353162,63,20,9
San Miguel,2015-2,licitacion,Mediana,61404281,63,16,11
San Miguel,2015-2,licitacion,Micro,118590067,277,92,75
San Miguel,2015-2,licitacion,NoClasificado,101808,24,1,1
San Miguel,2015-2,licitacion,Pequeña,91383015,219,63,34
San Miguel,2015-2,trato_directo,Grande,11224898,27,12,7
San Miguel,2015-2,trato_directo,Mediana,4240070,207,21,2
San Miguel,2015-2,trato_directo,Micro,13270155,99,33,23
San Miguel,2015-2,trato_directo,Pequeña,21530132,682,100,17
San Miguel,2016-1,convenio_marco,Grande,102363083,216,93,23
San Miguel,2016-1,convenio_marco,Mediana,30978560,95,47,18
San Miguel,2016-1,convenio_marco,Micro,28588884,258,68,25
San Miguel,2016-1,convenio_marco,Pequeña,18642305,104,30,22
San Miguel,2016-1,licitacion,Grande,3642923,63,18,11
San Miguel,2016-1,licitacion,Mediana,15777850,299,30,12
San Miguel,2016-1,licitacion,Micro,74997047,202,74,59
San Miguel,2016-1,licitacion,Pequeña,98652300,378,85,44
San Miguel,2016-1,trato_directo,Grande,13394284,12,12,4
San Miguel,2016-1,trato_directo,Mediana,185054589,175,22,5
San Miguel,2016-1,trato_directo,Micro,31073574,80,53,24
San Miguel,2016-1,trato_directo,Pequeña,22960784,725,90,17
San Miguel,2016-2,convenio_marco,Grande,50712094,185,70,19
San Miguel,2016-2,convenio_marco,Mediana,75175612,132,48,17
San Miguel,2016-2,convenio_marco,Micro,51000816,221,60,30
San Miguel,2016-2,convenio_marco,Pequeña,47824588,126,45,28
San Miguel,2016-2,licitacion,Grande,13874002,40,29,11
San Miguel,2016-2,licitacion,Mediana,350898648,96,21,11
San Miguel,2016-2,licitacion,Micro,320759117,245,100,69
San Miguel,2016-2,licitacion,NoClasificado,2527798,2,1,1
San Miguel,2016-2,licitacion,Pequeña,94398191,308,56,36
San Miguel,2016-2,trato_directo,Grande,7214324,9,9,3
San Miguel,2016-2,trato_directo,Mediana,408490683,182,21,5
San Miguel,2016-2,trato_directo,Micro,15903725,89,49,25
San Miguel,2016-2,trato_directo,Pequeña,28487942,491,81,14
San Miguel,2017-1,convenio_marco,Grande,78134053,151,77,16
San Miguel,2017-1,convenio_marco,Mediana,19923967,60,34,14
San Miguel,2017-1,convenio_marco,Micro,52272329,306,104,35
San Miguel,2017-1,convenio_marco,Pequeña,43539147,146,40,23
San Miguel,2017-1,licitacion,Grande,10903003,28,12,9
San Miguel,2017-1,licitacion,Mediana,13011316,74,11,9
San Miguel,2017-1,licitacion,Micro,166966864,266,76,56
San Miguel,2017-1,licitacion,NoClasificado,992220,21,1,1
San Miguel,2017-1,licitacion,Pequeña,252632706,439,68,34
San Miguel,2017-1,trato_directo,Grande,13638708,17,13,7
San Miguel,2017-1,trato_directo,Mediana,153949030,87,15,4
San Miguel,2017-1,trato_directo,Micro,15726261,120,45,19
San Miguel,2017-1,trato_directo,Pequeña,23738099,422,62,10
San Miguel,2017-2,convenio_marco,Grande,214220671,202,84,18
San Miguel,2017-2,convenio_marco,Mediana,64432488,50,18,11
San Miguel,2017-2,convenio_marco,Micro,97345823,181,62,31
San Miguel,2017-2,convenio_marco,Pequeña,132710464,98,46,33
San Miguel,2017-2,licitacion,Grande,22012192,41,21,15
San Miguel,2017-2,licitacion,Mediana,122146361,395,23,13
San Miguel,2017-2,licitacion,Micro,119862980,500,106,74
San Miguel,2017-2,licitacion,NoClasificado,550000,1,1,1
San Miguel,2017-2,licitacion,Pequeña,210848731,374,61,34
San Miguel,2017-2,trato_directo,Grande,2189905,15,7,3
San Miguel,2017-2,trato_directo,Mediana,6308334,127,22,5
San Miguel,2017-2,trato_directo,Micro,114614212,116,67,26
San Miguel,2017-2,trato_directo,Pequeña,25457448,847,101,8
San Miguel,2018-1,convenio_marco,Grande,84407330,162,78,18
San Miguel,2018-1,convenio_marco,Mediana,23352942,75,39,14
San Miguel,2018-1,convenio_marco,Micro,44600635,252,60,28
San Miguel,2018-1,convenio_marco,Pequeña,61957917,93,34,22
San Miguel,2018-1,licitacion,Grande,8764884,29,12,8
San Miguel,2018-1,licitacion,Mediana,104984122,87,25,15
San Miguel,2018-1,licitacion,Micro,673944279,240,95,61
San Miguel,2018-1,licitacion,NoClasificado,729243,19,1,1
San Miguel,2018-1,licitacion,Pequeña,137318144,174,49,36
San Miguel,2018-1,trato_directo,Grande,779500,1,1,1
San Miguel,2018-1,trato_directo,Mediana,1159452,11,4,3
San Miguel,2018-1,trato_directo,Micro,16935710,170,55,22
San Miguel,2018-1,trato_directo,Pequeña,22928803,345,56,11
San Miguel,2018-2,convenio_marco,Grande,107087040,238,91,19
San Miguel,2018-2,convenio_marco,Mediana,66325923,45,27,15
San Miguel,2018-2,convenio_marco,Micro,91873173,235,106,43
San Miguel,2018-2,convenio_marco,Pequeña,43799146,72,50,30
San Miguel,2018-2,licitacion,Grande,8282740,20,10,8
San Miguel,2018-2,licitacion,Mediana,131498523,259,33,14
San Miguel,2018-2,licitacion,Micro,160827781,204,101,55
San Miguel,2018-2,licitacion,Pequeña,152942783,201,45,36
San Miguel,2018-2,trato_directo,Grande,16894229,9,7,6
San Miguel,2018-2,trato_directo,Mediana,4730817,114,19,7
San Miguel,2018-2,trato_directo,Micro,46345224,186,70,22
San Miguel,2018-2,trato_directo,Pequeña,23303932,581,96,11
San Miguel,2019-1,convenio_marco,Grande,107132933,167,77,16
San Miguel,2019-1,convenio_marco,Mediana,27462860,96,36,13
San Miguel,2019-1,convenio_marco,Micro,79031276,168,97,39
San Miguel,2019-1,convenio_marco,Pequeña,66535507,97,43,23
San Miguel,2019-1,licitacion,Grande,6258434,16,13,10
San Miguel,2019-1,licitacion,Mediana,3537989406,128,24,7
San Miguel,2019-1,licitacion,Micro,206190019,263,101,59
San Miguel,2019-1,licitacion,Pequeña,338022912,214,64,34
San Miguel,2019-1,trato_directo,Grande,1603701,24,4,4
San Miguel,2019-1,trato_directo,Mediana,7648491,66,14,4
San Miguel,2019-1,trato_directo,Micro,27990855,113,64,17
San Miguel,2019-1,trato_directo,Pequeña,48712674,706,92,10
San Miguel,2019-2,convenio_marco,Grande,62468099,144,79,20
San Miguel,2019-2,convenio_marco,Mediana,58310924,37,31,15
San Miguel,2019-2,convenio_marco,Micro,84745646,187,116,44
San Miguel,2019-2,convenio_marco,Pequeña,64971051,142,59,30
San Miguel,2019-2,licitacion,Grande,7494143,23,14,10
San Miguel,2019-2,licitacion,Mediana,72240160,152,28,11
San Miguel,2019-2,licitacion,Micro,248035215,319,119,58
San Miguel,2019-2,licitacion,Pequeña,422855673,258,43,24
San Miguel,2019-2,trato_directo,Grande,109160,1,1,1
San Miguel,2019-2,trato_directo,Mediana,9254692,79,16,6
San Miguel,2019-2,trato_directo,Micro,58385565,211,83,28
San Miguel,2019-2,trato_directo,Pequeña,41325979,826,93,15
San Miguel,2020-1,compra_agil,Micro,446877,6,2,2
San Miguel,2020-1,compra_agil,NoClasificado,260000,1,1,1
San Miguel,2020-1,compra_agil,Pequeña,796000,3,2,2
San Miguel,2020-1,convenio_marco,Grande,47004396,75,41,11
San Miguel,2020-1,convenio_marco,Mediana,17143472,20,11,8
San Miguel,2020-1,convenio_marco,Micro,131735146,64,30,16
San Miguel,2020-1,convenio_marco,Pequeña,78172666,55,19,12
San Miguel,2020-1,licitacion,Grande,4107527602,8,8,8
San Miguel,2020-1,licitacion,Mediana,116702264,68,26,11
San Miguel,2020-1,licitacion,Micro,226956585,93,50,30
San Miguel,2020-1,licitacion,Pequeña,14364052,36,18,14
San Miguel,2020-1,trato_directo,Grande,4816141,6,4,4
San Miguel,2020-1,trato_directo,Mediana,55288256,85,20,9
San Miguel,2020-1,trato_directo,Micro,42417887,52,26,15
San Miguel,2020-1,trato_directo,NoClasificado,31262000,1,1,1
San Miguel,2020-1,trato_directo,Pequeña,36337583,321,44,11
San Miguel,2020-2,compra_agil,Grande,9432603,86,15,13
San Miguel,2020-2,compra_agil,Mediana,14039954,260,22,12
San Miguel,2020-2,compra_agil,Micro,49290483,841,68,46
San Miguel,2020-2,compra_agil,NoClasificado,27312190,147,14,13
San Miguel,2020-2,compra_agil,Pequeña,12643577,102,23,20
San Miguel,2020-2,convenio_marco,Grande,69463023,201,48,17
San Miguel,2020-2,convenio_marco,Mediana,23176132,20,11,6
San Miguel,2020-2,convenio_marco,Micro,391967492,157,69,27
San Miguel,2020-2,convenio_marco,NoClasificado,1554324,1,1,1
San Miguel,2020-2,convenio_marco,Pequeña,49279695,92,22,16
San Miguel,2020-2,licitacion,Grande,7707110,28,9,6
San Miguel,2020-2,licitacion,Mediana,97784207,78,29,9
San Miguel,2020-2,licitacion,Micro,173249737,88,38,19
San Miguel,2020-2,licitacion,NoClasificado,7240968,11,3,3
San Miguel,2020-2,licitacion,Pequeña,64021299,65,14,12
San Miguel,2020-2,trato_directo,Grande,18702439,7,5,5
San Miguel,2020-2,trato_directo,Mediana,7689179,133,19,3
San Miguel,2020-2,trato_directo,Micro,71509169,51,17,11
San Miguel,2020-2,trato_directo,Pequeña,6454631,8,4,4
San Miguel,2021-1,compra_agil,Grande,35037841,199,56,20
San Miguel,2021-1,compra_agil,Mediana,8207920,47,12,12
San Miguel,2021-1,compra_agil,Micro,57691740,504,78,57
San Miguel,2021-1,compra_agil,NoClasificado,339000,1,1,1
San Miguel,2021-1,compra_agil,Pequeña,22694716,192,27,18
San Miguel,2021-1,convenio_marco,Grande,7017130,11,8,6
San Miguel,2021-1,convenio_marco,Mediana,11737788,5,5,5
San Miguel,2021-1,convenio_marco,Micro,3940009,9,6,6
San Miguel,2021-1,convenio_marco,Pequeña,41028824,7,6,3
San Miguel,2021-1,licitacion,Grande,23279413,7,6,5
San Miguel,2021-1,licitacion,Mediana,225149196,26,21,6
San Miguel,2021-1,licitacion,Micro,305867259,97,33,29
San Miguel,2021-1,licitacion,Pequeña,70286608,44,26,11
San Miguel,2021-1,trato_directo,Grande,4666974,37,9,5
San Miguel,2021-1,trato_directo,Mediana,520472,2,2,2
San Miguel,2021-1,trato_directo,Micro,59803681,9,8,6
San Miguel,2021-1,trato_directo,Pequeña,33139776,17,5,4
San Miguel,2021-2,compra_agil,Grande,14696868,122,32,15
San Miguel,2021-2,compra_agil,Mediana,25198143,259,32,15
San Miguel,2021-2,compra_agil,Micro,102246262,709,126,75
San Miguel,2021-2,compra_agil,NoClasificado,19865386,134,26,23
San Miguel,2021-2,compra_agil,Pequeña,27482150,112,43,30
San Miguel,2021-2,convenio_marco,Grande,45010845,7,6,4
San Miguel,2021-2,convenio_marco,Mediana,29498736,10,7,5
San Miguel,2021-2,convenio_marco,Micro,47346505,31,10,7
San Miguel,2021-2,convenio_marco,Pequeña,11147000,4,3,3
San Miguel,2021-2,licitacion,Grande,402401088,25,14,11
San Miguel,2021-2,licitacion,Mediana,9385596,33,8,7
San Miguel,2021-2,licitacion,Micro,327971362,105,29,22
San Miguel,2021-2,licitacion,NoClasificado,2231855,3,2,2
San Miguel,2021-2,licitacion,Pequeña,164540390,33,22,14
San Miguel,2021-2,trato_directo,Grande,6598683,28,6,4
San Miguel,2021-2,trato_directo,Mediana,236361,1,1,1
San Miguel,2021-2,trato_directo,Micro,14021408,6,5,5
San Miguel,2021-2,trato_directo,Pequeña,47920242,12,8,8
San Miguel,2022-1,compra_agil,Grande,27987661,205,38,15
San Miguel,2022-1,compra_agil,Mediana,6519924,45,12,10
San Miguel,2022-1,compra_agil,Micro,38184369,237,64,51
San Miguel,2022-1,compra_agil,NoClasificado,10098214,106,23,19
San Miguel,2022-1,compra_agil,Pequeña,19271254,165,32,23
San Miguel,2022-1,convenio_marco,Grande,6823509,7,5,3
San Miguel,2022-1,convenio_marco,Mediana,8206876,1,1,1
San Miguel,2022-1,licitacion,Grande,19036241,16,9,7
San Miguel,2022-1,licitacion,Mediana,834834444,22,5,5
San Miguel,2022-1,licitacion,Micro,122778327,17,13,12
San Miguel,2022-1,licitacion,NoClasificado,17921462,3,3,3
San Miguel,2022-1,licitacion,Pequeña,31717435,11,8,8
San Miguel,2022-1,trato_directo,Grande,28356385,2,2,2
San Miguel,2022-1,trato_directo,Mediana,8679340,9,2,2
San Miguel,2022-1,trato_directo,Micro,3679870,4,3,3
San Miguel,2022-1,trato_directo,Pequeña,14422225,5,2,2
San Miguel,2022-2,convenio_marco,Grande,141915359,7,5,5
San Miguel,2022-2,convenio_marco,Pequeña,534000,1,1,1
San Miguel,2022-2,licitacion,Grande,528080441,28,18,15
San Miguel,2022-2,licitacion,Mediana,199382942,54,8,5
San Miguel,2022-2,licitacion,Micro,87946605,54,26,19
San Miguel,2022-2,licitacion,NoClasificado,38056335,20,8,8
San Miguel,2022-2,licitacion,Pequeña,1763429480,42,10,10
San Miguel,2022-2,trato_directo,Grande,25426928,12,6,5
San Miguel,2022-2,trato_directo,Mediana,3049800,1,1,1
San Miguel,2022-2,trato_directo,Micro,44795404,5,5,4
San Miguel,2022-2,trato_directo,NoClasificado,2000000,2,1,1
San Miguel,2022-2,trato_directo,Pequeña,3000000,2,1,1
San Miguel,2023-1,compra_agil,Grande,65407277,2315,62,28
San Miguel,2023-1,compra_agil,Mediana,120470284,3278,49,34
San Miguel,2023-1,compra_agil,Micro,213323383,6448,93,68
San Miguel,2023-1,compra_agil,NoClasificado,155771525,5163,53,39
San Miguel,2023-1,compra_agil,Pequeña,202929391,5994,76,57
San Miguel,2023-1,convenio_marco,Grande,79584974,13,8,6
San Miguel,2023-1,convenio_marco,Mediana,12123120,3,2,2
San Miguel,2023-1,convenio_marco,Pequeña,6768140,3,1,1
San Miguel,2023-1,licitacion,Grande,618516259,42,15,10
San Miguel,2023-1,licitacion,Mediana,288814099,18,6,6
San Miguel,2023-1,licitacion,Micro,107449922,33,13,12
San Miguel,2023-1,licitacion,NoClasificado,471672018,33,14,12
San Miguel,2023-1,licitacion,Pequeña,218188573,52,18,15
San Miguel,2023-1,trato_directo,Grande,1029571273,4,4,4
San Miguel,2023-1,trato_directo,Mediana,19980804,4,4,2
San Miguel,2023-1,trato_directo,Micro,6487389,11,7,4
San Miguel,2023-1,trato_directo,Pequeña,14610515,5,4,3
San Miguel,2023-2,compra_agil,Grande,190511926,4959,65,39
San Miguel,2023-2,compra_agil,Mediana,197761689,6503,79,47
San Miguel,2023-2,compra_agil,Micro,190566009,4272,71,59
San Miguel,2023-2,compra_agil,NoClasificado,19550491,278,14,13
San Miguel,2023-2,compra_agil,Pequeña,266619388,7754,131,96
San Miguel,2023-2,convenio_marco,Grande,141718541,20,10,4
San Miguel,2023-2,convenio_marco,Mediana,22945517,7,5,4
San Miguel,2023-2,licitacion,Grande,5476567881,29,19,16
San Miguel,2023-2,licitacion,Mediana,85933106,50,16,14
San Miguel,2023-2,licitacion,Micro,51108656,33,14,10
San Miguel,2023-2,licitacion,NoClasificado,8083120,2,2,2
San Miguel,2023-2,licitacion,Pequeña,1364787012,149,27,21
San Miguel,2023-2,trato_directo,Grande,9446316,6,6,4
San Miguel,2023-2,trato_directo,NoClasificado,27210756,2,2,2
San Miguel,2023-2,trato_directo,Pequeña,182178441,9,7,7
San Miguel,2024-1,compra_agil,Grande,70340943,1544,57,32
San Miguel,2024-1,compra_agil,Mediana,223272963,8811,68,37
San Miguel,2024-1,compra_agil,Micro,165809022,3502,49,39
San Miguel,2024-1,compra_agil,NoClasificado,46753673,1161,30,23
San Miguel,2024-1,compra_agil,Pequeña,350105847,10593,119,86
San Miguel,2024-1,convenio_marco,Grande,17442845,6,3,3
San Miguel,2024-1,convenio_marco,Mediana,20455412,7,3,1
San Miguel,2024-1,convenio_marco,Pequeña,1653939,2,1,1
San Miguel,2024-1,licitacion,Grande,632283698,19,17,13
San Miguel,2024-1,licitacion,Mediana,88502793,9,7,6
San Miguel,2024-1,licitacion,Micro,85268477,40,14,11
San Miguel,2024-1,licitacion,NoClasificado,13519794,4,4,4
San Miguel,2024-1,licitacion,Pequeña,807379896,60,21,18
San Miguel,2024-1,trato_directo,Grande,561561,2,2,2
San Miguel,2024-1,trato_directo,Pequeña,15218811,7,6,6
San Miguel,2024-2,compra_agil,1.0,106292321,1303,49,34
San Miguel,2024-2,compra_agil,2.0,239298852,5382,70,39
San Miguel,2024-2,compra_agil,3.0,174022495,3928,68,51
San Miguel,2024-2,compra_agil,4.0,403302004,12111,129,82
San Miguel,2024-2,compra_agil,Micro,1163000,5,2,1
San Miguel,2024-2,compra_agil,NoClasificado,220435128,5407,73,51
San Miguel,2024-2,convenio_marco,1.0,59291352,19,10,4
San Miguel,2024-2,convenio_marco,2.0,4668000,2,1,1
San Miguel,2024-2,convenio_marco,4.0,1738778,18,1,1
San Miguel,2024-2,licitacion,1.0,735626870,30,14,12
San Miguel,2024-2,licitacion,2.0,840733098,16,9,9
San Miguel,2024-2,licitacion,3.0,285802396,20,17,11
San Miguel,2024-2,licitacion,4.0,419998152,126,31,29
San Miguel,2024-2,licitacion,Micro,3000000,1,1,1
San Miguel,2024-2,licitacion,NoClasificado,150955812,65,11,10
San Miguel,2024-2,trato_directo,1.0,9641598,7,7,6
San Miguel,2024-2,trato_directo,2.0,6000000,1,1,1
San Miguel,2024-2,trato_directo,3.0,3601320,1,1,1
San Miguel,2024-2,trato_directo,4.0,24205023,8,6,6
San Miguel,2024-2,trato_directo,NoClasificado,41641553,3,3,3
San Miguel,2025-1,compra_agil,Grande,15797748,7,7,5
San Miguel,2025-1,compra_agil,Mediana,342624806,9022,64,38
San Miguel,2025-1,compra_agil,Micro,169015217,3575,43,36
San Miguel,2025-1,compra_agil,NoClasificado,329929136,4365,50,36
San Miguel,2025-1,compra_agil,Pequeña,301148146,7646,101,74
San Miguel,2025-1,convenio_marco,Grande,111191711,3,3,3
San Miguel,2025-1,convenio_marco,Micro,5615316,1,1,1
San Miguel,2025-1,licitacion,Grande,9870100817,18,10,8
San Miguel,2025-1,licitacion,Mediana,197425557,4,4,4
San Miguel,2025-1,licitacion,Micro,5289256,3,3,2
San Miguel,2025-1,licitacion,Pequeña,305388940,10,10,9
San Miguel,2025-1,trato_directo,Grande,79841246,11,11,9
San Miguel,2025-1,trato_directo,Mediana,1340646,3,3,1
San Miguel,2025-1,trato_directo,Pequeña,6280236,4,4,3
San Miguel,2025-2,compra_agil,Grande,52510399,321,8,7
San Miguel,2025-2,compra_agil,Mediana,934066640,19216,63,37
San Miguel,2025-2,compra_agil,Micro,127565417,1720,50,42
San Miguel,2025-2,compra_agil,NoClasificado,595863140,7984,79,58
San Miguel,2025-2,compra_agil,Pequeña,355452487,10629,101,74
San Miguel,2025-2,convenio_marco,Grande,74923411,27,6,5
San Miguel,2025-2,licitacion,Grande,410053634,5,5,4
San Miguel,2025-2,licitacion,Mediana,197699720,6,6,6
San Miguel,2025-2,licitacion,Micro,320514334,7,7,6
San Miguel,2025-2,licitacion,NoClasificado,595353510,4,4,4
San Miguel,2025-2,licitacion,Pequeña,827640661,11,11,9
San Miguel,2025-2,trato_directo,Grande,13575911,20,17,5
San Miguel,2025-2,trato_directo,Mediana,1885752,21,4,3
San Miguel,2025-2,trato_directo,Pequeña,500000,1,1,1
San Ramón,2015-1,convenio_marco,Grande,155657611,990,83,21
San Ramón,2015-1,convenio_marco,Mediana,13837254,71,46,13
San Ramón,2015-1,convenio_marco,Micro,13784789,99,25,11
San Ramón,2015-1,convenio_marco,Pequeña,41639317,42,23,14
San Ramón,2015-1,licitacion,Grande,36045050,61,25,19
San Ramón,2015-1,licitacion,Mediana,27056923,90,27,20
San Ramón,2015-1,licitacion,Micro,307518644,459,137,91
San Ramón,2015-1,licitacion,NoClasificado,906187,103,5,1
San Ramón,2015-1,licitacion,Pequeña,200641663,1809,124,50
San Ramón,2015-1,trato_directo,Grande,10322716,36,22,10
San Ramón,2015-1,trato_directo,Mediana,3782359,11,11,6
San Ramón,2015-1,trato_directo,Micro,66013091,384,164,43
San Ramón,2015-1,trato_directo,Pequeña,27493957,242,86,20
San Ramón,2015-2,convenio_marco,Grande,103726288,1141,123,22
San Ramón,2015-2,convenio_marco,Mediana,21153715,64,33,21
San Ramón,2015-2,convenio_marco,Micro,45798069,80,57,35
San Ramón,2015-2,convenio_marco,NoClasificado,277140,2,2,2
San Ramón,2015-2,convenio_marco,Pequeña,70094761,111,68,31
San Ramón,2015-2,licitacion,Grande,41424166,168,47,18
San Ramón,2015-2,licitacion,Mediana,20314828,52,24,15
San Ramón,2015-2,licitacion,Micro,192210836,754,165,95
San Ramón,2015-2,licitacion,NoClasificado,5115947,223,5,1
San Ramón,2015-2,licitacion,Pequeña,183521846,705,112,62
San Ramón,2015-2,trato_directo,Grande,15210108,71,31,13
San Ramón,2015-2,trato_directo,Mediana,40631311,42,41,9
San Ramón,2015-2,trato_directo,Micro,56850381,190,132,50
San Ramón,2015-2,trato_directo,Pequeña,134611539,462,107,27
San Ramón,2016-1,convenio_marco,Grande,96980881,269,83,20
San Ramón,2016-1,convenio_marco,Mediana,29312092,838,47,15
San Ramón,2016-1,convenio_marco,Micro,44606077,57,41,25
San Ramón,2016-1,convenio_marco,Pequeña,115410074,121,48,23
San Ramón,2016-1,licitacion,Grande,69829518,32,15,11
San Ramón,2016-1,licitacion,Mediana,25003606,60,19,10
San Ramón,2016-1,licitacion,Micro,140194745,335,94,64
San Ramón,2016-1,licitacion,NoClasificado,3505794,105,3,1
San Ramón,2016-1,licitacion,Pequeña,127574201,804,72,37
San Ramón,2016-1,trato_directo,Grande,90190560,358,43,21
San Ramón,2016-1,trato_directo,Mediana,23099332,61,30,10
San Ramón,2016-1,trato_directo,Micro,73969616,147,90,44
San Ramón,2016-1,trato_directo,Pequeña,28317668,358,88,23
San Ramón,2016-2,convenio_marco,Grande,128604409,382,122,28
San Ramón,2016-2,convenio_marco,Mediana,25704348,126,28,15
San Ramón,2016-2,convenio_marco,Micro,50492240,211,84,44
San Ramón,2016-2,convenio_marco,Pequeña,80768959,1885,96,41
San Ramón,2016-2,licitacion,Grande,21887962,48,20,15
San Ramón,2016-2,licitacion,Mediana,41550700,37,29,13
San Ramón,2016-2,licitacion,Micro,159706242,217,90,58
San Ramón,2016-2,licitacion,NoClasificado,7497905,35,5,2
San Ramón,2016-2,licitacion,Pequeña,122831434,778,72,42
San Ramón,2016-2,trato_directo,Grande,28929305,144,28,19
San Ramón,2016-2,trato_directo,Mediana,7097112,30,18,9
San Ramón,2016-2,trato_directo,Micro,125906842,118,88,35
San Ramón,2016-2,trato_directo,Pequeña,53603285,395,78,22
San Ramón,2017-1,convenio_marco,Grande,127362173,270,87,26
San Ramón,2017-1,convenio_marco,Mediana,23308649,248,40,15
San Ramón,2017-1,convenio_marco,Micro,53292279,234,91,50
San Ramón,2017-1,convenio_marco,Pequeña,115432176,192,66,36
San Ramón,2017-1,licitacion,Grande,5864466,25,9,5
San Ramón,2017-1,licitacion,Mediana,35591395,72,27,12
San Ramón,2017-1,licitacion,Micro,107577336,269,73,46
San Ramón,2017-1,licitacion,Pequeña,189722919,772,59,35
San Ramón,2017-1,trato_directo,Grande,39389886,228,44,25
San Ramón,2017-1,trato_directo,Mediana,5889580,31,16,9
San Ramón,2017-1,trato_directo,Micro,72208588,118,58,26
San Ramón,2017-1,trato_directo,Pequeña,47374265,280,81,19
San Ramón,2017-2,convenio_marco,Grande,112076426,502,108,28
San Ramón,2017-2,convenio_marco,Mediana,12205484,110,34,17
San Ramón,2017-2,convenio_marco,Micro,86890001,205,104,59
San Ramón,2017-2,convenio_marco,Pequeña,120227599,1282,113,39
San Ramón,2017-2,licitacion,Grande,48787786,40,14,11
San Ramón,2017-2,licitacion,Mediana,13768898,53,15,13
San Ramón,2017-2,licitacion,Micro,152731996,268,65,55
San Ramón,2017-2,licitacion,NoClasificado,2478000,2,1,1
San Ramón,2017-2,licitacion,Pequeña,308120337,291,69,50
San Ramón,2017-2,trato_directo,Grande,11339524,86,21,15
San Ramón,2017-2,trato_directo,Mediana,6322702,26,22,8
San Ramón,2017-2,trato_directo,Micro,87097502,86,63,24
San Ramón,2017-2,trato_directo,Pequeña,12053446,146,52,12
San Ramón,2018-1,convenio_marco,Grande,218995702,495,108,35
San Ramón,2018-1,convenio_marco,Mediana,5633341,44,21,9
San Ramón,2018-1,convenio_marco,Micro,119739008,163,74,52
San Ramón,2018-1,convenio_marco,Pequeña,339731835,1187,106,35
San Ramón,2018-1,licitacion,Grande,13461016,55,15,13
San Ramón,2018-1,licitacion,Mediana,14603050,73,15,12
San Ramón,2018-1,licitacion,Micro,99449455,214,52,42
San Ramón,2018-1,licitacion,Pequeña,74242572,443,41,27
San Ramón,2018-1,trato_directo,Grande,6066282,29,8,6
San Ramón,2018-1,trato_directo,Mediana,866452,5,4,3
San Ramón,2018-1,trato_directo,Micro,29216222,81,65,21
San Ramón,2018-1,trato_directo,Pequeña,7825512,121,27,8
San Ramón,2018-2,convenio_marco,Grande,184986027,839,166,36
San Ramón,2018-2,convenio_marco,Mediana,84342262,278,70,27
San Ramón,2018-2,convenio_marco,Micro,206270070,510,154,86
San Ramón,2018-2,convenio_marco,Pequeña,165598381,746,118,52
San Ramón,2018-2,licitacion,Grande,14599858,32,20,11
San Ramón,2018-2,licitacion,Mediana,14777650,57,9,7
San Ramón,2018-2,licitacion,Micro,43359686,119,25,21
San Ramón,2018-2,licitacion,Pequeña,60758037,170,30,22
San Ramón,2018-2,trato_directo,Grande,10420007,38,16,12
San Ramón,2018-2,trato_directo,Mediana,3264763,14,12,7
San Ramón,2018-2,trato_directo,Micro,46200721,105,91,18
San Ramón,2018-2,trato_directo,Pequeña,18783763,148,41,12
San Ramón,2019-1,convenio_marco,Grande,190595787,366,118,32
San Ramón,2019-1,convenio_marco,Mediana,61195000,94,41,14
San Ramón,2019-1,convenio_marco,Micro,168645909,192,91,58
San Ramón,2019-1,convenio_marco,Pequeña,105975034,331,94,34
San Ramón,2019-1,licitacion,Grande,16401020,57,34,17
San Ramón,2019-1,licitacion,Mediana,16920766,68,17,15
San Ramón,2019-1,licitacion,Micro,81447241,201,37,28
San Ramón,2019-1,licitacion,Pequeña,44271295,279,40,22
San Ramón,2019-1,trato_directo,Grande,4989432,30,7,6
San Ramón,2019-1,trato_directo,Mediana,358586,2,1,1
San Ramón,2019-1,trato_directo,Micro,33262432,98,56,14
San Ramón,2019-1,trato_directo,Pequeña,20754468,45,17,8
San Ramón,2019-2,convenio_marco,Grande,158442160,239,86,29
San Ramón,2019-2,convenio_marco,Mediana,32764539,92,39,26
San Ramón,2019-2,convenio_marco,Micro,200309390,387,136,78
San Ramón,2019-2,convenio_marco,Pequeña,235688018,730,118,45
San Ramón,2019-2,licitacion,Grande,41687955,50,26,17
San Ramón,2019-2,licitacion,Mediana,8516697,72,10,7
San Ramón,2019-2,licitacion,Micro,45150561,103,53,24
San Ramón,2019-2,licitacion,Pequeña,34711725,154,30,23
San Ramón,2019-2,trato_directo,Grande,2370896,10,4,4
San Ramón,2019-2,trato_directo,Mediana,24578424,27,10,8
San Ramón,2019-2,trato_directo,Micro,60843357,181,78,25
San Ramón,2019-2,trato_directo,Pequeña,13083914,184,28,14
San Ramón,2020-1,convenio_marco,Grande,136911782,85,35,15
San Ramón,2020-1,convenio_marco,Mediana,66326170,76,22,15
San Ramón,2020-1,convenio_marco,Micro,173089938,171,53,32
San Ramón,2020-1,convenio_marco,Pequeña,150106808,289,42,18
San Ramón,2020-1,licitacion,Grande,29065942,3,3,3
San Ramón,2020-1,licitacion,Mediana,9204617,9,4,3
San Ramón,2020-1,licitacion,Micro,49274405,55,35,16
San Ramón,2020-1,licitacion,Pequeña,46502029,209,19,14
San Ramón,2020-1,trato_directo,Grande,15493363,24,15,12
San Ramón,2020-1,trato_directo,Mediana,9102740,9,8,7
San Ramón,2020-1,trato_directo,Micro,114125020,80,56,23
San Ramón,2020-1,trato_directo,NoClasificado,42560000,3,3,2
San Ramón,2020-1,trato_directo,Pequeña,277710226,240,74,25
San Ramón,2020-2,convenio_marco,Grande,247459580,96,40,14
San Ramón,2020-2,convenio_marco,Mediana,12992534,32,13,10
San Ramón,2020-2,convenio_marco,Micro,149825581,326,63,29
San Ramón,2020-2,convenio_marco,Pequeña,110585788,205,55,29
San Ramón,2020-2,licitacion,Mediana,3223000,2,2,2
San Ramón,2020-2,licitacion,Micro,37517156,113,14,8
San Ramón,2020-2,licitacion,Pequeña,30527731,97,12,7
San Ramón,2020-2,trato_directo,Grande,157248690,28,17,10
San Ramón,2020-2,trato_directo,Mediana,5482757,15,6,4
San Ramón,2020-2,trato_directo,Micro,80337506,196,64,29
San Ramón,2020-2,trato_directo,NoClasificado,310269076,80,27,7
San Ramón,2020-2,trato_directo,Pequeña,66418908,232,62,20
San Ramón,2021-1,convenio_marco,Grande,312798650,56,26,8
San Ramón,2021-1,convenio_marco,Mediana,8469282,12,6,5
San Ramón,2021-1,convenio_marco,Micro,111269101,103,40,18
San Ramón,2021-1,convenio_marco,Pequeña,65905664,18,14,10
San Ramón,2021-1,licitacion,Grande,1799600,2,1,1
San Ramón,2021-1,licitacion,Mediana,1200314619,5,4,3
San Ramón,2021-1,licitacion,Micro,39483230,65,13,13
San Ramón,2021-1,licitacion,Pequeña,551380783,108,11,8
San Ramón,2021-1,trato_directo,Grande,50083479,106,28,12
San Ramón,2021-1,trato_directo,Mediana,4180154,31,7,7
San Ramón,2021-1,trato_directo,Micro,72655158,96,40,27
San Ramón,2021-1,trato_directo,NoClasificado,548849,2,1,1
San Ramón,2021-1,trato_directo,Pequeña,27950828,132,31,13
San Ramón,2021-2,compra_agil,Grande,11589400,41,24,13
San Ramón,2021-2,compra_agil,Mediana,16412948,56,24,18
San Ramón,2021-2,compra_agil,Micro,78198848,331,132,96
San Ramón,2021-2,compra_agil,NoClasificado,4350211,23,11,10
San Ramón,2021-2,compra_agil,Pequeña,65145412,425,59,32
San Ramón,2021-2,convenio_marco,Grande,132361696,41,20,12
San Ramón,2021-2,convenio_marco,Mediana,23388558,16,8,6
San Ramón,2021-2,convenio_marco,Micro,60166963,39,24,19
San Ramón,2021-2,convenio_marco,Pequeña,37070833,16,13,11
San Ramón,2021-2,licitacion,Grande,3400000,1,1,1
San Ramón,2021-2,licitacion,Mediana,2938500,1,1,1
San Ramón,2021-2,licitacion,Micro,27400000,2,2,2
San Ramón,2021-2,licitacion,NoClasificado,8120000,2,2,2
San Ramón,2021-2,licitacion,Pequeña,19953869,29,6,6
San Ramón,2021-2,trato_directo,Mediana,1595000,1,1,1
San Ramón,2021-2,trato_directo,Micro,45511212,47,13,9
San Ramón,2021-2,trato_directo,Pequeña,252101,13,1,1
San Ramón,2022-1,compra_agil,Grande,75430106,273,88,45
San Ramón,2022-1,compra_agil,Mediana,25077920,124,39,32
San Ramón,2022-1,compra_agil,Micro,123427567,401,219,138
San Ramón,2022-1,compra_agil,NoClasificado,30102733,120,60,46
San Ramón,2022-1,compra_agil,Pequeña,85146239,380,119,63
San Ramón,2022-1,convenio_marco,Grande,186299394,61,23,11
San Ramón,2022-1,convenio_marco,Mediana,8345823,9,3,3
San Ramón,2022-1,convenio_marco,Micro,7559035,16,4,4
San Ramón,2022-1,convenio_marco,Pequeña,16349238,13,4,4
San Ramón,2022-1,licitacion,Grande,3360000,1,1,1
San Ramón,2022-1,licitacion,Mediana,153183415,17,4,4
San Ramón,2022-1,licitacion,Micro,97826700,23,10,10
San Ramón,2022-1,licitacion,NoClasificado,3326998,2,2,2
San Ramón,2022-1,licitacion,Pequeña,14557196,4,4,4
San Ramón,2022-1,trato_directo,Grande,1270800,1,1,1
San Ramón,2022-1,trato_directo,Micro,97241753,6,5,4
San Ramón,2022-1,trato_directo,NoClasificado,13184042,2,2,2
San Ramón,2022-1,trato_directo,Pequeña,13802100,3,3,2
San Ramón,2022-2,convenio_marco,Grande,176743179,68,21,12
San Ramón,2022-2,convenio_marco,Mediana,45080519,35,5,5
San Ramón,2022-2,convenio_marco,Micro,3250460,2,2,2
San Ramón,2022-2,convenio_marco,Pequeña,23843248,31,7,4
San Ramón,2022-2,licitacion,Grande,49305899,7,7,6
San Ramón,2022-2,licitacion,Mediana,39803624,12,5,5
San Ramón,2022-2,licitacion,Micro,95195419,64,9,9
San Ramón,2022-2,licitacion,NoClasificado,79377901,9,8,7
San Ramón,2022-2,licitacion,Pequeña,215002377,18,14,8
San Ramón,2022-2,trato_directo,Grande,2412953,1,1,1
San Ramón,2022-2,trato_directo,Mediana,2097600,1,1,1
San Ramón,2022-2,trato_directo,Micro,17340000,4,4,4
San Ramón,2022-2,trato_directo,NoClasificado,2295000,2,2,2
San Ramón,2022-2,trato_directo,Pequeña,17408778,3,3,2
San Ramón,2023-1,compra_agil,Grande,85012778,294,106,51
San Ramón,2023-1,compra_agil,Mediana,83771665,213,102,56
San Ramón,2023-1,compra_agil,Micro,227445436,869,273,158
San Ramón,2023-1,compra_agil,NoClasificado,161825985,595,242,126
San Ramón,2023-1,compra_agil,Pequeña,176592930,528,211,125
San Ramón,2023-1,convenio_marco,Grande,223017406,122,39,17
San Ramón,2023-1,convenio_marco,Mediana,29706555,77,8,4
San Ramón,2023-1,convenio_marco,Micro,2126467,1,1,1
San Ramón,2023-1,convenio_marco,Pequeña,29326691,109,9,5
San Ramón,2023-1,licitacion,Grande,101949595,11,11,11
San Ramón,2023-1,licitacion,Mediana,55667909,11,8,5
San Ramón,2023-1,licitacion,Micro,118375484,16,12,9
San Ramón,2023-1,licitacion,NoClasificado,42380800,5,4,4
San Ramón,2023-1,licitacion,Pequeña,148779929,21,12,11
San Ramón,2023-1,trato_directo,Grande,22147875,5,5,5
San Ramón,2023-1,trato_directo,Mediana,5767956,4,3,2
San Ramón,2023-1,trato_directo,Micro,33758897,6,6,5
San Ramón,2023-1,trato_directo,NoClasificado,28000000,1,1,1
San Ramón,2023-1,trato_directo,Pequeña,35780000,3,3,3
San Ramón,2023-2,compra_agil,Grande,80474393,221,108,57
San Ramón,2023-2,compra_agil,Mediana,122744450,537,138,68
San Ramón,2023-2,compra_agil,Micro,192689788,700,264,161
San Ramón,2023-2,compra_agil,NoClasificado,61371276,418,77,45
San Ramón,2023-2,compra_agil,Pequeña,267211731,924,355,223
San Ramón,2023-2,convenio_marco,Grande,177973215,112,35,18
San Ramón,2023-2,convenio_marco,Mediana,16523140,22,4,2
San Ramón,2023-2,convenio_marco,Micro,7474262,41,2,1
San Ramón,2023-2,convenio_marco,NoClasificado,10862860,60,3,1
San Ramón,2023-2,licitacion,Grande,277035471,129,42,28
San Ramón,2023-2,licitacion,Mediana,165094217,30,21,13
San Ramón,2023-2,licitacion,Micro,15980261,4,3,3
San Ramón,2023-2,licitacion,NoClasificado,9904202,1,1,1
San Ramón,2023-2,licitacion,Pequeña,793027654,21,20,12
San Ramón,2023-2,trato_directo,Grande,2000000,1,1,1
San Ramón,2023-2,trato_directo,Mediana,5256405,1,1,1
San Ramón,2023-2,trato_directo,Micro,7425210,3,3,3
San Ramón,2023-2,trato_directo,NoClasificado,312786,1,1,1
San Ramón,2023-2,trato_directo,Pequeña,75050396,15,9,7
San Ramón,2024-1,compra_agil,Grande,92231921,366,88,57
San Ramón,2024-1,compra_agil,Mediana,117533843,545,114,71
San Ramón,2024-1,compra_agil,Micro,155153812,749,208,130
San Ramón,2024-1,compra_agil,NoClasificado,143701708,803,138,80
San Ramón,2024-1,compra_agil,Pequeña,361290468,2380,354,204
San Ramón,2024-1,convenio_marco,Grande,113565102,70,28,14
San Ramón,2024-1,convenio_marco,Mediana,38155946,56,7,5
San Ramón,2024-1,convenio_marco,Micro,16860312,60,5,3
San Ramón,2024-1,convenio_marco,Pequeña,46855098,42,7,7
San Ramón,2024-1,licitacion,Grande,545291985,379,47,15
San Ramón,2024-1,licitacion,Mediana,587377894,23,19,12
San Ramón,2024-1,licitacion,Micro,87204608,14,8,8
San Ramón,2024-1,licitacion,NoClasificado,27237001,3,3,3
San Ramón,2024-1,licitacion,Pequeña,2162104374,162,40,17
San Ramón,2024-1,trato_directo,Grande,6500000,1,1,1
San Ramón,2024-1,trato_directo,Mediana,6450000,2,2,2
San Ramón,2024-1,trato_directo,Micro,13117900,5,5,5
San Ramón,2024-1,trato_directo,Pequeña,5636100,2,2,2
San Ramón,2024-2,compra_agil,1.0,57479436,299,71,48
San Ramón,2024-2,compra_agil,2.0,136033965,528,118,64
San Ramón,2024-2,compra_agil,3.0,160294440,473,193,117
San Ramón,2024-2,compra_agil,4.0,192877275,769,256,157
San Ramón,2024-2,compra_agil,Micro,300000,1,1,1
San Ramón,2024-2,compra_agil,NoClasificado,101513988,405,142,97
San Ramón,2024-2,compra_agil,Pequeña,172500,1,1,1
San Ramón,2024-2,convenio_marco,1.0,66022839,28,17,8
San Ramón,2024-2,convenio_marco,2.0,22053097,20,5,4
San Ramón,2024-2,convenio_marco,3.0,9086130,27,2,2
San Ramón,2024-2,convenio_marco,4.0,7431177,3,3,2
San Ramón,2024-2,convenio_marco,NoClasificado,11201460,2,2,2
San Ramón,2024-2,licitacion,1.0,414759312,843,105,27
San Ramón,2024-2,licitacion,2.0,535502333,71,35,17
San Ramón,2024-2,licitacion,3.0,84520631,126,10,8
San Ramón,2024-2,licitacion,4.0,303978323,65,25,17
San Ramón,2024-2,licitacion,NoClasificado,68179750,2,2,2
San Ramón,2024-2,trato_directo,1.0,46117021,4,4,4
San Ramón,2024-2,trato_directo,2.0,15229829,2,2,2
San Ramón,2024-2,trato_directo,3.0,23630440,7,7,4
San Ramón,2024-2,trato_directo,4.0,9398401,3,3,2
San Ramón,2024-2,trato_directo,NoClasificado,9446700,2,2,2
San Ramón,2025-1,compra_agil,Grande,23048885,11,10,6
San Ramón,2025-1,compra_agil,Mediana,110084339,424,111,67
San Ramón,2025-1,compra_agil,Micro,188886284,398,173,120
San Ramón,2025-1,compra_agil,NoClasificado,121643050,312,123,92
San Ramón,2025-1,compra_agil,Pequeña,301233071,1335,245,152
San Ramón,2025-1,convenio_marco,Grande,120653987,34,16,7
San Ramón,2025-1,convenio_marco,Mediana,5833945,19,1,1
San Ramón,2025-1,convenio_marco,Micro,5882078,18,1,1
San Ramón,2025-1,licitacion,Grande,346789870,377,33,9
San Ramón,2025-1,licitacion,Mediana,318777706,22,14,10
San Ramón,2025-1,licitacion,Micro,32173590,3,3,2
San Ramón,2025-1,licitacion,NoClasificado,29492577,7,5,4
San Ramón,2025-1,licitacion,Pequeña,291209776,138,25,8
San Ramón,2025-1,trato_directo,Grande,3650000,3,3,1
San Ramón,2025-1,trato_directo,Mediana,5390000,1,1,1
San Ramón,2025-1,trato_directo,Micro,1710000,1,1,1
San Ramón,2025-1,trato_directo,NoClasificado,6283451,1,1,1
San Ramón,2025-2,compra_agil,Grande,3220092,3,3,3
San Ramón,2025-2,compra_agil,Mediana,108189892,1022,102,64
San Ramón,2025-2,compra_agil,Micro,225317857,1384,181,124
San Ramón,2025-2,compra_agil,NoClasificado,301275471,1301,189,133
San Ramón,2025-2,compra_agil,Pequeña,247586682,1320,217,143
San Ramón,2025-2,convenio_marco,Grande,80901942,68,12,8
San Ramón,2025-2,convenio_marco,Mediana,34569198,34,6,3
San Ramón,2025-2,convenio_marco,Micro,9963225,28,1,1
San Ramón,2025-2,convenio_marco,Pequeña,15576928,22,2,2
San Ramón,2025-2,licitacion,Grande,391019516,498,100,34
San Ramón,2025-2,licitacion,Mediana,456805675,133,32,14
San Ramón,2025-2,licitacion,Micro,146151375,8,6,5
San Ramón,2025-2,licitacion,NoClasificado,33277310,2,2,2
San Ramón,2025-2,licitacion,Pequeña,3488922487,162,52,19
San Ramón,2025-2,trato_directo,Grande,154170,1,1,1
San Ramón,2025-2,trato_directo,Mediana,55906024,3,3,2
San Ramón,2025-2,trato_directo,Micro,2687500,2,2,2
San Ramón,2025-2,trato_directo,Pequeña,25720201,4,4,4
Santiago,2015-1,convenio_marco,Grande,617996562,2783,578,66
Santiago,2015-1,convenio_marco,Mediana,191111315,562,246,53
Santiago,2015-1,convenio_marco,Micro,245479950,491,264,97
Santiago,2015-1,convenio_marco,NoClasificado,313600,2,2,1
Santiago,2015-1,convenio_marco,Pequeña,312812990,505,297,98
Santiago,2015-1,licitacion,Grande,3248148045,461,305,58
Santiago,2015-1,licitacion,Mediana,810465002,527,292,58
Santiago,2015-1,licitacion,Micro,6744245873,689,409,196
Santiago,2015-1,licitacion,NoClasificado,97025,1,1,1
Santiago,2015-1,licitacion,Pequeña,2258016166,651,344,126
Santiago,2015-1,trato_directo,Grande,148042588,106,58,19
Santiago,2015-1,trato_directo,Mediana,428126817,69,38,15
Santiago,2015-1,trato_directo,Micro,468429673,229,189,63
Santiago,2015-1,trato_directo,Pequeña,327804232,155,63,34
Santiago,2015-2,convenio_marco,Grande,753753833,4233,870,65
Santiago,2015-2,convenio_marco,Mediana,356414221,974,360,66
Santiago,2015-2,convenio_marco,Micro,553355568,1276,516,153
Santiago,2015-2,convenio_marco,NoClasificado,1121905,2,2,2
Santiago,2015-2,convenio_marco,Pequeña,698988875,1048,498,132
Santiago,2015-2,licitacion,Grande,4129243735,393,310,65
Santiago,2015-2,licitacion,Mediana,1607849281,440,288,61
Santiago,2015-2,licitacion,Micro,843370912,947,505,214
Santiago,2015-2,licitacion,NoClasificado,560000,2,2,1
Santiago,2015-2,licitacion,Pequeña,1253107052,925,383,135
Santiago,2015-2,trato_directo,Grande,83302277,52,35,17
Santiago,2015-2,trato_directo,Mediana,66543202,17,13,9
Santiago,2015-2,trato_directo,Micro,132923500,213,158,50
Santiago,2015-2,trato_directo,Pequeña,273121987,163,64,29
Santiago,2016-1,convenio_marco,Grande,757130708,1961,477,54
Santiago,2016-1,convenio_marco,Mediana,400333657,551,172,36
Santiago,2016-1,convenio_marco,Micro,189588128,456,212,86
Santiago,2016-1,convenio_marco,NoClasificado,1191310,2,2,1
Santiago,2016-1,convenio_marco,Pequeña,165649207,333,184,81
Santiago,2016-1,licitacion,Grande,1825905106,512,301,64
Santiago,2016-1,licitacion,Mediana,1300886281,624,322,56
Santiago,2016-1,licitacion,Micro,426255803,553,306,121
Santiago,2016-1,licitacion,NoClasificado,254000,1,1,1
Santiago,2016-1,licitacion,Pequeña,908843052,537,302,87
Santiago,2016-1,trato_directo,Grande,598147335,102,51,21
Santiago,2016-1,trato_directo,Mediana,26710634,27,15,11
Santiago,2016-1,trato_directo,Micro,59528784,65,58,34
Santiago,2016-1,trato_directo,Pequeña,86815426,123,38,21
Santiago,2016-2,convenio_marco,Grande,1091715868,2796,673,68
Santiago,2016-2,convenio_marco,Mediana,419162119,863,268,63
Santiago,2016-2,convenio_marco,Micro,612290315,2069,724,199
Santiago,2016-2,convenio_marco,NoClasificado,963240,2,2,2
Santiago,2016-2,convenio_marco,Pequeña,599092555,1429,545,144
Santiago,2016-2,licitacion,Grande,2049924270,764,454,71
Santiago,2016-2,licitacion,Mediana,1220736007,664,370,59
Santiago,2016-2,licitacion,Micro,747813729,832,493,145
Santiago,2016-2,licitacion,Pequeña,1433936916,724,379,110
Santiago,2016-2,trato_directo,Grande,183195701,61,41,21
Santiago,2016-2,trato_directo,Mediana,80083426,137,33,15
Santiago,2016-2,trato_directo,Micro,124555525,138,110,48
Santiago,2016-2,trato_directo,Pequeña,241234522,143,56,37
Santiago,2017-1,convenio_marco,Grande,352815598,2288,465,48
Santiago,2017-1,convenio_marco,Mediana,123937976,443,151,44
Santiago,2017-1,convenio_marco,Micro,274016221,742,363,151
Santiago,2017-1,convenio_marco,NoClasificado,4314610,6,2,2
Santiago,2017-1,convenio_marco,Pequeña,218265670,421,234,106
Santiago,2017-1,licitacion,Grande,1041016107,843,453,59
Santiago,2017-1,licitacion,Mediana,1173616348,647,341,55
Santiago,2017-1,licitacion,Micro,462982357,403,285,103
Santiago,2017-1,licitacion,Pequeña,1000026258,576,355,86
Santiago,2017-1,trato_directo,Grande,406145021,58,44,19
Santiago,2017-1,trato_directo,Mediana,157800602,20,20,8
Santiago,2017-1,trato_directo,Micro,107431746,143,101,34
Santiago,2017-1,trato_directo,NoClasificado,12300000,1,1,1
Santiago,2017-1,trato_directo,Pequeña,247922154,62,44,31
Santiago,2017-2,convenio_marco,Grande,598091824,3797,774,64
Santiago,2017-2,convenio_marco,Mediana,616353118,1119,379,66
Santiago,2017-2,convenio_marco,Micro,694190682,1739,887,222
Santiago,2017-2,convenio_marco,Pequeña,381538467,1123,531,160
Santiago,2017-2,licitacion,Grande,1589822165,622,432,58
Santiago,2017-2,licitacion,Mediana,1282074288,554,285,54
Santiago,2017-2,licitacion,Micro,400355614,536,372,112
Santiago,2017-2,licitacion,Pequeña,897350094,536,339,73
Santiago,2017-2,trato_directo,Grande,176154398,33,32,11
Santiago,2017-2,trato_directo,Mediana,23172427,45,37,8
Santiago,2017-2,trato_directo,Micro,150392430,179,129,55
Santiago,2017-2,trato_directo,Pequeña,156316324,238,66,23
Santiago,2018-1,convenio_marco,Grande,455028673,1902,498,58
Santiago,2018-1,convenio_marco,Mediana,436964157,976,297,54
Santiago,2018-1,convenio_marco,Micro,337090280,1004,439,132
Santiago,2018-1,convenio_marco,NoClasificado,6059056,12,4,1
Santiago,2018-1,convenio_marco,Pequeña,247832200,604,303,98
Santiago,2018-1,licitacion,Grande,7883254235,603,440,63
Santiago,2018-1,licitacion,Mediana,2116337495,337,206,53
Santiago,2018-1,licitacion,Micro,972977560,452,294,113
Santiago,2018-1,licitacion,Pequeña,3100276237,457,301,84
Santiago,2018-1,trato_directo,Grande,476872332,33,23,16
Santiago,2018-1,trato_directo,Mediana,262723123,30,23,9
Santiago,2018-1,trato_directo,Micro,172814095,149,109,45
Santiago,2018-1,trato_directo,Pequeña,290106153,130,50,21
Santiago,2018-2,convenio_marco,Grande,1097243604,3327,823,75
Santiago,2018-2,convenio_marco,Mediana,636595995,1311,472,75
Santiago,2018-2,convenio_marco,Micro,931782421,2248,1185,248
Santiago,2018-2,convenio_marco,NoClasificado,30081442,23,12,3
Santiago,2018-2,convenio_marco,Pequeña,540424575,1275,668,154
Santiago,2018-2,licitacion,Grande,2313998686,339,308,49
Santiago,2018-2,licitacion,Mediana,1412615220,519,292,40
Santiago,2018-2,licitacion,Micro,655543848,593,333,94
Santiago,2018-2,licitacion,Pequeña,1937711035,492,296,84
Santiago,2018-2,trato_directo,Grande,218419950,28,18,13
Santiago,2018-2,trato_directo,Mediana,24553861,16,16,8
Santiago,2018-2,trato_directo,Micro,137610214,156,114,44
Santiago,2018-2,trato_directo,Pequeña,215215390,250,61,23
Santiago,2019-1,convenio_marco,Grande,478875758,2177,513,61
Santiago,2019-1,convenio_marco,Mediana,241280010,784,233,55
Santiago,2019-1,convenio_marco,Micro,426066484,824,403,121
Santiago,2019-1,convenio_marco,NoClasificado,8900720,10,4,1
Santiago,2019-1,convenio_marco,Pequeña,335611142,639,286,100
Santiago,2019-1,licitacion,Grande,2211068069,370,311,56
Santiago,2019-1,licitacion,Mediana,3183595861,386,232,38
Santiago,2019-1,licitacion,Micro,2568739688,497,302,114
Santiago,2019-1,licitacion,Pequeña,3805238472,382,289,67
Santiago,2019-1,trato_directo,Grande,99539416,64,24,14
Santiago,2019-1,trato_directo,Mediana,6656354,11,5,5
Santiago,2019-1,trato_directo,Micro,1645355395,119,101,35
Santiago,2019-1,trato_directo,Pequeña,1168675144,157,49,26
Santiago,2019-2,convenio_marco,Grande,815383586,3113,688,62
Santiago,2019-2,convenio_marco,Mediana,227136736,930,350,70
Santiago,2019-2,convenio_marco,Micro,726553704,1792,871,241
Santiago,2019-2,convenio_marco,NoClasificado,38814840,24,9,3
Santiago,2019-2,convenio_marco,Pequeña,509999611,1266,587,143
Santiago,2019-2,licitacion,Grande,1748698831,379,305,43
Santiago,2019-2,licitacion,Mediana,3530935545,331,178,51
Santiago,2019-2,licitacion,Micro,1464058496,564,347,124
Santiago,2019-2,licitacion,Pequeña,3098750273,475,280,73
Santiago,2019-2,trato_directo,Grande,175791336,55,25,12
Santiago,2019-2,trato_directo,Mediana,470250256,4,4,4
Santiago,2019-2,trato_directo,Micro,177561634,106,75,45
Santiago,2019-2,trato_directo,Pequeña,2186254342,131,50,29
Santiago,2020-1,compra_agil,Grande,3557220,4,4,3
Santiago,2020-1,compra_agil,Mediana,6129764,15,10,6
Santiago,2020-1,compra_agil,Micro,4462875,10,8,3
Santiago,2020-1,compra_agil,NoClasificado,1855000,3,3,3
Santiago,2020-1,compra_agil,Pequeña,11019330,41,15,6
Santiago,2020-1,convenio_marco,Grande,397391197,500,188,48
Santiago,2020-1,convenio_marco,Mediana,273582826,428,121,50
Santiago,2020-1,convenio_marco,Micro,346474038,621,250,120
Santiago,2020-1,convenio_marco,NoClasificado,5502000,2,1,1
Santiago,2020-1,convenio_marco,Pequeña,270989119,519,172,81
Santiago,2020-1,licitacion,Grande,2452353875,281,230,44
Santiago,2020-1,licitacion,Mediana,5073184389,288,163,47
Santiago,2020-1,licitacion,Micro,3530634383,397,230,89
Santiago,2020-1,licitacion,NoClasificado,2850000,2,2,2
Santiago,2020-1,licitacion,Pequeña,3577216254,296,229,69
Santiago,2020-1,trato_directo,Grande,320195416,144,53,22
Santiago,2020-1,trato_directo,Mediana,338336695,34,28,15
Santiago,2020-1,trato_directo,Micro,448428268,236,164,49
Santiago,2020-1,trato_directo,NoClasificado,31330465,6,5,4
Santiago,2020-1,trato_directo,Pequeña,778610856,105,51,26
Santiago,2020-2,compra_agil,Grande,16509067,72,30,20
Santiago,2020-2,compra_agil,Mediana,15989189,67,21,13
Santiago,2020-2,compra_agil,Micro,44273690,268,70,48
Santiago,2020-2,compra_agil,NoClasificado,6529242,27,17,12
Santiago,2020-2,compra_agil,Pequeña,25876561,113,48,32
Santiago,2020-2,convenio_marco,Grande,934779045,628,235,51
Santiago,2020-2,convenio_marco,Mediana,461463289,574,180,58
Santiago,2020-2,convenio_marco,Micro,441376015,926,431,158
Santiago,2020-2,convenio_marco,NoClasificado,7168130,3,2,2
Santiago,2020-2,convenio_marco,Pequeña,432874016,543,285,98
Santiago,2020-2,licitacion,Grande,6069053992,248,203,43
Santiago,2020-2,licitacion,Mediana,2192666495,237,137,33
Santiago,2020-2,licitacion,Micro,1633510199,323,198,73
Santiago,2020-2,licitacion,NoClasificado,7191978,5,4,4
Santiago,2020-2,licitacion,Pequeña,3226072688,288,235,60
Santiago,2020-2,trato_directo,Grande,304220934,144,40,18
Santiago,2020-2,trato_directo,Mediana,203375189,87,40,11
Santiago,2020-2,trato_directo,Micro,406021681,196,120,35
Santiago,2020-2,trato_directo,NoClasificado,33315841,19,7,5
Santiago,2020-2,trato_directo,Pequeña,1306374393,72,40,21
Santiago,2021-1,compra_agil,Grande,98960738,958,149,54
Santiago,2021-1,compra_agil,Mediana,19292840,296,28,17
Santiago,2021-1,compra_agil,Micro,170277926,1544,237,162
Santiago,2021-1,compra_agil,NoClasificado,3843900,9,5,4
Santiago,2021-1,compra_agil,Pequeña,73802815,496,107,57
Santiago,2021-1,convenio_marco,Grande,417243049,210,97,47
Santiago,2021-1,convenio_marco,Mediana,103444525,92,40,22
Santiago,2021-1,convenio_marco,Micro,287572941,254,104,67
Santiago,2021-1,convenio_marco,Pequeña,239735990,122,83,48
Santiago,2021-1,licitacion,Grande,5099843226,359,313,65
Santiago,2021-1,licitacion,Mediana,1538957600,154,115,19
Santiago,2021-1,licitacion,Micro,1519796454,519,233,91
Santiago,2021-1,licitacion,NoClasificado,4677900,4,3,1
Santiago,2021-1,licitacion,Pequeña,2611181321,280,197,50
Santiago,2021-1,trato_directo,Grande,438013438,46,37,21
Santiago,2021-1,trato_directo,Mediana,86452525,17,13,6
Santiago,2021-1,trato_directo,Micro,521325879,96,77,36
Santiago,2021-1,trato_directo,NoClasificado,10057450,30,26,1
Santiago,2021-1,trato_directo,Pequeña,1641310820,40,36,19
Santiago,2021-2,compra_agil,Grande,62199817,353,82,32
Santiago,2021-2,compra_agil,Mediana,43530403,577,67,37
Santiago,2021-2,compra_agil,Micro,187333618,1745,295,185
Santiago,2021-2,compra_agil,NoClasificado,37701605,192,63,46
Santiago,2021-2,compra_agil,Pequeña,103859023,728,106,62
Santiago,2021-2,convenio_marco,Grande,897711527,105,57,23
Santiago,2021-2,convenio_marco,Mediana,37075427,93,27,18
Santiago,2021-2,convenio_marco,Micro,1294524094,414,114,82
Santiago,2021-2,convenio_marco,Pequeña,231712895,246,62,42
Santiago,2021-2,licitacion,Grande,3486172193,330,254,48
Santiago,2021-2,licitacion,Mediana,4420850719,238,159,51
Santiago,2021-2,licitacion,Micro,1553238547,900,481,132
Santiago,2021-2,licitacion,NoClasificado,28133160,52,17,16
Santiago,2021-2,licitacion,Pequeña,3181850528,492,259,85
Santiago,2021-2,trato_directo,Grande,144245407,19,16,14
Santiago,2021-2,trato_directo,Mediana,10136797,17,14,6
Santiago,2021-2,trato_directo,Micro,772372702,126,84,27
Santiago,2021-2,trato_directo,NoClasificado,7514611,17,10,6
Santiago,2021-2,trato_directo,Pequeña,235108479,95,60,19
Santiago,2022-1,compra_agil,Grande,92448592,726,130,45
Santiago,2022-1,compra_agil,Mediana,83823554,543,72,39
Santiago,2022-1,compra_agil,Micro,256296830,1756,280,175
Santiago,2022-1,compra_agil,NoClasificado,69580358,528,90,44
Santiago,2022-1,compra_agil,Pequeña,111945656,1103,126,89
Santiago,2022-1,convenio_marco,Grande,333196334,176,75,28
Santiago,2022-1,convenio_marco,Mediana,66991227,64,21,15
Santiago,2022-1,convenio_marco,Micro,44686775,51,20,17
Santiago,2022-1,convenio_marco,Pequeña,23463732,43,11,9
Santiago,2022-1,licitacion,Grande,6589253346,401,302,63
Santiago,2022-1,licitacion,Mediana,3736789592,195,134,36
Santiago,2022-1,licitacion,Micro,1644503740,710,381,91
Santiago,2022-1,licitacion,NoClasificado,44974785,25,20,14
Santiago,2022-1,licitacion,Pequeña,833914712,381,167,60
Santiago,2022-1,trato_directo,Grande,1907105339,20,20,12
Santiago,2022-1,trato_directo,Mediana,40852834,19,19,5
Santiago,2022-1,trato_directo,Micro,68872565,38,23,19
Santiago,2022-1,trato_directo,NoClasificado,11714220,24,19,2
Santiago,2022-1,trato_directo,Pequeña,1047671345,42,29,15
Santiago,2022-2,convenio_marco,Grande,1643197573,300,123,42
Santiago,2022-2,convenio_marco,Mediana,202614795,109,37,17
Santiago,2022-2,convenio_marco,Micro,73697353,73,24,13
Santiago,2022-2,convenio_marco,NoClasificado,30768155,22,4,3
Santiago,2022-2,convenio_marco,Pequeña,110410855,157,29,13
Santiago,2022-2,licitacion,Grande,15246939342,533,360,79
Santiago,2022-2,licitacion,Mediana,9594490036,201,144,47
Santiago,2022-2,licitacion,Micro,1284930865,588,340,90
Santiago,2022-2,licitacion,NoClasificado,72616159,57,37,26
Santiago,2022-2,licitacion,Pequeña,4381973919,496,258,81
Santiago,2022-2,trato_directo,Grande,5034484172,45,35,15
Santiago,2022-2,trato_directo,Mediana,98154189,39,18,13
Santiago,2022-2,trato_directo,Micro,182770651,24,22,21
Santiago,2022-2,trato_directo,NoClasificado,24919778,53,33,3
Santiago,2022-2,trato_directo,Pequeña,1220230731,56,35,21
Santiago,2023-1,compra_agil,Grande,181017537,1041,159,59
Santiago,2023-1,compra_agil,Mediana,164421068,1284,108,55
Santiago,2023-1,compra_agil,Micro,184581826,1186,195,122
Santiago,2023-1,compra_agil,NoClasificado,249121989,2359,176,116
Santiago,2023-1,compra_agil,Pequeña,250802538,2577,234,140
Santiago,2023-1,convenio_marco,Grande,504612257,289,75,31
Santiago,2023-1,convenio_marco,Mediana,110277413,156,36,15
Santiago,2023-1,convenio_marco,Micro,21662439,33,8,6
Santiago,2023-1,convenio_marco,NoClasificado,79534287,24,5,4
Santiago,2023-1,convenio_marco,Pequeña,28024590,11,6,4
Santiago,2023-1,licitacion,Grande,8936985452,444,327,78
Santiago,2023-1,licitacion,Mediana,1299458774,265,173,52
Santiago,2023-1,licitacion,Micro,1269186100,228,149,54
Santiago,2023-1,licitacion,NoClasificado,115475869,74,50,28
Santiago,2023-1,licitacion,Pequeña,1973738591,466,297,89
Santiago,2023-1,trato_directo,Grande,1289275947,46,29,13
Santiago,2023-1,trato_directo,Mediana,22120765,8,7,3
Santiago,2023-1,trato_directo,Micro,25806228,15,14,12
Santiago,2023-1,trato_directo,NoClasificado,30544431,52,41,6
Santiago,2023-1,trato_directo,Pequeña,207601508,38,34,13
Santiago,2023-2,compra_agil,Grande,278704050,2060,127,52
Santiago,2023-2,compra_agil,Mediana,138216532,1328,154,71
Santiago,2023-2,compra_agil,Micro,248618524,1919,213,150
Santiago,2023-2,compra_agil,NoClasificado,90035697,816,67,52
Santiago,2023-2,compra_agil,Pequeña,642501843,7289,427,255
Santiago,2023-2,convenio_marco,Grande,259946626,269,56,22
Santiago,2023-2,convenio_marco,Mediana,169357895,252,41,18
Santiago,2023-2,convenio_marco,Pequeña,25907584,22,10,7
Santiago,2023-2,licitacion,Grande,10160257144,677,461,90
Santiago,2023-2,licitacion,Mediana,5039968742,397,221,69
Santiago,2023-2,licitacion,Micro,229630967,145,96,60
Santiago,2023-2,licitacion,NoClasificado,24909620,66,10,9
Santiago,2023-2,licitacion,Pequeña,2322731959,452,268,132
Santiago,2023-2,trato_directo,Grande,2920386584,38,36,16
Santiago,2023-2,trato_directo,Mediana,363929648,26,14,8
Santiago,2023-2,trato_directo,Micro,405144391,39,36,13
Santiago,2023-2,trato_directo,Pequeña,1587613084,52,32,17
Santiago,2024-1,compra_agil,Grande,89425568,723,82,39
Santiago,2024-1,compra_agil,Mediana,112225280,1742,87,55
Santiago,2024-1,compra_agil,Micro,122930383,1108,129,100
Santiago,2024-1,compra_agil,NoClasificado,152547212,2046,100,68
Santiago,2024-1,compra_agil,Pequeña,289150370,2599,234,170
Santiago,2024-1,convenio_marco,Grande,261909866,256,42,21
Santiago,2024-1,convenio_marco,Mediana,302137394,305,33,19
Santiago,2024-1,convenio_marco,Micro,2551690,10,2,2
Santiago,2024-1,convenio_marco,NoClasificado,1524564,1,1,1
Santiago,2024-1,convenio_marco,Pequeña,67898301,46,13,7
Santiago,2024-1,licitacion,Grande,10077821194,652,462,89
Santiago,2024-1,licitacion,Mediana,3595482262,381,192,70
Santiago,2024-1,licitacion,Micro,241420652,172,91,52
Santiago,2024-1,licitacion,NoClasificado,47632670,82,21,17
Santiago,2024-1,licitacion,Pequeña,3270382869,795,375,130
Santiago,2024-1,trato_directo,Grande,2204863169,30,30,8
Santiago,2024-1,trato_directo,Mediana,303529811,18,10,5
Santiago,2024-1,trato_directo,Micro,10779815,23,22,5
Santiago,2024-1,trato_directo,NoClasificado,2819800,2,2,2
Santiago,2024-1,trato_directo,Pequeña,191753132,50,29,14
Santiago,2024-2,compra_agil,1.0,286266701,1604,109,49
Santiago,2024-2,compra_agil,2.0,110551219,981,108,59
Santiago,2024-2,compra_agil,3.0,227281911,1381,168,109
Santiago,2024-2,compra_agil,4.0,442898532,6451,265,185
Santiago,2024-2,compra_agil,Micro,790500,3,2,2
Santiago,2024-2,compra_agil,NoClasificado,251984096,1848,151,105
Santiago,2024-2,convenio_marco,1.0,571629097,306,54,27
Santiago,2024-2,convenio_marco,2.0,239996186,338,50,18
Santiago,2024-2,convenio_marco,3.0,72422130,31,5,5
Santiago,2024-2,convenio_marco,4.0,31024720,39,9,8
Santiago,2024-2,convenio_marco,NoClasificado,12048070,3,2,2
Santiago,2024-2,licitacion,1.0,14256089498,632,408,85
Santiago,2024-2,licitacion,2.0,5260707585,423,195,71
Santiago,2024-2,licitacion,3.0,287531603,223,115,55
Santiago,2024-2,licitacion,4.0,2209103699,722,358,121
Santiago,2024-2,licitacion,Micro,21749750,10,7,3
Santiago,2024-2,licitacion,NoClasificado,92765697,124,32,28
Santiago,2024-2,trato_directo,1.0,1385345628,53,42,13
Santiago,2024-2,trato_directo,2.0,108779618,4,4,3
Santiago,2024-2,trato_directo,3.0,29409700,20,20,7
Santiago,2024-2,trato_directo,4.0,646781635,59,46,20
Santiago,2024-2,trato_directo,NoClasificado,3390536,8,8,3
Santiago,2025-1,compra_agil,Grande,25029466,107,8,8
Santiago,2025-1,compra_agil,Mediana,349101907,3128,72,55
Santiago,2025-1,compra_agil,Micro,196154074,1065,89,75
Santiago,2025-1,compra_agil,NoClasificado,544555256,1855,90,73
Santiago,2025-1,compra_agil,Pequeña,552400389,1336,148,118
Santiago,2025-1,convenio_marco,Grande,215348515,153,24,16
Santiago,2025-1,convenio_marco,Mediana,156338729,152,20,11
Santiago,2025-1,convenio_marco,Micro,35059129,59,5,3
Santiago,2025-1,convenio_marco,NoClasificado,63935847,99,6,3
Santiago,2025-1,convenio_marco,Pequeña,612180,1,1,1
Santiago,2025-1,licitacion,Grande,12605442303,291,199,46
Santiago,2025-1,licitacion,Mediana,3559937599,156,117,32
Santiago,2025-1,licitacion,Micro,115417323,29,24,19
Santiago,2025-1,licitacion,NoClasificado,364132410,30,22,13
Santiago,2025-1,licitacion,Pequeña,2166762521,266,157,43
Santiago,2025-1,trato_directo,Grande,878448759,21,10,9
Santiago,2025-1,trato_directo,Mediana,682382926,16,5,3
Santiago,2025-1,trato_directo,Micro,10295200,13,11,4
Santiago,2025-1,trato_directo,NoClasificado,756614,3,2,2
Santiago,2025-1,trato_directo,Pequeña,1092529091,27,18,7
Santiago,2025-2,compra_agil,Grande,91811504,108,18,17
Santiago,2025-2,compra_agil,Mediana,428935416,2656,119,75
Santiago,2025-2,compra_agil,Micro,362629442,1854,133,103
Santiago,2025-2,compra_agil,NoClasificado,365421189,1265,179,139
Santiago,2025-2,compra_agil,Pequeña,865399569,4902,292,197
Santiago,2025-2,convenio_marco,Grande,310442468,157,43,23
Santiago,2025-2,convenio_marco,Mediana,209382228,87,24,10
Santiago,2025-2,convenio_marco,Micro,7490030,19,3,2
Santiago,2025-2,convenio_marco,NoClasificado,26271386,55,7,5
Santiago,2025-2,convenio_marco,Pequeña,41834327,14,5,4
Santiago,2025-2,licitacion,Grande,20396116688,356,214,59
Santiago,2025-2,licitacion,Mediana,4167595278,107,88,35
Santiago,2025-2,licitacion,Micro,326254997,16,16,11
Santiago,2025-2,licitacion,NoClasificado,399224719,21,13,8
Santiago,2025-2,licitacion,Pequeña,2497525369,145,102,38
Santiago,2025-2,trato_directo,Grande,1572790519,17,13,9
Santiago,2025-2,trato_directo,Mediana,249263897,41,7,6
Santiago,2025-2,trato_directo,Micro,12182081,32,5,4
Santiago,2025-2,trato_directo,NoClasificado,24344591,13,5,5
Santiago,2025-2,trato_directo,Pequeña,55463492,143,21,15
Vitacura,2015-1,convenio_marco,Grande,327937136,239,83,30
Vitacura,2015-1,convenio_marco,Mediana,56620109,154,41,19
Vitacura,2015-1,convenio_marco,Micro,58318028,49,45,21
Vitacura,2015-1,convenio_marco,Pequeña,14256249,51,24,19
Vitacura,2015-1,licitacion,Grande,213082167,132,82,25
Vitacura,2015-1,licitacion,Mediana,29351479,110,46,24
Vitacura,2015-1,licitacion,Micro,85588824,180,86,72
Vitacura,2015-1,licitacion,NoClasificado,975240,2,1,1
Vitacura,2015-1,licitacion,Pequeña,68706755,188,71,46
Vitacura,2015-1,trato_directo,Grande,110437090,40,30,12
Vitacura,2015-1,trato_directo,Mediana,11452277,9,4,4
Vitacura,2015-1,trato_directo,Micro,25346749,33,19,15
Vitacura,2015-1,trato_directo,Pequeña,32593189,30,14,9
Vitacura,2015-2,convenio_marco,Grande,291581777,265,85,26
Vitacura,2015-2,convenio_marco,Mediana,122507553,170,48,22
Vitacura,2015-2,convenio_marco,Micro,116571692,80,54,21
Vitacura,2015-2,convenio_marco,Pequeña,70628524,128,34,24
Vitacura,2015-2,licitacion,Grande,232953226,205,110,30
Vitacura,2015-2,licitacion,Mediana,74743055,201,48,18
Vitacura,2015-2,licitacion,Micro,185676751,380,116,85
Vitacura,2015-2,licitacion,NoClasificado,5673960,6,3,2
Vitacura,2015-2,licitacion,Pequeña,163538464,394,106,65
Vitacura,2015-2,trato_directo,Grande,76231078,29,26,15
Vitacura,2015-2,trato_directo,Mediana,27205595,7,7,7
Vitacura,2015-2,trato_directo,Micro,35264207,22,10,7
Vitacura,2015-2,trato_directo,Pequeña,38356488,25,22,19
Vitacura,2016-1,convenio_marco,Grande,394595433,226,76,23
Vitacura,2016-1,convenio_marco,Mediana,86815719,173,48,18
Vitacura,2016-1,convenio_marco,Micro,68349921,86,52,24
Vitacura,2016-1,convenio_marco,Pequeña,115939187,124,50,28
Vitacura,2016-1,licitacion,Grande,236777188,137,84,23
Vitacura,2016-1,licitacion,Mediana,61185931,94,39,25
Vitacura,2016-1,licitacion,Micro,88216093,255,82,69
Vitacura,2016-1,licitacion,NoClasificado,2603996,2,2,1
Vitacura,2016-1,licitacion,Pequeña,61211888,166,63,41
Vitacura,2016-1,trato_directo,Grande,84401539,20,20,12
Vitacura,2016-1,trato_directo,Mediana,18956117,9,8,7
Vitacura,2016-1,trato_directo,Micro,61894177,19,16,12
Vitacura,2016-1,trato_directo,Pequeña,43909151,23,19,17
Vitacura,2016-2,convenio_marco,Grande,278700170,200,68,20
Vitacura,2016-2,convenio_marco,Mediana,97753657,115,56,22
Vitacura,2016-2,convenio_marco,Micro,85030876,87,58,28
Vitacura,2016-2,convenio_marco,Pequeña,102693807,132,52,34
Vitacura,2016-2,licitacion,Grande,199377266,374,168,41
Vitacura,2016-2,licitacion,Mediana,37413727,97,56,21
Vitacura,2016-2,licitacion,Micro,120070115,152,76,59
Vitacura,2016-2,licitacion,NoClasificado,1298800,9,2,2
Vitacura,2016-2,licitacion,Pequeña,69375134,218,78,47
Vitacura,2016-2,trato_directo,Grande,85987100,61,41,26
Vitacura,2016-2,trato_directo,Mediana,9456345,22,8,8
Vitacura,2016-2,trato_directo,Micro,26126454,23,15,13
Vitacura,2016-2,trato_directo,Pequeña,79995869,16,13,11
Vitacura,2017-1,convenio_marco,Grande,433258527,198,69,25
Vitacura,2017-1,convenio_marco,Mediana,66255033,119,52,19
Vitacura,2017-1,convenio_marco,Micro,82120524,82,57,32
Vitacura,2017-1,convenio_marco,NoClasificado,11172354,8,2,1
Vitacura,2017-1,convenio_marco,Pequeña,28913356,38,24,19
Vitacura,2017-1,licitacion,Grande,274367666,247,125,26
Vitacura,2017-1,licitacion,Mediana,21544069,50,32,18
Vitacura,2017-1,licitacion,Micro,141348002,141,77,61
Vitacura,2017-1,licitacion,NoClasificado,739620,4,2,1
Vitacura,2017-1,licitacion,Pequeña,56318633,152,60,37
Vitacura,2017-1,trato_directo,Grande,206573415,36,27,14
Vitacura,2017-1,trato_directo,Mediana,1813575,3,3,3
Vitacura,2017-1,trato_directo,Micro,37465407,22,18,14
Vitacura,2017-1,trato_directo,Pequeña,87661531,17,15,12
Vitacura,2017-2,convenio_marco,Grande,649070438,170,83,29
Vitacura,2017-2,convenio_marco,Mediana,93415191,144,42,20
Vitacura,2017-2,convenio_marco,Micro,162688837,153,75,41
Vitacura,2017-2,convenio_marco,Pequeña,92912546,158,60,33
Vitacura,2017-2,licitacion,Grande,186261858,294,149,36
Vitacura,2017-2,licitacion,Mediana,28709836,129,46,25
Vitacura,2017-2,licitacion,Micro,152057626,201,85,59
Vitacura,2017-2,licitacion,NoClasificado,70500,2,1,1
Vitacura,2017-2,licitacion,Pequeña,36324126,166,60,36
Vitacura,2017-2,trato_directo,Grande,103514548,38,29,18
Vitacura,2017-2,trato_directo,Mediana,27484811,16,14,9
Vitacura,2017-2,trato_directo,Micro,99749551,45,27,18
Vitacura,2017-2,trato_directo,NoClasificado,162000,1,1,1
Vitacura,2017-2,trato_directo,Pequeña,59062724,18,14,10
Vitacura,2018-1,convenio_marco,Grande,324502659,186,79,28
Vitacura,2018-1,convenio_marco,Mediana,158114344,118,46,22
Vitacura,2018-1,convenio_marco,Micro,145500285,136,83,44
Vitacura,2018-1,convenio_marco,NoClasificado,714634,8,1,1
Vitacura,2018-1,convenio_marco,Pequeña,49097639,61,35,25
Vitacura,2018-1,licitacion,Grande,429505089,317,223,35
Vitacura,2018-1,licitacion,Mediana,23771900,66,30,18
Vitacura,2018-1,licitacion,Micro,121662730,177,104,72
Vitacura,2018-1,licitacion,NoClasificado,1008000,2,1,1
Vitacura,2018-1,licitacion,Pequeña,56799340,200,81,38
Vitacura,2018-1,trato_directo,Grande,220087852,36,27,13
Vitacura,2018-1,trato_directo,Mediana,18159451,8,8,6
Vitacura,2018-1,trato_directo,Micro,41914163,30,23,17
Vitacura,2018-1,trato_directo,Pequeña,34126430,13,11,9
Vitacura,2018-2,convenio_marco,Grande,244941836,471,135,22
Vitacura,2018-2,convenio_marco,Mediana,88770082,133,46,20
Vitacura,2018-2,convenio_marco,Micro,152697301,160,78,41
Vitacura,2018-2,convenio_marco,NoClasificado,2266620,13,2,1
Vitacura,2018-2,convenio_marco,Pequeña,76498083,135,47,25
Vitacura,2018-2,licitacion,Grande,199936260,207,124,40
Vitacura,2018-2,licitacion,Mediana,22058720,81,32,18
Vitacura,2018-2,licitacion,Micro,202254888,191,77,57
Vitacura,2018-2,licitacion,NoClasificado,533300,2,2,1
Vitacura,2018-2,licitacion,Pequeña,86329293,295,93,43
Vitacura,2018-2,trato_directo,Grande,89065927,41,27,12
Vitacura,2018-2,trato_directo,Mediana,55766011,11,11,7
Vitacura,2018-2,trato_directo,Micro,36250641,22,18,17
Vitacura,2018-2,trato_directo,Pequeña,67134899,19,19,12
Vitacura,2019-1,convenio_marco,Grande,584687055,495,107,24
Vitacura,2019-1,convenio_marco,Mediana,275162680,222,58,29
Vitacura,2019-1,convenio_marco,Micro,229156097,127,69,36
Vitacura,2019-1,convenio_marco,Pequeña,144799776,66,37,25
Vitacura,2019-1,licitacion,Grande,606134274,354,253,43
Vitacura,2019-1,licitacion,Mediana,77399610,122,50,30
Vitacura,2019-1,licitacion,Micro,1058057398,381,244,66
Vitacura,2019-1,licitacion,NoClasificado,1007000,1,1,1
Vitacura,2019-1,licitacion,Pequeña,376999135,376,168,51
Vitacura,2019-1,trato_directo,Grande,276378549,38,23,14
Vitacura,2019-1,trato_directo,Mediana,73001541,8,6,6
Vitacura,2019-1,trato_directo,Micro,44743566,30,20,14
Vitacura,2019-1,trato_directo,Pequeña,111444917,30,21,16
Vitacura,2019-2,convenio_marco,Grande,134101338,371,90,22
Vitacura,2019-2,convenio_marco,Mediana,195123075,151,59,20
Vitacura,2019-2,convenio_marco,Micro,394160967,201,100,37
Vitacura,2019-2,convenio_marco,NoClasificado,23468000,4,3,1
Vitacura,2019-2,convenio_marco,Pequeña,107904015,77,47,28
Vitacura,2019-2,licitacion,Grande,746470486,334,218,39
Vitacura,2019-2,licitacion,Mediana,1042009741,156,93,24
Vitacura,2019-2,licitacion,Micro,1203070695,456,243,66
Vitacura,2019-2,licitacion,NoClasificado,3280000,1,1,1
Vitacura,2019-2,licitacion,Pequeña,526925976,408,232,54
Vitacura,2019-2,trato_directo,Grande,140282718,30,21,16
Vitacura,2019-2,trato_directo,Mediana,48335065,13,13,7
Vitacura,2019-2,trato_directo,Micro,45607144,12,11,10
Vitacura,2019-2,trato_directo,Pequeña,290590667,21,19,15
Vitacura,2020-1,compra_agil,Micro,120820,6,1,1
Vitacura,2020-1,compra_agil,Pequeña,960400,3,2,2
Vitacura,2020-1,convenio_marco,Grande,336273920,323,57,14
Vitacura,2020-1,convenio_marco,Mediana,27515303,53,23,15
Vitacura,2020-1,convenio_marco,Micro,274726024,154,61,26
Vitacura,2020-1,convenio_marco,Pequeña,88639503,57,37,26
Vitacura,2020-1,licitacion,Grande,626111783,364,227,34
Vitacura,2020-1,licitacion,Mediana,89250295,164,60,28
Vitacura,2020-1,licitacion,Micro,645474946,246,155,55
Vitacura,2020-1,licitacion,NoClasificado,855000,1,1,1
Vitacura,2020-1,licitacion,Pequeña,2009048381,280,170,46
Vitacura,2020-1,trato_directo,Grande,141903807,39,32,17
Vitacura,2020-1,trato_directo,Mediana,14242323,9,9,7
Vitacura,2020-1,trato_directo,Micro,50296286,40,23,19
Vitacura,2020-1,trato_directo,NoClasificado,59703200,13,7,3
Vitacura,2020-1,trato_directo,Pequeña,233050631,41,30,20
Vitacura,2020-2,compra_agil,Grande,1800980,5,2,2
Vitacura,2020-2,compra_agil,Mediana,5220153,14,8,8
Vitacura,2020-2,compra_agil,Micro,18232950,42,20,19
Vitacura,2020-2,compra_agil,NoClasificado,1129875,9,4,2
Vitacura,2020-2,compra_agil,Pequeña,15712040,116,17,14
Vitacura,2020-2,convenio_marco,Grande,183226828,229,50,23
Vitacura,2020-2,convenio_marco,Mediana,188548171,73,37,18
Vitacura,2020-2,convenio_marco,Micro,180769528,170,93,40
Vitacura,2020-2,convenio_marco,Pequeña,105069656,81,52,36
Vitacura,2020-2,licitacion,Grande,840582129,262,182,38
Vitacura,2020-2,licitacion,Mediana,444143594,82,55,17
Vitacura,2020-2,licitacion,Micro,205337378,217,145,34
Vitacura,2020-2,licitacion,NoClasificado,34626448,20,15,13
Vitacura,2020-2,licitacion,Pequeña,404983606,347,148,45
Vitacura,2020-2,trato_directo,Grande,554190849,23,19,14
Vitacura,2020-2,trato_directo,Mediana,1328609131,14,11,7
Vitacura,2020-2,trato_directo,Micro,15813344,10,10,7
Vitacura,2020-2,trato_directo,NoClasificado,1645185,3,3,3
Vitacura,2020-2,trato_directo,Pequeña,216983771,12,12,8
Vitacura,2021-1,compra_agil,Grande,30482232,489,30,16
Vitacura,2021-1,compra_agil,Mediana,9358307,140,16,11
Vitacura,2021-1,compra_agil,Micro,34473080,175,62,51
Vitacura,2021-1,compra_agil,Pequeña,10118255,93,16,14
Vitacura,2021-1,convenio_marco,Grande,624463673,101,34,19
Vitacura,2021-1,convenio_marco,Mediana,17792577,21,14,7
Vitacura,2021-1,convenio_marco,Micro,352408352,123,57,22
Vitacura,2021-1,convenio_marco,Pequeña,18929817,16,12,11
Vitacura,2021-1,licitacion,Grande,1008945491,427,303,47
Vitacura,2021-1,licitacion,Mediana,447214416,93,75,22
Vitacura,2021-1,licitacion,Micro,253772588,329,143,65
Vitacura,2021-1,licitacion,NoClasificado,3060410,15,2,1
Vitacura,2021-1,licitacion,Pequeña,251967371,408,129,28
Vitacura,2021-1,trato_directo,Grande,201731018,20,13,7
Vitacura,2021-1,trato_directo,Mediana,150156965,11,9,7
Vitacura,2021-1,trato_directo,Micro,36178034,10,10,8
Vitacura,2021-1,trato_directo,Pequeña,51377676,6,6,6
Vitacura,2021-2,compra_agil,Grande,11303907,56,17,9
Vitacura,2021-2,compra_agil,Mediana,14069223,154,21,18
Vitacura,2021-2,compra_agil,Micro,52242648,412,94,69
Vitacura,2021-2,compra_agil,NoClasificado,6915434,23,15,14
Vitacura,2021-2,compra_agil,Pequeña,38548389,135,52,41
Vitacura,2021-2,convenio_marco,Grande,91884458,45,24,14
Vitacura,2021-2,convenio_marco,Mediana,6266649,13,11,6
Vitacura,2021-2,convenio_marco,Micro,28803964,104,33,25
Vitacura,2021-2,convenio_marco,Pequeña,20659028,43,20,17
Vitacura,2021-2,licitacion,Grande,631363573,417,336,42
Vitacura,2021-2,licitacion,Mediana,374685686,157,83,29
Vitacura,2021-2,licitacion,Micro,593766483,370,241,79
Vitacura,2021-2,licitacion,NoClasificado,40820190,41,10,10
Vitacura,2021-2,licitacion,Pequeña,340979316,589,187,48
Vitacura,2021-2,trato_directo,Grande,634628570,23,15,9
Vitacura,2021-2,trato_directo,Mediana,93434589,11,10,9
Vitacura,2021-2,trato_directo,Micro,113379951,28,19,13
Vitacura,2021-2,trato_directo,NoClasificado,59278856,7,5,5
Vitacura,2021-2,trato_directo,Pequeña,368758349,20,19,10
Vitacura,2022-1,compra_agil,Grande,24688922,100,31,24
Vitacura,2022-1,compra_agil,Mediana,17059665,272,31,23
Vitacura,2022-1,compra_agil,Micro,71052429,533,110,92
Vitacura,2022-1,compra_agil,NoClasificado,26029010,166,42,30
Vitacura,2022-1,compra_agil,Pequeña,53962275,421,54,41
Vitacura,2022-1,convenio_marco,Grande,641731149,65,36,21
Vitacura,2022-1,convenio_marco,Mediana,601450,1,1,1
Vitacura,2022-1,convenio_marco,Micro,43533890,10,7,6
Vitacura,2022-1,convenio_marco,Pequeña,12176082,6,4,3
Vitacura,2022-1,licitacion,Grande,1671609371,381,300,61
Vitacura,2022-1,licitacion,Mediana,1222594506,368,106,33
Vitacura,2022-1,licitacion,Micro,636479895,221,97,56
Vitacura,2022-1,licitacion,NoClasificado,153718766,64,21,12
Vitacura,2022-1,licitacion,Pequeña,716838550,344,200,45
Vitacura,2022-1,trato_directo,Grande,547308681,43,38,20
Vitacura,2022-1,trato_directo,Mediana,51330089,11,9,6
Vitacura,2022-1,trato_directo,Micro,56481724,14,12,11
Vitacura,2022-1,trato_directo,Pequeña,60018790,12,10,8
Vitacura,2022-2,convenio_marco,Grande,432902640,42,23,10
Vitacura,2022-2,convenio_marco,Mediana,2627825,2,2,2
Vitacura,2022-2,convenio_marco,Micro,13308983,4,4,1
Vitacura,2022-2,convenio_marco,Pequeña,19116705,11,4,2
Vitacura,2022-2,licitacion,Grande,1898704697,628,492,69
Vitacura,2022-2,licitacion,Mediana,3063863892,454,187,37
Vitacura,2022-2,licitacion,Micro,384445851,195,118,49
Vitacura,2022-2,licitacion,NoClasificado,206092796,123,47,31
Vitacura,2022-2,licitacion,Pequeña,2068045377,305,160,55
Vitacura,2022-2,trato_directo,Grande,2304502438,40,35,26
Vitacura,2022-2,trato_directo,Mediana,62443885,11,10,8
Vitacura,2022-2,trato_directo,Micro,42263058,11,10,8
Vitacura,2022-2,trato_directo,NoClasificado,19920000,7,6,6
Vitacura,2022-2,trato_directo,Pequeña,363251800,14,14,10
Vitacura,2023-1,compra_agil,Grande,24918724,94,40,27
Vitacura,2023-1,compra_agil,Mediana,16753406,128,21,21
Vitacura,2023-1,compra_agil,Micro,73648461,343,113,81
Vitacura,2023-1,compra_agil,NoClasificado,83472383,796,107,73
Vitacura,2023-1,compra_agil,Pequeña,69359788,366,86,73
Vitacura,2023-1,convenio_marco,Grande,702180565,30,14,9
Vitacura,2023-1,convenio_marco,Mediana,4397110,2,2,1
Vitacura,2023-1,convenio_marco,Micro,7989320,2,2,1
Vitacura,2023-1,licitacion,Grande,10321631448,579,451,84
Vitacura,2023-1,licitacion,Mediana,1680307700,464,138,29
Vitacura,2023-1,licitacion,Micro,497631623,108,51,43
Vitacura,2023-1,licitacion,NoClasificado,113295786,75,32,26
Vitacura,2023-1,licitacion,Pequeña,2735548753,399,273,58
Vitacura,2023-1,trato_directo,Grande,79137917,19,18,15
Vitacura,2023-1,trato_directo,Mediana,12735319,3,3,3
Vitacura,2023-1,trato_directo,Micro,36131689,7,7,5
Vitacura,2023-1,trato_directo,NoClasificado,18115071,6,6,6
Vitacura,2023-1,trato_directo,Pequeña,131917076,14,14,11
Vitacura,2023-2,compra_agil,Grande,37362002,287,40,33
Vitacura,2023-2,compra_agil,Mediana,32508238,159,53,42
Vitacura,2023-2,compra_agil,Micro,52581201,273,97,79
Vitacura,2023-2,compra_agil,NoClasificado,26305333,211,31,27
Vitacura,2023-2,compra_agil,Pequeña,98914593,710,145,108
Vitacura,2023-2,convenio_marco,Grande,464266569,34,11,6
Vitacura,2023-2,convenio_marco,Mediana,16771440,11,4,2
Vitacura,2023-2,licitacion,Grande,22496964560,859,436,71
Vitacura,2023-2,licitacion,Mediana,1084578930,203,161,38
Vitacura,2023-2,licitacion,Micro,225864217,93,45,26
Vitacura,2023-2,licitacion,NoClasificado,39489609,62,13,11
Vitacura,2023-2,licitacion,Pequeña,2288451263,531,369,84
Vitacura,2023-2,trato_directo,Grande,506329195,35,29,22
Vitacura,2023-2,trato_directo,Mediana,58178087,8,8,7
Vitacura,2023-2,trato_directo,Micro,12150168,5,5,5
Vitacura,2023-2,trato_directo,NoClasificado,32250000,2,2,2
Vitacura,2023-2,trato_directo,Pequeña,218115498,25,22,16
Vitacura,2024-1,compra_agil,Grande,21411198,103,30,24
Vitacura,2024-1,compra_agil,Mediana,30915917,156,38,25
Vitacura,2024-1,compra_agil,Micro,53057314,256,53,47
Vitacura,2024-1,compra_agil,NoClasificado,21045491,97,28,26
Vitacura,2024-1,compra_agil,Pequeña,95504199,717,135,105
Vitacura,2024-1,convenio_marco,Grande,893769223,52,22,12
Vitacura,2024-1,convenio_marco,Mediana,13921855,3,2,2
Vitacura,2024-1,convenio_marco,Micro,559904,1,1,1
Vitacura,2024-1,convenio_marco,Pequeña,30055462,2,2,2
Vitacura,2024-1,licitacion,Grande,9173050808,760,448,87
Vitacura,2024-1,licitacion,Mediana,2807361762,265,169,40
Vitacura,2024-1,licitacion,Micro,127209328,121,57,31
Vitacura,2024-1,licitacion,NoClasificado,209455739,28,19,14
Vitacura,2024-1,licitacion,Pequeña,2378380258,402,239,80
Vitacura,2024-1,trato_directo,Grande,379154955,35,32,24
Vitacura,2024-1,trato_directo,Mediana,42910695,6,6,5
Vitacura,2024-1,trato_directo,Micro,8814751,5,4,3
Vitacura,2024-1,trato_directo,NoClasificado,28120936,2,2,2
Vitacura,2024-1,trato_directo,Pequeña,101683332,18,15,12
Vitacura,2024-2,compra_agil,1.0,44128399,202,55,42
Vitacura,2024-2,compra_agil,2.0,24655928,166,46,35
Vitacura,2024-2,compra_agil,3.0,63101666,326,105,83
Vitacura,2024-2,compra_agil,4.0,84874490,573,150,109
Vitacura,2024-2,compra_agil,Micro,250000,1,1,1
Vitacura,2024-2,compra_agil,NoClasificado,61179835,404,58,46
Vitacura,2024-2,convenio_marco,1.0,552424743,22,15,8
Vitacura,2024-2,convenio_marco,2.0,11915980,7,4,2
Vitacura,2024-2,convenio_marco,4.0,2069000,1,1,1
Vitacura,2024-2,convenio_marco,NoClasificado,1796400,2,2,1
Vitacura,2024-2,licitacion,1.0,4652883004,383,214,80
Vitacura,2024-2,licitacion,2.0,3012233444,250,182,39
Vitacura,2024-2,licitacion,3.0,112954448,82,53,30
Vitacura,2024-2,licitacion,4.0,3470416646,537,305,86
Vitacura,2024-2,licitacion,NoClasificado,188402038,37,29,27
Vitacura,2024-2,trato_directo,1.0,3029211563,20,20,17
Vitacura,2024-2,trato_directo,2.0,105910285,9,9,7
Vitacura,2024-2,trato_directo,4.0,46114235,9,7,7
Vitacura,2024-2,trato_directo,Grande,1143097346,1,1,1
Vitacura,2024-2,trato_directo,NoClasificado,10093287,2,2,2
Vitacura,2025-1,compra_agil,Grande,10967660,9,6,4
Vitacura,2025-1,compra_agil,Mediana,79457216,203,61,47
Vitacura,2025-1,compra_agil,Micro,82914291,306,61,54
Vitacura,2025-1,compra_agil,NoClasificado,87332192,225,61,53
Vitacura,2025-1,compra_agil,Pequeña,196479768,679,159,128
Vitacura,2025-1,convenio_marco,Grande,886012734,31,17,11
Vitacura,2025-1,convenio_marco,Mediana,8553390,4,3,3
Vitacura,2025-1,convenio_marco,Pequeña,27288178,1,1,1
Vitacura,2025-1,licitacion,Grande,32609649024,357,270,63
Vitacura,2025-1,licitacion,Mediana,2060877599,203,157,32
Vitacura,2025-1,licitacion,Micro,191850702,87,48,28
Vitacura,2025-1,licitacion,NoClasificado,1676529828,35,25,18
Vitacura,2025-1,licitacion,Pequeña,3613183957,315,178,61
Vitacura,2025-1,trato_directo,Grande,90879976,10,10,7
Vitacura,2025-1,trato_directo,Mediana,82644457,9,6,6
Vitacura,2025-1,trato_directo,Micro,5669435,2,2,2
Vitacura,2025-1,trato_directo,Pequeña,37147146,16,7,7
Vitacura,2025-2,compra_agil,Grande,27705430,21,16,11
Vitacura,2025-2,compra_agil,Mediana,135696951,270,63,49
Vitacura,2025-2,compra_agil,Micro,144163940,214,75,68
Vitacura,2025-2,compra_agil,NoClasificado,174426661,304,90,77
Vitacura,2025-2,compra_agil,Pequeña,225882664,638,155,118
Vitacura,2025-2,convenio_marco,Grande,565551561,12,7,5
Vitacura,2025-2,convenio_marco,Mediana,23360937,5,3,3
Vitacura,2025-2,convenio_marco,Micro,16645034,35,4,2
Vitacura,2025-2,licitacion,Grande,3123226019,468,259,53
Vitacura,2025-2,licitacion,Mediana,1013659561,245,204,29
Vitacura,2025-2,licitacion,Micro,389399667,64,38,16
Vitacura,2025-2,licitacion,NoClasificado,183852894,47,37,24
Vitacura,2025-2,licitacion,Pequeña,1961726251,345,217,41
Vitacura,2025-2,trato_directo,Grande,45211150,23,21,13
Vitacura,2025-2,trato_directo,Mediana,181875147,21,16,7
Vitacura,2025-2,trato_directo,Micro,4536214,10,8,4
Vitacura,2025-2,trato_directo,NoClasificado,64502061,4,4,4
Vitacura,2025-2,trato_directo,Pequeña,17143915,12,9,9
Ñuñoa,2015-1,convenio_marco,Grande,184714455,5031,303,22
Ñuñoa,2015-1,convenio_marco,Mediana,17957521,139,50,14
Ñuñoa,2015-1,convenio_marco,Micro,5536437,25,19,11
Ñuñoa,2015-1,convenio_marco,Pequeña,60755870,80,28,11
Ñuñoa,2015-1,licitacion,Grande,53385617,39,15,7
Ñuñoa,2015-1,licitacion,Mediana,10822094,30,6,3
Ñuñoa,2015-1,licitacion,Micro,86599531,56,12,11
Ñuñoa,2015-1,licitacion,NoClasificado,11698070,9,2,1
Ñuñoa,2015-1,licitacion,Pequeña,139924349,119,24,21
Ñuñoa,2015-1,trato_directo,Grande,11226389,16,16,11
Ñuñoa,2015-1,trato_directo,Mediana,12463630,5,5,5
Ñuñoa,2015-1,trato_directo,Micro,7543500,11,11,8
Ñuñoa,2015-1,trato_directo,Pequeña,20556288,23,23,18
Ñuñoa,2015-2,convenio_marco,Grande,55393086,3188,236,16
Ñuñoa,2015-2,convenio_marco,Mediana,19379360,55,46,17
Ñuñoa,2015-2,convenio_marco,Micro,26511689,38,29,22
Ñuñoa,2015-2,convenio_marco,Pequeña,73723912,58,36,20
Ñuñoa,2015-2,licitacion,Grande,686699569,16,12,4
Ñuñoa,2015-2,licitacion,Mediana,3492858,46,7,4
Ñuñoa,2015-2,licitacion,Micro,424876684,32,12,6
Ñuñoa,2015-2,licitacion,NoClasificado,17779552,1,1,1
Ñuñoa,2015-2,licitacion,Pequeña,126085480,16,14,10
Ñuñoa,2015-2,trato_directo,Grande,17330925,15,12,8
Ñuñoa,2015-2,trato_directo,Mediana,10465000,5,5,3
Ñuñoa,2015-2,trato_directo,Micro,8114535,11,11,6
Ñuñoa,2015-2,trato_directo,Pequeña,2597500,5,5,3
Ñuñoa,2016-1,convenio_marco,Grande,220568514,5033,349,22
Ñuñoa,2016-1,convenio_marco,Mediana,23771549,109,78,16
Ñuñoa,2016-1,convenio_marco,Micro,21926693,33,23,15
Ñuñoa,2016-1,convenio_marco,Pequeña,70836572,55,38,26
Ñuñoa,2016-1,licitacion,Grande,56851861,46,21,5
Ñuñoa,2016-1,licitacion,Mediana,6759211,37,7,5
Ñuñoa,2016-1,licitacion,Micro,11643220,38,7,6
Ñuñoa,2016-1,licitacion,Pequeña,61511230,26,11,10
Ñuñoa,2016-1,trato_directo,Grande,22923662,14,13,8
Ñuñoa,2016-1,trato_directo,Mediana,962000,2,2,2
Ñuñoa,2016-1,trato_directo,Micro,9250157,15,15,11
Ñuñoa,2016-1,trato_directo,Pequeña,31526322,9,7,7
Ñuñoa,2016-2,convenio_marco,Grande,198988944,5253,296,21
Ñuñoa,2016-2,convenio_marco,Mediana,49219177,158,89,16
Ñuñoa,2016-2,convenio_marco,Micro,57223842,78,64,34
Ñuñoa,2016-2,convenio_marco,NoClasificado,420000,3,1,1
Ñuñoa,2016-2,convenio_marco,Pequeña,53992177,86,52,29
Ñuñoa,2016-2,licitacion,Grande,28602659,62,24,4
Ñuñoa,2016-2,licitacion,Mediana,25437295,52,11,8
Ñuñoa,2016-2,licitacion,Micro,191078594,37,14,8
Ñuñoa,2016-2,licitacion,Pequeña,111411240,23,13,10
Ñuñoa,2016-2,trato_directo,Grande,13704406,11,10,5
Ñuñoa,2016-2,trato_directo,Mediana,143156806,3,3,3
Ñuñoa,2016-2,trato_directo,Micro,22194613,10,9,6
Ñuñoa,2016-2,trato_directo,Pequeña,17622682,5,5,2
Ñuñoa,2017-1,convenio_marco,Grande,249874277,5817,389,23
Ñuñoa,2017-1,convenio_marco,Mediana,73305982,146,97,18
Ñuñoa,2017-1,convenio_marco,Micro,47633731,77,66,30
Ñuñoa,2017-1,convenio_marco,Pequeña,41689784,138,54,26
Ñuñoa,2017-1,licitacion,Grande,3637541,31,4,4
Ñuñoa,2017-1,licitacion,Mediana,163886696,15,5,3
Ñuñoa,2017-1,licitacion,Micro,48999337,30,9,8
Ñuñoa,2017-1,licitacion,Pequeña,315383784,20,12,11
Ñuñoa,2017-1,trato_directo,Grande,24631236,14,12,6
Ñuñoa,2017-1,trato_directo,Mediana,31712646,5,5,4
Ñuñoa,2017-1,trato_directo,Micro,52951138,10,10,9
Ñuñoa,2017-1,trato_directo,NoClasificado,25000,1,1,1
Ñuñoa,2017-1,trato_directo,Pequeña,8304046,8,8,7
Ñuñoa,2017-2,convenio_marco,Grande,94155091,5947,347,19
Ñuñoa,2017-2,convenio_marco,Mediana,17534490,62,51,11
Ñuñoa,2017-2,convenio_marco,Micro,121831718,103,78,38
Ñuñoa,2017-2,convenio_marco,Pequeña,71455924,96,62,32
Ñuñoa,2017-2,licitacion,Grande,17500000,1,1,1
Ñuñoa,2017-2,licitacion,Mediana,17198667,29,4,3
Ñuñoa,2017-2,licitacion,Micro,382307828,59,29,15
Ñuñoa,2017-2,licitacion,Pequeña,5293718,20,5,5
Ñuñoa,2017-2,trato_directo,Grande,12320011,8,8,4
Ñuñoa,2017-2,trato_directo,Mediana,2210930,2,2,2
Ñuñoa,2017-2,trato_directo,Micro,8104043,7,7,7
Ñuñoa,2017-2,trato_directo,Pequeña,63203328,11,10,7
Ñuñoa,2018-1,convenio_marco,Grande,143244532,5755,527,24
Ñuñoa,2018-1,convenio_marco,Mediana,70548377,68,48,14
Ñuñoa,2018-1,convenio_marco,Micro,98190362,113,70,30
Ñuñoa,2018-1,convenio_marco,Pequeña,29678577,91,53,21
Ñuñoa,2018-1,licitacion,Grande,1046596721,17,10,4
Ñuñoa,2018-1,licitacion,Mediana,1,1,1,1
Ñuñoa,2018-1,licitacion,Micro,78754056,28,17,6
Ñuñoa,2018-1,licitacion,Pequeña,50491613,10,7,4
Ñuñoa,2018-1,trato_directo,Grande,6465773,6,6,3
Ñuñoa,2018-1,trato_directo,Mediana,6374025,7,7,4
Ñuñoa,2018-1,trato_directo,Micro,720000,2,2,2
Ñuñoa,2018-1,trato_directo,Pequeña,13311149,8,7,7
Ñuñoa,2018-2,convenio_marco,Grande,128136616,5581,483,24
Ñuñoa,2018-2,convenio_marco,Mediana,12666743,76,46,15
Ñuñoa,2018-2,convenio_marco,Micro,177911946,126,96,43
Ñuñoa,2018-2,convenio_marco,Pequeña,36196795,91,60,26
Ñuñoa,2018-2,licitacion,Grande,9359080,24,6,3
Ñuñoa,2018-2,licitacion,Mediana,21890,2,1,1
Ñuñoa,2018-2,licitacion,Micro,193686920,112,59,10
Ñuñoa,2018-2,licitacion,Pequeña,23444855,7,2,2
Ñuñoa,2018-2,trato_directo,Grande,34246986,96,14,6
Ñuñoa,2018-2,trato_directo,Mediana,77598299,8,8,3
Ñuñoa,2018-2,trato_directo,Micro,980000,3,3,2
Ñuñoa,2018-2,trato_directo,Pequeña,671000,2,2,2
Ñuñoa,2019-1,convenio_marco,Grande,438503176,5853,491,23
Ñuñoa,2019-1,convenio_marco,Mediana,22288506,115,51,15
Ñuñoa,2019-1,convenio_marco,Micro,79215633,123,69,35
Ñuñoa,2019-1,convenio_marco,Pequeña,134170614,75,59,30
Ñuñoa,2019-1,licitacion,Grande,61957152,16,6,3
Ñuñoa,2019-1,licitacion,Mediana,4994000,5,5,1
Ñuñoa,2019-1,licitacion,Micro,265156020,116,68,13
Ñuñoa,2019-1,licitacion,Pequeña,107693350,13,10,8
Ñuñoa,2019-1,trato_directo,Grande,3937087,105,9,3
Ñuñoa,2019-1,trato_directo,Mediana,2174514,7,7,1
Ñuñoa,2019-1,trato_directo,Micro,1230323,4,4,4
Ñuñoa,2019-2,convenio_marco,Grande,239337340,5438,434,17
Ñuñoa,2019-2,convenio_marco,Mediana,12484556,73,40,15
Ñuñoa,2019-2,convenio_marco,Micro,151467603,172,118,58
Ñuñoa,2019-2,convenio_marco,Pequeña,71184031,98,72,38
Ñuñoa,2019-2,licitacion,Grande,68856474,17,6,3
Ñuñoa,2019-2,licitacion,Mediana,7216855,10,8,3
Ñuñoa,2019-2,licitacion,Micro,219382630,132,105,10
Ñuñoa,2019-2,licitacion,Pequeña,125962371,9,9,4
Ñuñoa,2019-2,trato_directo,Grande,5209200,349,39,3
Ñuñoa,2019-2,trato_directo,Mediana,1756473,7,7,2
Ñuñoa,2019-2,trato_directo,Micro,4305997,10,10,6
Ñuñoa,2019-2,trato_directo,Pequeña,16973159,1,1,1
Ñuñoa,2020-1,compra_agil,Grande,1967342,6,6,2
Ñuñoa,2020-1,compra_agil,Mediana,1375095,5,5,2
Ñuñoa,2020-1,compra_agil,Micro,2202603,11,11,9
Ñuñoa,2020-1,compra_agil,NoClasificado,2294300,3,3,3
Ñuñoa,2020-1,compra_agil,Pequeña,2428696,7,7,5
Ñuñoa,2020-1,convenio_marco,Grande,267303791,2032,211,19
Ñuñoa,2020-1,convenio_marco,Mediana,34563179,105,26,11
Ñuñoa,2020-1,convenio_marco,Micro,304221427,137,85,40
Ñuñoa,2020-1,convenio_marco,Pequeña,52608662,53,41,26
Ñuñoa,2020-1,licitacion,Grande,14542096,6,6,3
Ñuñoa,2020-1,licitacion,Mediana,80084290,2,2,2
Ñuñoa,2020-1,licitacion,Micro,171993123,60,40,6
Ñuñoa,2020-1,licitacion,Pequeña,99567032,14,10,5
Ñuñoa,2020-1,trato_directo,Grande,17230839,511,66,6
Ñuñoa,2020-1,trato_directo,Mediana,4011967,5,5,4
Ñuñoa,2020-1,trato_directo,Micro,193560025,18,18,14
Ñuñoa,2020-1,trato_directo,Pequeña,24440383,7,7,6
Ñuñoa,2020-2,compra_agil,Grande,253110,1,1,1
Ñuñoa,2020-2,compra_agil,Mediana,2323033,9,9,5
Ñuñoa,2020-2,compra_agil,Micro,11055372,33,33,22
Ñuñoa,2020-2,compra_agil,NoClasificado,4930580,8,8,5
Ñuñoa,2020-2,compra_agil,Pequeña,7020878,14,14,10
Ñuñoa,2020-2,convenio_marco,Grande,242507563,2092,191,16
Ñuñoa,2020-2,convenio_marco,Mediana,62781806,11,11,7
Ñuñoa,2020-2,convenio_marco,Micro,534943787,120,58,28
Ñuñoa,2020-2,convenio_marco,NoClasificado,19871800,2,1,1
Ñuñoa,2020-2,convenio_marco,Pequeña,157009560,37,28,18
Ñuñoa,2020-2,licitacion,Grande,36148459,5,5,4
Ñuñoa,2020-2,licitacion,Mediana,9005002,6,5,2
Ñuñoa,2020-2,licitacion,Micro,400563433,73,38,5
Ñuñoa,2020-2,licitacion,NoClasificado,1617500,2,2,1
Ñuñoa,2020-2,licitacion,Pequeña,388593284,129,122,5
Ñuñoa,2020-2,trato_directo,Grande,32029500,4,4,2
Ñuñoa,2020-2,trato_directo,Mediana,16874752,2,2,2
Ñuñoa,2020-2,trato_directo,Micro,112783099,10,10,9
Ñuñoa,2020-2,trato_directo,Pequeña,34445155,3,3,3
Ñuñoa,2021-1,compra_agil,Grande,18411804,104,104,18
Ñuñoa,2021-1,compra_agil,Mediana,9415988,33,33,14
Ñuñoa,2021-1,compra_agil,Micro,32634989,70,70,43
Ñuñoa,2021-1,compra_agil,NoClasificado,197691,1,1,1
Ñuñoa,2021-1,compra_agil,Pequeña,9499151,24,24,20
Ñuñoa,2021-1,convenio_marco,Grande,311899757,366,51,17
Ñuñoa,2021-1,convenio_marco,Mediana,1833447,4,4,3
Ñuñoa,2021-1,convenio_marco,Micro,129856338,25,11,9
Ñuñoa,2021-1,convenio_marco,Pequeña,134338996,17,8,6
Ñuñoa,2021-1,licitacion,Grande,7815692,2,2,2
Ñuñoa,2021-1,licitacion,Mediana,225187344,30,27,8
Ñuñoa,2021-1,licitacion,Micro,213514274,66,26,11
Ñuñoa,2021-1,licitacion,Pequeña,128846869,46,42,9
Ñuñoa,2021-1,trato_directo,Grande,3321049,4,4,3
Ñuñoa,2021-1,trato_directo,Mediana,6521270,2,2,2
Ñuñoa,2021-1,trato_directo,Micro,111490615,2,2,2
Ñuñoa,2021-1,trato_directo,Pequeña,24000009,1,1,1
Ñuñoa,2021-2,compra_agil,Grande,18293956,48,48,16
Ñuñoa,2021-2,compra_agil,Mediana,5211503,23,23,19
Ñuñoa,2021-2,compra_agil,Micro,47301204,100,100,72
Ñuñoa,2021-2,compra_agil,NoClasificado,5881995,14,14,14
Ñuñoa,2021-2,compra_agil,Pequeña,27511105,52,52,35
Ñuñoa,2021-2,convenio_marco,Grande,96609608,29,12,4
Ñuñoa,2021-2,convenio_marco,Mediana,6857922,1,1,1
Ñuñoa,2021-2,convenio_marco,Micro,73649271,10,7,5
Ñuñoa,2021-2,convenio_marco,Pequeña,8271948,14,7,2
Ñuñoa,2021-2,licitacion,Grande,181442508,86,86,3
Ñuñoa,2021-2,licitacion,Mediana,143570249,62,56,7
Ñuñoa,2021-2,licitacion,Micro,460619106,76,35,15
Ñuñoa,2021-2,licitacion,NoClasificado,26713810,10,5,2
Ñuñoa,2021-2,licitacion,Pequeña,153170651,28,26,9
Ñuñoa,2021-2,trato_directo,Grande,3319126,4,3,2
Ñuñoa,2021-2,trato_directo,Mediana,50319,1,1,1
Ñuñoa,2021-2,trato_directo,Pequeña,1342288,5,4,2
Ñuñoa,2022-1,compra_agil,Grande,26577136,101,101,21
Ñuñoa,2022-1,compra_agil,Mediana,16848200,45,45,18
Ñuñoa,2022-1,compra_agil,Micro,46134279,119,119,73
Ñuñoa,2022-1,compra_agil,NoClasificado,12099183,34,34,23
Ñuñoa,2022-1,compra_agil,Pequeña,17414420,40,40,30
Ñuñoa,2022-1,convenio_marco,Grande,346382432,35,16,4
Ñuñoa,2022-1,convenio_marco,Pequeña,4212070,1,1,1
Ñuñoa,2022-1,licitacion,Grande,581113321,55,55,8
Ñuñoa,2022-1,licitacion,Mediana,725891037,80,77,10
Ñuñoa,2022-1,licitacion,Micro,264234040,56,36,12
Ñuñoa,2022-1,licitacion,Pequeña,220800859,52,40,11
Ñuñoa,2022-1,trato_directo,Grande,2815000,1,1,1
Ñuñoa,2022-1,trato_directo,Mediana,250000,1,1,1
Ñuñoa,2022-1,trato_directo,Micro,750000,1,1,1
Ñuñoa,2022-1,trato_directo,Pequeña,38145483,4,4,4
Ñuñoa,2022-2,convenio_marco,Grande,155085517,30,13,4
Ñuñoa,2022-2,convenio_marco,Micro,28350000,1,1,1
Ñuñoa,2022-2,licitacion,Grande,779536565,47,47,6
Ñuñoa,2022-2,licitacion,Mediana,851463656,50,50,14
Ñuñoa,2022-2,licitacion,Micro,253206016,51,51,12
Ñuñoa,2022-2,licitacion,NoClasificado,44042002,4,4,3
Ñuñoa,2022-2,licitacion,Pequeña,231638946,76,36,12
Ñuñoa,2022-2,trato_directo,Grande,10511652,5,3,2
Ñuñoa,2022-2,trato_directo,Mediana,10956139,1,1,1
Ñuñoa,2022-2,trato_directo,Micro,1160000,3,3,2
Ñuñoa,2022-2,trato_directo,Pequeña,18800000,2,2,2
Ñuñoa,2023-1,compra_agil,Grande,32242927,128,119,22
Ñuñoa,2023-1,compra_agil,Mediana,21601049,60,56,25
Ñuñoa,2023-1,compra_agil,Micro,16655080,46,46,37
Ñuñoa,2023-1,compra_agil,NoClasificado,23343428,47,47,30
Ñuñoa,2023-1,compra_agil,Pequeña,21292383,43,42,32
Ñuñoa,2023-1,convenio_marco,Grande,365803627,19,10,5
Ñuñoa,2023-1,convenio_marco,Mediana,6362265,1,1,1
Ñuñoa,2023-1,convenio_marco,Pequeña,7868305,2,2,2
Ñuñoa,2023-1,licitacion,Grande,626899389,27,27,9
Ñuñoa,2023-1,licitacion,Mediana,1785266033,38,37,9
Ñuñoa,2023-1,licitacion,Micro,357729016,25,25,7
Ñuñoa,2023-1,licitacion,NoClasificado,107306167,4,4,3
Ñuñoa,2023-1,licitacion,Pequeña,558882993,78,44,15
Ñuñoa,2023-1,trato_directo,Grande,3210000,1,1,1
Ñuñoa,2023-1,trato_directo,Mediana,300000,1,1,1
Ñuñoa,2023-1,trato_directo,Micro,950000,2,2,1
Ñuñoa,2023-1,trato_directo,Pequeña,19872504,2,2,2
Ñuñoa,2023-2,compra_agil,Grande,31007634,129,120,18
Ñuñoa,2023-2,compra_agil,Mediana,22233776,56,56,28
Ñuñoa,2023-2,compra_agil,Micro,27633034,54,54,49
Ñuñoa,2023-2,compra_agil,NoClasificado,3859816,11,11,9
Ñuñoa,2023-2,compra_agil,Pequeña,47825189,88,88,62
Ñuñoa,2023-2,convenio_marco,Grande,66065995,14,6,3
Ñuñoa,2023-2,licitacion,Grande,26936248021,40,33,10
Ñuñoa,2023-2,licitacion,Mediana,1029664844,44,43,13
Ñuñoa,2023-2,licitacion,Micro,204594736,5,5,5
Ñuñoa,2023-2,licitacion,Pequeña,221342800,77,41,11
Ñuñoa,2023-2,trato_directo,Grande,11783568,11,9,4
Ñuñoa,2023-2,trato_directo,Mediana,16421399,4,1,1
Ñuñoa,2024-1,compra_agil,Grande,33282736,143,126,31
Ñuñoa,2024-1,compra_agil,Mediana,14032366,49,49,22
Ñuñoa,2024-1,compra_agil,Micro,28781561,81,81,56
Ñuñoa,2024-1,compra_agil,NoClasificado,27987453,58,58,32
Ñuñoa,2024-1,compra_agil,Pequeña,53513615,130,130,85
Ñuñoa,2024-1,convenio_marco,Grande,328582539,14,10,5
Ñuñoa,2024-1,licitacion,Grande,1569339846,45,44,9
Ñuñoa,2024-1,licitacion,Mediana,1198618435,52,47,12
Ñuñoa,2024-1,licitacion,Micro,77177493,8,6,3
Ñuñoa,2024-1,licitacion,Pequeña,757940525,74,38,14
Ñuñoa,2024-1,trato_directo,Grande,3635238,2,1,1
Ñuñoa,2024-1,trato_directo,Mediana,9530227,8,6,5
Ñuñoa,2024-1,trato_directo,NoClasificado,1194000,1,1,1
Ñuñoa,2024-1,trato_directo,Pequeña,36443760,5,5,4
Ñuñoa,2024-2,compra_agil,1.0,32313964,106,84,24
Ñuñoa,2024-2,compra_agil,2.0,20636004,50,50,30
Ñuñoa,2024-2,compra_agil,3.0,28710238,68,68,54
Ñuñoa,2024-2,compra_agil,4.0,54254572,114,112,69
Ñuñoa,2024-2,compra_agil,Micro,520000,1,1,1
Ñuñoa,2024-2,compra_agil,NoClasificado,35688728,112,112,41
Ñuñoa,2024-2,convenio_marco,1.0,121002371,11,6,3
Ñuñoa,2024-2,licitacion,1.0,548572594,50,38,10
Ñuñoa,2024-2,licitacion,2.0,300675431,50,50,11
Ñuñoa,2024-2,licitacion,3.0,415225339,12,9,8
Ñuñoa,2024-2,licitacion,4.0,765186346,29,21,10
Ñuñoa,2024-2,licitacion,NoClasificado,159713969,5,5,5
Ñuñoa,2024-2,trato_directo,1.0,3506075,3,3,2
Ñuñoa,2024-2,trato_directo,2.0,123505836,2,2,1
Ñuñoa,2024-2,trato_directo,4.0,11300000,2,2,1
Ñuñoa,2025-1,compra_agil,Grande,6633726,5,5,4
Ñuñoa,2025-1,compra_agil,Mediana,32868245,61,61,40
Ñuñoa,2025-1,compra_agil,Micro,34488872,64,58,36
Ñuñoa,2025-1,compra_agil,NoClasificado,51767397,51,51,36
Ñuñoa,2025-1,compra_agil,Pequeña,110199149,218,217,75
Ñuñoa,2025-1,convenio_marco,Grande,343029851,35,14,4
Ñuñoa,2025-1,licitacion,Grande,631975175,60,47,15
Ñuñoa,2025-1,licitacion,Mediana,415729911,34,33,12
Ñuñoa,2025-1,licitacion,Micro,220777468,13,11,10
Ñuñoa,2025-1,licitacion,NoClasificado,52337917,3,3,3
Ñuñoa,2025-1,licitacion,Pequeña,884228378,28,28,17
Ñuñoa,2025-1,trato_directo,Grande,7272466,5,4,3
Ñuñoa,2025-1,trato_directo,Mediana,42353490,4,4,4
Ñuñoa,2025-1,trato_directo,Micro,27300000,1,1,1
Ñuñoa,2025-1,trato_directo,NoClasificado,3726781,1,1,1
Ñuñoa,2025-1,trato_directo,Pequeña,21194018,5,5,4
Ñuñoa,2025-2,compra_agil,Grande,11201759,10,10,9
Ñuñoa,2025-2,compra_agil,Mediana,39845184,52,51,31
Ñuñoa,2025-2,compra_agil,Micro,105698440,68,67,43
Ñuñoa,2025-2,compra_agil,NoClasificado,100155147,80,75,63
Ñuñoa,2025-2,compra_agil,Pequeña,118026940,206,205,68
Ñuñoa,2025-2,convenio_marco,Grande,298396049,58,20,5
Ñuñoa,2025-2,convenio_marco,Micro,7002098,1,1,1
Ñuñoa,2025-2,licitacion,Grande,1548070201,115,70,15
Ñuñoa,2025-2,licitacion,Mediana,456743647,20,20,7
Ñuñoa,2025-2,licitacion,Micro,205405856,10,9,6
Ñuñoa,2025-2,licitacion,NoClasificado,648708989,6,6,5
Ñuñoa,2025-2,licitacion,Pequeña,740728096,19,19,11
Ñuñoa,2025-2,trato_directo,Grande,3180918415,14,9,4
Ñuñoa,2025-2,trato_directo,Mediana,4940000,1,1,1
Ñuñoa,2025-2,trato_directo,NoClasificado,62771870,1,1,1
Ñuñoa,2025-2,trato_directo,Pequeña,6151810,5,5,4
